ISO-10303-21;
HEADER;
/****************************************************************
 * Generated by software with PDE/Lib inside                    *
 * PDElib Version v51a, created Thu 01/14/2010                  *
 * ITI Transcendata (http://www.transcendata.com/)              *
 ****************************************************************/
FILE_DESCRIPTION((''),'2;1');
FILE_NAME('C:\\Users\\de2afr0\\Desktop\\New folder\\MS40+ B 80x80.stp','2014-02-28T13:11:39',('de2afr0'),(''),'Autodesk Inventor 2011','Autodesk Inventor 2011','');
FILE_SCHEMA(('AUTOMOTIVE_DESIGN { 1 0 10303 214 1 1 1 1 }'));
ENDSEC;
DATA;
#5=APPLICATION_CONTEXT('automotive design');
#6=APPLICATION_PROTOCOL_DEFINITION('International Standard','automotive_design',2001,#5);
#7=PRODUCT_CONTEXT('',#5,'mechanical');
#8=PRODUCT('MB01159701','MB01159701',$,(#7));
#9=PRODUCT_RELATED_PRODUCT_CATEGORY('part',$,(#8));
#10=PRODUCT_DEFINITION_FORMATION('',$,#8);
#11=PRODUCT_DEFINITION_CONTEXT('part definition',#5,'design');
#12=PRODUCT_DEFINITION('',$,#10,#11);
#18=(NAMED_UNIT(*)PLANE_ANGLE_UNIT()SI_UNIT($,.RADIAN.));
#19=DIMENSIONAL_EXPONENTS(0.0,0.0,0.0,0.0,0.0,0.0,0.0);
#20=PLANE_ANGLE_MEASURE_WITH_UNIT(PLANE_ANGLE_MEASURE(0.017453292500000),#18);
#24=(CONVERSION_BASED_UNIT('DEGREE',#20)NAMED_UNIT(#19)PLANE_ANGLE_UNIT());
#28=(NAMED_UNIT(*)SI_UNIT($,.STERADIAN.)SOLID_ANGLE_UNIT());
#32=(LENGTH_UNIT()NAMED_UNIT(*)SI_UNIT(.MILLI.,.METRE.));
#34=UNCERTAINTY_MEASURE_WITH_UNIT(LENGTH_MEASURE(0.010000000000000),#32,'DISTANCE_ACCURACY_VALUE','');
#36=(GEOMETRIC_REPRESENTATION_CONTEXT(3)GLOBAL_UNCERTAINTY_ASSIGNED_CONTEXT((#34))GLOBAL_UNIT_ASSIGNED_CONTEXT((#24,#28,#32))REPRESENTATION_CONTEXT('None','None'));
#37=AXIS2_PLACEMENT_3D('',#38,#39,#40);
#38=CARTESIAN_POINT('',(0.0,0.0,0.0));
#39=DIRECTION('',(0.0,0.0,1.0));
#40=DIRECTION('',(1.0,0.0,0.0));
#41=SHAPE_REPRESENTATION('',(#37),#36);
#42=PRODUCT_DEFINITION_SHAPE('','',#12);
#43=SHAPE_DEFINITION_REPRESENTATION(#42,#41);
#49=(NAMED_UNIT(*)PLANE_ANGLE_UNIT()SI_UNIT($,.RADIAN.));
#50=DIMENSIONAL_EXPONENTS(0.0,0.0,0.0,0.0,0.0,0.0,0.0);
#51=PLANE_ANGLE_MEASURE_WITH_UNIT(PLANE_ANGLE_MEASURE(0.017453292500000),#49);
#55=(CONVERSION_BASED_UNIT('DEGREE',#51)NAMED_UNIT(#50)PLANE_ANGLE_UNIT());
#59=(NAMED_UNIT(*)SI_UNIT($,.STERADIAN.)SOLID_ANGLE_UNIT());
#63=(LENGTH_UNIT()NAMED_UNIT(*)SI_UNIT(.MILLI.,.METRE.));
#65=UNCERTAINTY_MEASURE_WITH_UNIT(LENGTH_MEASURE(0.000001000000000),#63,'DISTANCE_ACCURACY_VALUE','');
#67=(GEOMETRIC_REPRESENTATION_CONTEXT(3)GLOBAL_UNCERTAINTY_ASSIGNED_CONTEXT((#65))GLOBAL_UNIT_ASSIGNED_CONTEXT((#55,#59,#63))REPRESENTATION_CONTEXT('','3D'));
#68=CARTESIAN_POINT('',(58.999999999999979,-18.999999999999993,0.0));
#69=DIRECTION('',(0.0,0.0,1.0));
#70=DIRECTION('',(0.707106781186546,-0.707106781186549,0.0));
#71=AXIS2_PLACEMENT_3D('',#68,#69,#70);
#72=CYLINDRICAL_SURFACE('',#71,1.000000000000000);
#73=CARTESIAN_POINT('',(59.999999999999972,-18.999999999999993,100.0));
#74=VERTEX_POINT('',#73);
#75=CARTESIAN_POINT('',(58.999999999999979,-19.999999999999993,100.0));
#76=VERTEX_POINT('',#75);
#77=CARTESIAN_POINT('',(58.999999999999979,-18.999999999999993,100.0));
#78=DIRECTION('',(0.0,0.0,-1.0));
#79=DIRECTION('',(0.707106781186546,-0.707106781186549,0.0));
#80=AXIS2_PLACEMENT_3D('',#77,#78,#79);
#81=CIRCLE('',#80,1.000000000000000);
#82=EDGE_CURVE('',#74,#76,#81,.T.);
#83=ORIENTED_EDGE('',*,*,#82,.T.);
#84=CARTESIAN_POINT('',(58.999999999999979,-19.999999999999993,0.0));
#85=VERTEX_POINT('',#84);
#86=CARTESIAN_POINT('',(58.999999999999979,-19.999999999999996,100.0));
#87=DIRECTION('',(0.0,0.0,-1.0));
#88=VECTOR('',#87,100.0);
#89=LINE('',#86,#88);
#90=EDGE_CURVE('',#76,#85,#89,.T.);
#91=ORIENTED_EDGE('',*,*,#90,.T.);
#92=CARTESIAN_POINT('',(59.999999999999972,-18.999999999999993,0.0));
#93=VERTEX_POINT('',#92);
#94=CARTESIAN_POINT('',(58.999999999999979,-18.999999999999993,0.0));
#95=DIRECTION('',(0.0,0.0,1.0));
#96=DIRECTION('',(0.707106781186546,-0.707106781186549,0.0));
#97=AXIS2_PLACEMENT_3D('',#94,#95,#96);
#98=CIRCLE('',#97,1.000000000000000);
#99=EDGE_CURVE('',#85,#93,#98,.T.);
#100=ORIENTED_EDGE('',*,*,#99,.T.);
#101=CARTESIAN_POINT('',(59.999999999999972,-18.999999999999993,0.0));
#102=DIRECTION('',(0.0,0.0,1.0));
#103=VECTOR('',#102,100.0);
#104=LINE('',#101,#103);
#105=EDGE_CURVE('',#93,#74,#104,.T.);
#106=ORIENTED_EDGE('',*,*,#105,.T.);
#107=EDGE_LOOP('',(#83,#91,#100,#106));
#108=FACE_OUTER_BOUND('',#107,.T.);
#109=ADVANCED_FACE('',(#108),#72,.T.);
#110=CARTESIAN_POINT('',(59.999999999999972,-20.0,0.0));
#111=DIRECTION('',(-1.0,0.0,0.0));
#112=DIRECTION('',(0.0,0.0,1.0));
#113=AXIS2_PLACEMENT_3D('',#110,#111,#112);
#114=PLANE('',#113);
#115=ORIENTED_EDGE('',*,*,#105,.F.);
#116=CARTESIAN_POINT('',(59.999999999999986,-5.249999999999998,0.0));
#117=VERTEX_POINT('',#116);
#118=CARTESIAN_POINT('',(59.999999999999986,-5.249999999999998,0.0));
#119=DIRECTION('',(0.0,-1.0,0.0));
#120=VECTOR('',#119,13.749999999999995);
#121=LINE('',#118,#120);
#122=EDGE_CURVE('',#117,#93,#121,.T.);
#123=ORIENTED_EDGE('',*,*,#122,.F.);
#124=CARTESIAN_POINT('',(59.999999999999986,-5.249999999999998,100.0));
#125=VERTEX_POINT('',#124);
#126=CARTESIAN_POINT('',(59.999999999999972,-5.249999999999998,100.0));
#127=DIRECTION('',(0.0,0.0,-1.0));
#128=VECTOR('',#127,100.0);
#129=LINE('',#126,#128);
#130=EDGE_CURVE('',#125,#117,#129,.T.);
#131=ORIENTED_EDGE('',*,*,#130,.F.);
#132=CARTESIAN_POINT('',(59.999999999999979,-18.999999999999993,100.0));
#133=DIRECTION('',(0.0,1.0,0.0));
#134=VECTOR('',#133,13.749999999999995);
#135=LINE('',#132,#134);
#136=EDGE_CURVE('',#74,#125,#135,.T.);
#137=ORIENTED_EDGE('',*,*,#136,.F.);
#138=EDGE_LOOP('',(#115,#123,#131,#137));
#139=FACE_OUTER_BOUND('',#138,.T.);
#140=ADVANCED_FACE('',(#139),#114,.F.);
#141=CARTESIAN_POINT('',(49.999999999999986,9.999999999999993,0.0));
#142=DIRECTION('',(0.0,0.0,-1.0));
#143=DIRECTION('',(-1.0,0.0,0.0));
#144=AXIS2_PLACEMENT_3D('',#141,#142,#143);
#145=PLANE('',#144);
#146=ORIENTED_EDGE('',*,*,#99,.F.);
#147=CARTESIAN_POINT('',(45.249999999999979,-19.999999999999993,0.0));
#148=VERTEX_POINT('',#147);
#149=CARTESIAN_POINT('',(45.249999999999972,-19.999999999999993,0.0));
#150=DIRECTION('',(1.0,0.0,0.0));
#151=VECTOR('',#150,13.750000000000000);
#152=LINE('',#149,#151);
#153=EDGE_CURVE('',#148,#85,#152,.T.);
#154=ORIENTED_EDGE('',*,*,#153,.F.);
#155=CARTESIAN_POINT('',(44.249999999999979,-18.999999999999993,0.0));
#156=VERTEX_POINT('',#155);
#157=CARTESIAN_POINT('',(44.249999999999979,-18.999999999999993,0.0));
#158=DIRECTION('',(0.707106781186547,-0.707106781186547,0.0));
#159=VECTOR('',#158,1.414213562373095);
#160=LINE('',#157,#159);
#161=EDGE_CURVE('',#156,#148,#160,.T.);
#162=ORIENTED_EDGE('',*,*,#161,.F.);
#163=CARTESIAN_POINT('',(44.249999999999972,-16.000000000000007,4.793083E-016));
#164=VERTEX_POINT('',#163);
#165=CARTESIAN_POINT('',(44.249999999999979,-18.999999999999993,0.0));
#166=DIRECTION('',(0.0,1.0,0.0));
#167=VECTOR('',#166,2.999999999999989);
#168=LINE('',#165,#167);
#169=EDGE_CURVE('',#156,#164,#168,.T.);
#170=ORIENTED_EDGE('',*,*,#169,.T.);
#171=CARTESIAN_POINT('',(47.249999999999979,-16.000000000000007,3.569317E-016));
#172=VERTEX_POINT('',#171);
#173=CARTESIAN_POINT('',(44.249999999999972,-16.000000000000004,0.0));
#174=DIRECTION('',(1.0,0.0,0.0));
#175=VECTOR('',#174,3.000000000000007);
#176=LINE('',#173,#175);
#177=EDGE_CURVE('',#164,#172,#176,.T.);
#178=ORIENTED_EDGE('',*,*,#177,.T.);
#179=CARTESIAN_POINT('',(47.249999999999979,-17.604123203702898,4.223675E-016));
#180=VERTEX_POINT('',#179);
#181=CARTESIAN_POINT('',(47.249999999999979,-16.000000000000004,0.0));
#182=DIRECTION('',(0.0,-1.0,0.0));
#183=VECTOR('',#182,1.604123203702894);
#184=LINE('',#181,#183);
#185=EDGE_CURVE('',#172,#180,#184,.T.);
#186=ORIENTED_EDGE('',*,*,#185,.T.);
#187=CARTESIAN_POINT('',(47.836824088833438,-18.096527080209000,4.185158E-016));
#188=VERTEX_POINT('',#187);
#189=CARTESIAN_POINT('',(47.749999999999986,-17.604123203702898,0.0));
#190=DIRECTION('',(0.0,0.0,1.0));
#191=DIRECTION('',(-1.0,0.0,0.0));
#192=AXIS2_PLACEMENT_3D('',#189,#190,#191);
#193=CIRCLE('',#192,0.500000000000000);
#194=EDGE_CURVE('',#180,#188,#193,.T.);
#195=ORIENTED_EDGE('',*,*,#194,.T.);
#196=CARTESIAN_POINT('',(48.856283359900218,-17.916768904986547,3.695971E-016));
#197=VERTEX_POINT('',#196);
#198=CARTESIAN_POINT('',(47.836824088833438,-18.096527080209004,0.0));
#199=DIRECTION('',(0.984807753012209,0.173648177666926,0.0));
#200=VECTOR('',#199,1.035186073574850);
#201=LINE('',#198,#200);
#202=EDGE_CURVE('',#188,#197,#201,.T.);
#203=ORIENTED_EDGE('',*,*,#202,.T.);
#204=CARTESIAN_POINT('',(49.599999999999980,-17.030441927275561,3.031041E-016));
#205=VERTEX_POINT('',#204);
#206=CARTESIAN_POINT('',(48.699999999999982,-17.030441927275561,0.0));
#207=DIRECTION('',(-5.745842E-018,3.258629E-017,1.0));
#208=DIRECTION('',(0.173648177666928,-0.984807753012208,3.308898E-017));
#209=AXIS2_PLACEMENT_3D('',#206,#207,#208);
#210=CIRCLE('',#209,0.899999999999997);
#211=EDGE_CURVE('',#197,#205,#210,.T.);
#212=ORIENTED_EDGE('',*,*,#211,.T.);
#213=CARTESIAN_POINT('',(49.599999999999980,-12.333865619795857,1.115204E-016));
#214=VERTEX_POINT('',#213);
#215=CARTESIAN_POINT('',(49.599999999999987,-17.030441927275561,0.0));
#216=DIRECTION('',(0.0,1.0,0.0));
#217=VECTOR('',#216,4.696576307479706);
#218=LINE('',#215,#217);
#219=EDGE_CURVE('',#205,#214,#218,.T.);
#220=ORIENTED_EDGE('',*,*,#219,.T.);
#221=CARTESIAN_POINT('',(48.721320343559626,-10.212545276236206,6.083034E-017));
#222=VERTEX_POINT('',#221);
#223=CARTESIAN_POINT('',(46.599999999999973,-12.333865619795857,0.0));
#224=DIRECTION('',(0.0,0.0,1.0));
#225=DIRECTION('',(1.0,0.0,0.0));
#226=AXIS2_PLACEMENT_3D('',#223,#224,#225);
#227=CIRCLE('',#226,2.999999999999987);
#228=EDGE_CURVE('',#214,#222,#227,.T.);
#229=ORIENTED_EDGE('',*,*,#228,.T.);
#230=CARTESIAN_POINT('',(48.187454723763778,-9.678679656440362,6.083034E-017));
#231=VERTEX_POINT('',#230);
#232=CARTESIAN_POINT('',(48.721320343559626,-10.212545276236206,0.0));
#233=DIRECTION('',(-0.707106781186545,0.707106781186550,0.0));
#234=VECTOR('',#233,0.754999999999998);
#235=LINE('',#232,#234);
#236=EDGE_CURVE('',#222,#231,#235,.T.);
#237=ORIENTED_EDGE('',*,*,#236,.T.);
#238=CARTESIAN_POINT('',(46.066134380204119,-8.800000000000004,1.115204E-016));
#239=VERTEX_POINT('',#238);
#240=CARTESIAN_POINT('',(46.066134380204133,-11.800000000000013,0.0));
#241=DIRECTION('',(4.079220E-017,4.079220E-017,1.0));
#242=DIRECTION('',(0.707106781186547,0.707106781186548,-5.768888E-017));
#243=AXIS2_PLACEMENT_3D('',#240,#241,#242);
#244=CIRCLE('',#243,3.000000000000010);
#245=EDGE_CURVE('',#231,#239,#244,.T.);
#246=ORIENTED_EDGE('',*,*,#245,.T.);
#247=CARTESIAN_POINT('',(33.933865619795839,-8.800000000000001,0.0));
#248=VERTEX_POINT('',#247);
#249=CARTESIAN_POINT('',(46.066134380204126,-8.800000000000006,0.0));
#250=DIRECTION('',(-1.0,0.0,0.0));
#251=VECTOR('',#250,12.132268760408287);
#252=LINE('',#249,#251);
#253=EDGE_CURVE('',#239,#248,#252,.T.);
#254=ORIENTED_EDGE('',*,*,#253,.T.);
#255=CARTESIAN_POINT('',(31.812545276236190,-9.678679656440361,0.0));
#256=VERTEX_POINT('',#255);
#257=CARTESIAN_POINT('',(33.933865619795839,-11.800000000000008,0.0));
#258=DIRECTION('',(0.0,0.0,1.0));
#259=DIRECTION('',(-0.707106781186548,0.707106781186547,0.0));
#260=AXIS2_PLACEMENT_3D('',#257,#258,#259);
#261=CIRCLE('',#260,3.000000000000010);
#262=EDGE_CURVE('',#248,#256,#261,.T.);
#263=ORIENTED_EDGE('',*,*,#262,.T.);
#264=CARTESIAN_POINT('',(31.278679656440346,-10.212545276236204,0.0));
#265=VERTEX_POINT('',#264);
#266=CARTESIAN_POINT('',(31.812545276236193,-9.678679656440361,0.0));
#267=DIRECTION('',(-0.707106781186545,-0.707106781186550,0.0));
#268=VECTOR('',#267,0.754999999999998);
#269=LINE('',#266,#268);
#270=EDGE_CURVE('',#256,#265,#269,.T.);
#271=ORIENTED_EDGE('',*,*,#270,.T.);
#272=CARTESIAN_POINT('',(30.399999999999988,-12.333865619795855,0.0));
#273=VERTEX_POINT('',#272);
#274=CARTESIAN_POINT('',(33.399999999999991,-12.333865619795851,0.0));
#275=DIRECTION('',(0.0,0.0,1.0));
#276=DIRECTION('',(-1.0,0.0,0.0));
#277=AXIS2_PLACEMENT_3D('',#274,#275,#276);
#278=CIRCLE('',#277,2.999999999999987);
#279=EDGE_CURVE('',#265,#273,#278,.T.);
#280=ORIENTED_EDGE('',*,*,#279,.T.);
#281=CARTESIAN_POINT('',(30.399999999999988,-17.030441927275561,0.0));
#282=VERTEX_POINT('',#281);
#283=CARTESIAN_POINT('',(30.399999999999977,-12.333865619795853,0.0));
#284=DIRECTION('',(0.0,-1.0,0.0));
#285=VECTOR('',#284,4.696576307479708);
#286=LINE('',#283,#285);
#287=EDGE_CURVE('',#273,#282,#286,.T.);
#288=ORIENTED_EDGE('',*,*,#287,.T.);
#289=CARTESIAN_POINT('',(31.143716640099747,-17.916768904986544,0.0));
#290=VERTEX_POINT('',#289);
#291=CARTESIAN_POINT('',(31.299999999999983,-17.030441927275561,0.0));
#292=DIRECTION('',(0.0,0.0,1.000000000000000));
#293=DIRECTION('',(-0.173648177666928,-0.984807753012209,0.0));
#294=AXIS2_PLACEMENT_3D('',#291,#292,#293);
#295=CIRCLE('',#294,0.899999999999997);
#296=EDGE_CURVE('',#282,#290,#295,.T.);
#297=ORIENTED_EDGE('',*,*,#296,.T.);
#298=CARTESIAN_POINT('',(32.163175911166519,-18.096527080208993,0.0));
#299=VERTEX_POINT('',#298);
#300=CARTESIAN_POINT('',(31.143716640099747,-17.916768904986540,0.0));
#301=DIRECTION('',(0.984807753012209,-0.173648177666927,0.0));
#302=VECTOR('',#301,1.035186073574843);
#303=LINE('',#300,#302);
#304=EDGE_CURVE('',#290,#299,#303,.T.);
#305=ORIENTED_EDGE('',*,*,#304,.T.);
#306=CARTESIAN_POINT('',(32.749999999999986,-17.604123203702894,0.0));
#307=VERTEX_POINT('',#306);
#308=CARTESIAN_POINT('',(32.249999999999986,-17.604123203702894,0.0));
#309=DIRECTION('',(0.0,0.0,1.0));
#310=DIRECTION('',(1.0,0.0,0.0));
#311=AXIS2_PLACEMENT_3D('',#308,#309,#310);
#312=CIRCLE('',#311,0.500000000000000);
#313=EDGE_CURVE('',#299,#307,#312,.T.);
#314=ORIENTED_EDGE('',*,*,#313,.T.);
#315=CARTESIAN_POINT('',(32.749999999999986,-16.0,0.0));
#316=VERTEX_POINT('',#315);
#317=CARTESIAN_POINT('',(32.749999999999986,-17.604123203702894,0.0));
#318=DIRECTION('',(0.0,1.0,0.0));
#319=VECTOR('',#318,1.604123203702894);
#320=LINE('',#317,#319);
#321=EDGE_CURVE('',#307,#316,#320,.T.);
#322=ORIENTED_EDGE('',*,*,#321,.T.);
#323=CARTESIAN_POINT('',(35.749999999999986,-16.000000000000004,0.0));
#324=VERTEX_POINT('',#323);
#325=CARTESIAN_POINT('',(32.749999999999986,-16.000000000000004,0.0));
#326=DIRECTION('',(1.0,0.0,0.0));
#327=VECTOR('',#326,3.0);
#328=LINE('',#325,#327);
#329=EDGE_CURVE('',#316,#324,#328,.T.);
#330=ORIENTED_EDGE('',*,*,#329,.T.);
#331=CARTESIAN_POINT('',(35.749999999999986,-18.999999999999989,0.0));
#332=VERTEX_POINT('',#331);
#333=CARTESIAN_POINT('',(35.749999999999986,-16.000000000000004,0.0));
#334=DIRECTION('',(0.0,-1.0,0.0));
#335=VECTOR('',#334,2.999999999999989);
#336=LINE('',#333,#335);
#337=EDGE_CURVE('',#324,#332,#336,.T.);
#338=ORIENTED_EDGE('',*,*,#337,.T.);
#339=CARTESIAN_POINT('',(34.749999999999986,-19.999999999999993,0.0));
#340=VERTEX_POINT('',#339);
#341=CARTESIAN_POINT('',(34.749999999999986,-19.999999999999993,0.0));
#342=DIRECTION('',(0.707106781186546,0.707106781186549,0.0));
#343=VECTOR('',#342,1.414213562373098);
#344=LINE('',#341,#343);
#345=EDGE_CURVE('',#340,#332,#344,.T.);
#346=ORIENTED_EDGE('',*,*,#345,.F.);
#347=CARTESIAN_POINT('',(5.249999999999988,-19.999999999999993,0.0));
#348=VERTEX_POINT('',#347);
#349=CARTESIAN_POINT('',(5.249999999999989,-19.999999999999989,0.0));
#350=DIRECTION('',(1.0,0.0,0.0));
#351=VECTOR('',#350,29.499999999999996);
#352=LINE('',#349,#351);
#353=EDGE_CURVE('',#348,#340,#352,.T.);
#354=ORIENTED_EDGE('',*,*,#353,.F.);
#355=CARTESIAN_POINT('',(4.249999999999988,-18.999999999999989,0.0));
#356=VERTEX_POINT('',#355);
#357=CARTESIAN_POINT('',(4.249999999999988,-18.999999999999993,-4.440892E-015));
#358=DIRECTION('',(0.707106781186547,-0.707106781186548,0.0));
#359=VECTOR('',#358,1.414213562373094);
#360=LINE('',#357,#359);
#361=EDGE_CURVE('',#356,#348,#360,.T.);
#362=ORIENTED_EDGE('',*,*,#361,.F.);
#363=CARTESIAN_POINT('',(4.249999999999989,-15.999999999999998,0.0));
#364=VERTEX_POINT('',#363);
#365=CARTESIAN_POINT('',(4.249999999999988,-18.999999999999989,0.0));
#366=DIRECTION('',(0.0,1.0,0.0));
#367=VECTOR('',#366,2.999999999999989);
#368=LINE('',#365,#367);
#369=EDGE_CURVE('',#356,#364,#368,.T.);
#370=ORIENTED_EDGE('',*,*,#369,.T.);
#371=CARTESIAN_POINT('',(7.249999999999989,-15.999999999999998,0.0));
#372=VERTEX_POINT('',#371);
#373=CARTESIAN_POINT('',(4.249999999999989,-15.999999999999998,0.0));
#374=DIRECTION('',(1.0,0.0,0.0));
#375=VECTOR('',#374,3.0);
#376=LINE('',#373,#375);
#377=EDGE_CURVE('',#364,#372,#376,.T.);
#378=ORIENTED_EDGE('',*,*,#377,.T.);
#379=CARTESIAN_POINT('',(7.249999999999989,-17.604123203702891,0.0));
#380=VERTEX_POINT('',#379);
#381=CARTESIAN_POINT('',(7.249999999999989,-16.0,0.0));
#382=DIRECTION('',(0.0,-1.0,0.0));
#383=VECTOR('',#382,1.604123203702891);
#384=LINE('',#381,#383);
#385=EDGE_CURVE('',#372,#380,#384,.T.);
#386=ORIENTED_EDGE('',*,*,#385,.T.);
#387=CARTESIAN_POINT('',(7.836824088833455,-18.096527080208993,0.0));
#388=VERTEX_POINT('',#387);
#389=CARTESIAN_POINT('',(7.749999999999990,-17.604123203702891,0.0));
#390=DIRECTION('',(0.0,0.0,1.0));
#391=DIRECTION('',(-1.0,0.0,0.0));
#392=AXIS2_PLACEMENT_3D('',#389,#390,#391);
#393=CIRCLE('',#392,0.500000000000000);
#394=EDGE_CURVE('',#380,#388,#393,.T.);
#395=ORIENTED_EDGE('',*,*,#394,.T.);
#396=CARTESIAN_POINT('',(8.856283359900228,-17.916768904986540,0.0));
#397=VERTEX_POINT('',#396);
#398=CARTESIAN_POINT('',(7.836824088833457,-18.096527080208990,0.0));
#399=DIRECTION('',(0.984807753012209,0.173648177666924,0.0));
#400=VECTOR('',#399,1.035186073574842);
#401=LINE('',#398,#400);
#402=EDGE_CURVE('',#388,#397,#401,.T.);
#403=ORIENTED_EDGE('',*,*,#402,.T.);
#404=CARTESIAN_POINT('',(9.599999999999993,-17.030441927275557,0.0));
#405=VERTEX_POINT('',#404);
#406=CARTESIAN_POINT('',(8.699999999999994,-17.030441927275557,0.0));
#407=DIRECTION('',(0.0,0.0,1.0));
#408=DIRECTION('',(0.173648177666928,-0.984807753012209,0.0));
#409=AXIS2_PLACEMENT_3D('',#406,#407,#408);
#410=CIRCLE('',#409,0.899999999999997);
#411=EDGE_CURVE('',#397,#405,#410,.T.);
#412=ORIENTED_EDGE('',*,*,#411,.T.);
#413=CARTESIAN_POINT('',(9.599999999999993,-12.333865619795851,0.0));
#414=VERTEX_POINT('',#413);
#415=CARTESIAN_POINT('',(9.599999999999993,-17.030441927275557,0.0));
#416=DIRECTION('',(0.0,1.0,0.0));
#417=VECTOR('',#416,4.696576307479706);
#418=LINE('',#415,#417);
#419=EDGE_CURVE('',#405,#414,#418,.T.);
#420=ORIENTED_EDGE('',*,*,#419,.T.);
#421=CARTESIAN_POINT('',(8.721320343559633,-10.212545276236202,0.0));
#422=VERTEX_POINT('',#421);
#423=CARTESIAN_POINT('',(6.599999999999984,-12.333865619795850,0.0));
#424=DIRECTION('',(0.0,0.0,1.0));
#425=DIRECTION('',(1.0,0.0,0.0));
#426=AXIS2_PLACEMENT_3D('',#423,#424,#425);
#427=CIRCLE('',#426,2.999999999999987);
#428=EDGE_CURVE('',#414,#422,#427,.T.);
#429=ORIENTED_EDGE('',*,*,#428,.T.);
#430=CARTESIAN_POINT('',(8.187454723763789,-9.678679656440357,0.0));
#431=VERTEX_POINT('',#430);
#432=CARTESIAN_POINT('',(8.721320343559635,-10.212545276236204,0.0));
#433=DIRECTION('',(-0.707106781186546,0.707106781186549,0.0));
#434=VECTOR('',#433,0.755000000000004);
#435=LINE('',#432,#434);
#436=EDGE_CURVE('',#422,#431,#435,.T.);
#437=ORIENTED_EDGE('',*,*,#436,.T.);
#438=CARTESIAN_POINT('',(6.066134380204144,-8.799999999999997,0.0));
#439=VERTEX_POINT('',#438);
#440=CARTESIAN_POINT('',(6.066134380204140,-11.800000000000006,0.0));
#441=DIRECTION('',(0.0,0.0,1.0));
#442=DIRECTION('',(0.707106781186548,0.707106781186547,0.0));
#443=AXIS2_PLACEMENT_3D('',#440,#441,#442);
#444=CIRCLE('',#443,3.000000000000010);
#445=EDGE_CURVE('',#431,#439,#444,.T.);
#446=ORIENTED_EDGE('',*,*,#445,.T.);
#447=CARTESIAN_POINT('',(-6.066134380204145,-8.799999999999997,1.115204E-016));
#448=VERTEX_POINT('',#447);
#449=CARTESIAN_POINT('',(6.066134380204144,-8.799999999999997,0.0));
#450=DIRECTION('',(-1.0,0.0,0.0));
#451=VECTOR('',#450,12.132268760408289);
#452=LINE('',#449,#451);
#453=EDGE_CURVE('',#439,#448,#452,.T.);
#454=ORIENTED_EDGE('',*,*,#453,.T.);
#455=CARTESIAN_POINT('',(-8.187454723763795,-9.678679656440357,6.083034E-017));
#456=VERTEX_POINT('',#455);
#457=CARTESIAN_POINT('',(-6.066134380204145,-11.800000000000006,0.0));
#458=DIRECTION('',(-4.079220E-017,4.079220E-017,1.0));
#459=DIRECTION('',(-0.707106781186547,0.707106781186548,-5.768888E-017));
#460=AXIS2_PLACEMENT_3D('',#457,#458,#459);
#461=CIRCLE('',#460,3.000000000000010);
#462=EDGE_CURVE('',#448,#456,#461,.T.);
#463=ORIENTED_EDGE('',*,*,#462,.T.);
#464=CARTESIAN_POINT('',(-8.721320343559638,-10.212545276236201,6.083034E-017));
#465=VERTEX_POINT('',#464);
#466=CARTESIAN_POINT('',(-8.187454723763795,-9.678679656440355,0.0));
#467=DIRECTION('',(-0.707106781186546,-0.707106781186549,0.0));
#468=VECTOR('',#467,0.755000000000002);
#469=LINE('',#466,#468);
#470=EDGE_CURVE('',#456,#465,#469,.T.);
#471=ORIENTED_EDGE('',*,*,#470,.T.);
#472=CARTESIAN_POINT('',(-9.599999999999998,-12.333865619795850,1.115204E-016));
#473=VERTEX_POINT('',#472);
#474=CARTESIAN_POINT('',(-6.599999999999989,-12.333865619795850,0.0));
#475=DIRECTION('',(0.0,0.0,1.0));
#476=DIRECTION('',(-1.0,0.0,0.0));
#477=AXIS2_PLACEMENT_3D('',#474,#475,#476);
#478=CIRCLE('',#477,2.999999999999987);
#479=EDGE_CURVE('',#465,#473,#478,.T.);
#480=ORIENTED_EDGE('',*,*,#479,.T.);
#481=CARTESIAN_POINT('',(-9.600000000000001,-17.030441927275554,3.031041E-016));
#482=VERTEX_POINT('',#481);
#483=CARTESIAN_POINT('',(-9.599999999999998,-12.333865619795848,0.0));
#484=DIRECTION('',(0.0,-1.0,0.0));
#485=VECTOR('',#484,4.696576307479706);
#486=LINE('',#483,#485);
#487=EDGE_CURVE('',#473,#482,#486,.T.);
#488=ORIENTED_EDGE('',*,*,#487,.T.);
#489=CARTESIAN_POINT('',(-8.856283359900239,-17.916768904986540,3.695971E-016));
#490=VERTEX_POINT('',#489);
#491=CARTESIAN_POINT('',(-8.700000000000003,-17.030441927275554,0.0));
#492=DIRECTION('',(5.745842E-018,3.258629E-017,1.000000000000000));
#493=DIRECTION('',(-0.173648177666928,-0.984807753012208,3.308898E-017));
#494=AXIS2_PLACEMENT_3D('',#491,#492,#493);
#495=CIRCLE('',#494,0.899999999999997);
#496=EDGE_CURVE('',#482,#490,#495,.T.);
#497=ORIENTED_EDGE('',*,*,#496,.T.);
#498=CARTESIAN_POINT('',(-7.836824088833465,-18.096527080208993,4.185158E-016));
#499=VERTEX_POINT('',#498);
#500=CARTESIAN_POINT('',(-8.856283359900241,-17.916768904986547,0.0));
#501=DIRECTION('',(0.984807753012209,-0.173648177666924,0.0));
#502=VECTOR('',#501,1.035186073574844);
#503=LINE('',#500,#502);
#504=EDGE_CURVE('',#490,#499,#503,.T.);
#505=ORIENTED_EDGE('',*,*,#504,.T.);
#506=CARTESIAN_POINT('',(-7.250000000000000,-17.604123203702891,4.223675E-016));
#507=VERTEX_POINT('',#506);
#508=CARTESIAN_POINT('',(-7.750000000000000,-17.604123203702891,0.0));
#509=DIRECTION('',(0.0,0.0,1.0));
#510=DIRECTION('',(1.0,0.0,0.0));
#511=AXIS2_PLACEMENT_3D('',#508,#509,#510);
#512=CIRCLE('',#511,0.500000000000000);
#513=EDGE_CURVE('',#499,#507,#512,.T.);
#514=ORIENTED_EDGE('',*,*,#513,.T.);
#515=CARTESIAN_POINT('',(-7.249999999999998,-15.999999999999998,3.569317E-016));
#516=VERTEX_POINT('',#515);
#517=CARTESIAN_POINT('',(-7.249999999999999,-17.604123203702891,0.0));
#518=DIRECTION('',(0.0,1.0,0.0));
#519=VECTOR('',#518,1.604123203702892);
#520=LINE('',#517,#519);
#521=EDGE_CURVE('',#507,#516,#520,.T.);
#522=ORIENTED_EDGE('',*,*,#521,.T.);
#523=CARTESIAN_POINT('',(-4.249999999999997,-16.0,4.793083E-016));
#524=VERTEX_POINT('',#523);
#525=CARTESIAN_POINT('',(-7.249999999999998,-15.999999999999998,0.0));
#526=DIRECTION('',(1.0,0.0,0.0));
#527=VECTOR('',#526,3.000000000000001);
#528=LINE('',#525,#527);
#529=EDGE_CURVE('',#516,#524,#528,.T.);
#530=ORIENTED_EDGE('',*,*,#529,.T.);
#531=CARTESIAN_POINT('',(-4.249999999999997,-18.999999999999989,0.0));
#532=VERTEX_POINT('',#531);
#533=CARTESIAN_POINT('',(-4.249999999999997,-16.0,0.0));
#534=DIRECTION('',(0.0,-1.0,0.0));
#535=VECTOR('',#534,2.999999999999989);
#536=LINE('',#533,#535);
#537=EDGE_CURVE('',#524,#532,#536,.T.);
#538=ORIENTED_EDGE('',*,*,#537,.T.);
#539=CARTESIAN_POINT('',(-5.249999999999999,-19.999999999999989,0.0));
#540=VERTEX_POINT('',#539);
#541=CARTESIAN_POINT('',(-5.249999999999996,-19.999999999999993,-4.440892E-015));
#542=DIRECTION('',(0.707106781186547,0.707106781186548,0.0));
#543=VECTOR('',#542,1.414213562373095);
#544=LINE('',#541,#543);
#545=EDGE_CURVE('',#540,#532,#544,.T.);
#546=ORIENTED_EDGE('',*,*,#545,.F.);
#547=CARTESIAN_POINT('',(-18.999999999999996,-19.999999999999989,0.0));
#548=VERTEX_POINT('',#547);
#549=CARTESIAN_POINT('',(-18.999999999999996,-19.999999999999989,0.0));
#550=DIRECTION('',(1.0,0.0,0.0));
#551=VECTOR('',#550,13.749999999999998);
#552=LINE('',#549,#551);
#553=EDGE_CURVE('',#548,#540,#552,.T.);
#554=ORIENTED_EDGE('',*,*,#553,.F.);
#555=CARTESIAN_POINT('',(-19.999999999999996,-18.999999999999989,0.0));
#556=VERTEX_POINT('',#555);
#557=CARTESIAN_POINT('',(-18.999999999999996,-18.999999999999989,0.0));
#558=DIRECTION('',(0.0,0.0,1.000000000000000));
#559=DIRECTION('',(-0.707106781186548,-0.707106781186548,0.0));
#560=AXIS2_PLACEMENT_3D('',#557,#558,#559);
#561=CIRCLE('',#560,1.000000000000000);
#562=EDGE_CURVE('',#556,#548,#561,.T.);
#563=ORIENTED_EDGE('',*,*,#562,.F.);
#564=CARTESIAN_POINT('',(-19.999999999999996,-5.249999999999986,0.0));
#565=VERTEX_POINT('',#564);
#566=CARTESIAN_POINT('',(-19.999999999999996,-5.249999999999986,0.0));
#567=DIRECTION('',(0.0,-1.0,0.0));
#568=VECTOR('',#567,13.750000000000004);
#569=LINE('',#566,#568);
#570=EDGE_CURVE('',#565,#556,#569,.T.);
#571=ORIENTED_EDGE('',*,*,#570,.F.);
#572=CARTESIAN_POINT('',(-18.999999999999996,-4.249999999999989,0.0));
#573=VERTEX_POINT('',#572);
#574=CARTESIAN_POINT('',(-18.999999999999996,-4.249999999999991,0.0));
#575=DIRECTION('',(-0.707106781186550,-0.707106781186545,0.0));
#576=VECTOR('',#575,1.414213562373096);
#577=LINE('',#574,#576);
#578=EDGE_CURVE('',#573,#565,#577,.T.);
#579=ORIENTED_EDGE('',*,*,#578,.F.);
#580=CARTESIAN_POINT('',(-15.999999999999998,-4.249999999999990,0.0));
#581=VERTEX_POINT('',#580);
#582=CARTESIAN_POINT('',(-18.999999999999996,-4.249999999999989,0.0));
#583=DIRECTION('',(1.0,0.0,0.0));
#584=VECTOR('',#583,2.999999999999998);
#585=LINE('',#582,#584);
#586=EDGE_CURVE('',#573,#581,#585,.T.);
#587=ORIENTED_EDGE('',*,*,#586,.T.);
#588=CARTESIAN_POINT('',(-15.999999999999998,-7.249999999999991,0.0));
#589=VERTEX_POINT('',#588);
#590=CARTESIAN_POINT('',(-15.999999999999998,-4.249999999999990,0.0));
#591=DIRECTION('',(0.0,-1.0,0.0));
#592=VECTOR('',#591,3.0);
#593=LINE('',#590,#592);
#594=EDGE_CURVE('',#581,#589,#593,.T.);
#595=ORIENTED_EDGE('',*,*,#594,.T.);
#596=CARTESIAN_POINT('',(-17.604123203702891,-7.249999999999991,0.0));
#597=VERTEX_POINT('',#596);
#598=CARTESIAN_POINT('',(-16.0,-7.249999999999991,0.0));
#599=DIRECTION('',(-1.0,0.0,0.0));
#600=VECTOR('',#599,1.604123203702891);
#601=LINE('',#598,#600);
#602=EDGE_CURVE('',#589,#597,#601,.T.);
#603=ORIENTED_EDGE('',*,*,#602,.T.);
#604=CARTESIAN_POINT('',(-18.096527080208993,-7.836824088833456,0.0));
#605=VERTEX_POINT('',#604);
#606=CARTESIAN_POINT('',(-17.604123203702891,-7.749999999999991,0.0));
#607=DIRECTION('',(0.0,0.0,1.0));
#608=DIRECTION('',(0.0,1.0,0.0));
#609=AXIS2_PLACEMENT_3D('',#606,#607,#608);
#610=CIRCLE('',#609,0.500000000000000);
#611=EDGE_CURVE('',#597,#605,#610,.T.);
#612=ORIENTED_EDGE('',*,*,#611,.T.);
#613=CARTESIAN_POINT('',(-17.916768904986540,-8.856283359900230,0.0));
#614=VERTEX_POINT('',#613);
#615=CARTESIAN_POINT('',(-18.096527080208993,-7.836824088833455,8.881784E-015));
#616=DIRECTION('',(0.173648177666924,-0.984807753012209,0.0));
#617=VECTOR('',#616,1.035186073574843);
#618=LINE('',#615,#617);
#619=EDGE_CURVE('',#605,#614,#618,.T.);
#620=ORIENTED_EDGE('',*,*,#619,.T.);
#621=CARTESIAN_POINT('',(-17.030441927275557,-9.599999999999993,0.0));
#622=VERTEX_POINT('',#621);
#623=CARTESIAN_POINT('',(-17.030441927275557,-8.699999999999996,0.0));
#624=DIRECTION('',(0.0,0.0,1.0));
#625=DIRECTION('',(-0.984807753012209,-0.173648177666928,0.0));
#626=AXIS2_PLACEMENT_3D('',#623,#624,#625);
#627=CIRCLE('',#626,0.899999999999997);
#628=EDGE_CURVE('',#614,#622,#627,.T.);
#629=ORIENTED_EDGE('',*,*,#628,.T.);
#630=CARTESIAN_POINT('',(-12.333865619795851,-9.599999999999994,0.0));
#631=VERTEX_POINT('',#630);
#632=CARTESIAN_POINT('',(-17.030441927275557,-9.599999999999994,0.0));
#633=DIRECTION('',(1.0,0.0,0.0));
#634=VECTOR('',#633,4.696576307479706);
#635=LINE('',#632,#634);
#636=EDGE_CURVE('',#622,#631,#635,.T.);
#637=ORIENTED_EDGE('',*,*,#636,.T.);
#638=CARTESIAN_POINT('',(-10.212545276236202,-8.721320343559635,0.0));
#639=VERTEX_POINT('',#638);
#640=CARTESIAN_POINT('',(-12.333865619795850,-6.599999999999985,0.0));
#641=DIRECTION('',(0.0,0.0,1.0));
#642=DIRECTION('',(0.0,-1.0,0.0));
#643=AXIS2_PLACEMENT_3D('',#640,#641,#642);
#644=CIRCLE('',#643,2.999999999999987);
#645=EDGE_CURVE('',#631,#639,#644,.T.);
#646=ORIENTED_EDGE('',*,*,#645,.T.);
#647=CARTESIAN_POINT('',(-9.678679656440357,-8.187454723763791,0.0));
#648=VERTEX_POINT('',#647);
#649=CARTESIAN_POINT('',(-10.212545276236202,-8.721320343559635,0.0));
#650=DIRECTION('',(0.707106781186547,0.707106781186547,0.0));
#651=VECTOR('',#650,0.755000000000000);
#652=LINE('',#649,#651);
#653=EDGE_CURVE('',#639,#648,#652,.T.);
#654=ORIENTED_EDGE('',*,*,#653,.T.);
#655=CARTESIAN_POINT('',(-8.799999999999997,-6.066134380204144,0.0));
#656=VERTEX_POINT('',#655);
#657=CARTESIAN_POINT('',(-11.800000000000006,-6.066134380204141,0.0));
#658=DIRECTION('',(0.0,0.0,1.0));
#659=DIRECTION('',(0.707106781186547,-0.707106781186548,0.0));
#660=AXIS2_PLACEMENT_3D('',#657,#658,#659);
#661=CIRCLE('',#660,3.000000000000010);
#662=EDGE_CURVE('',#648,#656,#661,.T.);
#663=ORIENTED_EDGE('',*,*,#662,.T.);
#664=CARTESIAN_POINT('',(-8.799999999999999,6.066134380204144,1.115204E-016));
#665=VERTEX_POINT('',#664);
#666=CARTESIAN_POINT('',(-8.800000000000008,-6.066134380204144,0.0));
#667=DIRECTION('',(0.0,1.0,0.0));
#668=VECTOR('',#667,12.132268760408287);
#669=LINE('',#666,#668);
#670=EDGE_CURVE('',#656,#665,#669,.T.);
#671=ORIENTED_EDGE('',*,*,#670,.T.);
#672=CARTESIAN_POINT('',(-9.678679656440359,8.187454723763793,6.083034E-017));
#673=VERTEX_POINT('',#672);
#674=CARTESIAN_POINT('',(-11.800000000000008,6.066134380204144,0.0));
#675=DIRECTION('',(4.079220E-017,4.079220E-017,1.0));
#676=DIRECTION('',(0.707106781186548,0.707106781186547,-5.768888E-017));
#677=AXIS2_PLACEMENT_3D('',#674,#675,#676);
#678=CIRCLE('',#677,3.000000000000010);
#679=EDGE_CURVE('',#665,#673,#678,.T.);
#680=ORIENTED_EDGE('',*,*,#679,.T.);
#681=CARTESIAN_POINT('',(-10.212545276236202,8.721320343559636,6.083034E-017));
#682=VERTEX_POINT('',#681);
#683=CARTESIAN_POINT('',(-9.678679656440359,8.187454723763793,0.0));
#684=DIRECTION('',(-0.707106781186547,0.707106781186547,0.0));
#685=VECTOR('',#684,0.755000000000000);
#686=LINE('',#683,#685);
#687=EDGE_CURVE('',#673,#682,#686,.T.);
#688=ORIENTED_EDGE('',*,*,#687,.T.);
#689=CARTESIAN_POINT('',(-12.333865619795851,9.599999999999996,1.115204E-016));
#690=VERTEX_POINT('',#689);
#691=CARTESIAN_POINT('',(-12.333865619795851,6.599999999999987,0.0));
#692=DIRECTION('',(0.0,0.0,1.0));
#693=DIRECTION('',(0.0,1.0,0.0));
#694=AXIS2_PLACEMENT_3D('',#691,#692,#693);
#695=CIRCLE('',#694,2.999999999999987);
#696=EDGE_CURVE('',#682,#690,#695,.T.);
#697=ORIENTED_EDGE('',*,*,#696,.T.);
#698=CARTESIAN_POINT('',(-17.030441927275557,9.599999999999998,3.031041E-016));
#699=VERTEX_POINT('',#698);
#700=CARTESIAN_POINT('',(-12.333865619795851,9.599999999999994,0.0));
#701=DIRECTION('',(-1.0,0.0,0.0));
#702=VECTOR('',#701,4.696576307479706);
#703=LINE('',#700,#702);
#704=EDGE_CURVE('',#690,#699,#703,.T.);
#705=ORIENTED_EDGE('',*,*,#704,.T.);
#706=CARTESIAN_POINT('',(-17.916768904986540,8.856283359900235,3.695971E-016));
#707=VERTEX_POINT('',#706);
#708=CARTESIAN_POINT('',(-17.030441927275557,8.699999999999999,0.0));
#709=DIRECTION('',(3.258629E-017,-5.745842E-018,1.0));
#710=DIRECTION('',(-0.984807753012208,0.173648177666928,3.308898E-017));
#711=AXIS2_PLACEMENT_3D('',#708,#709,#710);
#712=CIRCLE('',#711,0.899999999999997);
#713=EDGE_CURVE('',#699,#707,#712,.T.);
#714=ORIENTED_EDGE('',*,*,#713,.T.);
#715=CARTESIAN_POINT('',(-18.096527080208993,7.836824088833461,4.185158E-016));
#716=VERTEX_POINT('',#715);
#717=CARTESIAN_POINT('',(-17.916768904986544,8.856283359900235,0.0));
#718=DIRECTION('',(-0.173648177666924,-0.984807753012209,0.0));
#719=VECTOR('',#718,1.035186073574844);
#720=LINE('',#717,#719);
#721=EDGE_CURVE('',#707,#716,#720,.T.);
#722=ORIENTED_EDGE('',*,*,#721,.T.);
#723=CARTESIAN_POINT('',(-17.604123203702894,7.249999999999996,4.223675E-016));
#724=VERTEX_POINT('',#723);
#725=CARTESIAN_POINT('',(-17.604123203702891,7.749999999999996,0.0));
#726=DIRECTION('',(0.0,0.0,1.0));
#727=DIRECTION('',(0.0,-1.0,0.0));
#728=AXIS2_PLACEMENT_3D('',#725,#726,#727);
#729=CIRCLE('',#728,0.500000000000000);
#730=EDGE_CURVE('',#716,#724,#729,.T.);
#731=ORIENTED_EDGE('',*,*,#730,.T.);
#732=CARTESIAN_POINT('',(-16.0,7.249999999999995,3.569317E-016));
#733=VERTEX_POINT('',#732);
#734=CARTESIAN_POINT('',(-17.604123203702891,7.249999999999994,0.0));
#735=DIRECTION('',(1.0,0.0,0.0));
#736=VECTOR('',#735,1.604123203702891);
#737=LINE('',#734,#736);
#738=EDGE_CURVE('',#724,#733,#737,.T.);
#739=ORIENTED_EDGE('',*,*,#738,.T.);
#740=CARTESIAN_POINT('',(-16.0,4.249999999999995,4.793083E-016));
#741=VERTEX_POINT('',#740);
#742=CARTESIAN_POINT('',(-15.999999999999998,7.249999999999994,0.0));
#743=DIRECTION('',(0.0,-1.0,0.0));
#744=VECTOR('',#743,2.999999999999999);
#745=LINE('',#742,#744);
#746=EDGE_CURVE('',#733,#741,#745,.T.);
#747=ORIENTED_EDGE('',*,*,#746,.T.);
#748=CARTESIAN_POINT('',(-18.999999999999989,4.249999999999995,0.0));
#749=VERTEX_POINT('',#748);
#750=CARTESIAN_POINT('',(-16.0,4.249999999999995,0.0));
#751=DIRECTION('',(-1.0,0.0,0.0));
#752=VECTOR('',#751,2.999999999999993);
#753=LINE('',#750,#752);
#754=EDGE_CURVE('',#741,#749,#753,.T.);
#755=ORIENTED_EDGE('',*,*,#754,.T.);
#756=CARTESIAN_POINT('',(-19.999999999999993,5.249999999999993,0.0));
#757=VERTEX_POINT('',#756);
#758=CARTESIAN_POINT('',(-19.999999999999993,5.249999999999992,-4.440892E-015));
#759=DIRECTION('',(0.707106781186548,-0.707106781186547,0.0));
#760=VECTOR('',#759,1.414213562373095);
#761=LINE('',#758,#760);
#762=EDGE_CURVE('',#757,#749,#761,.T.);
#763=ORIENTED_EDGE('',*,*,#762,.F.);
#764=CARTESIAN_POINT('',(-19.999999999999986,34.750000000000000,0.0));
#765=VERTEX_POINT('',#764);
#766=CARTESIAN_POINT('',(-20.0,5.249999999999989,0.0));
#767=DIRECTION('',(0.0,1.0,0.0));
#768=VECTOR('',#767,29.500000000000011);
#769=LINE('',#766,#768);
#770=EDGE_CURVE('',#757,#765,#769,.T.);
#771=ORIENTED_EDGE('',*,*,#770,.T.);
#772=CARTESIAN_POINT('',(-18.999999999999989,35.749999999999993,0.0));
#773=VERTEX_POINT('',#772);
#774=CARTESIAN_POINT('',(-18.999999999999989,35.749999999999993,-4.440892E-015));
#775=DIRECTION('',(-0.707106781186550,-0.707106781186545,0.0));
#776=VECTOR('',#775,1.414213562373090);
#777=LINE('',#774,#776);
#778=EDGE_CURVE('',#773,#765,#777,.T.);
#779=ORIENTED_EDGE('',*,*,#778,.F.);
#780=CARTESIAN_POINT('',(-15.999999999999996,35.749999999999993,4.793083E-016));
#781=VERTEX_POINT('',#780);
#782=CARTESIAN_POINT('',(-18.999999999999989,35.749999999999993,0.0));
#783=DIRECTION('',(1.0,0.0,0.0));
#784=VECTOR('',#783,2.999999999999993);
#785=LINE('',#782,#784);
#786=EDGE_CURVE('',#773,#781,#785,.T.);
#787=ORIENTED_EDGE('',*,*,#786,.T.);
#788=CARTESIAN_POINT('',(-15.999999999999996,32.749999999999993,3.569317E-016));
#789=VERTEX_POINT('',#788);
#790=CARTESIAN_POINT('',(-15.999999999999998,35.749999999999993,0.0));
#791=DIRECTION('',(0.0,-1.0,0.0));
#792=VECTOR('',#791,3.0);
#793=LINE('',#790,#792);
#794=EDGE_CURVE('',#781,#789,#793,.T.);
#795=ORIENTED_EDGE('',*,*,#794,.T.);
#796=CARTESIAN_POINT('',(-17.604123203702887,32.749999999999993,4.223675E-016));
#797=VERTEX_POINT('',#796);
#798=CARTESIAN_POINT('',(-15.999999999999996,32.749999999999993,0.0));
#799=DIRECTION('',(-1.0,0.0,0.0));
#800=VECTOR('',#799,1.604123203702891);
#801=LINE('',#798,#800);
#802=EDGE_CURVE('',#789,#797,#801,.T.);
#803=ORIENTED_EDGE('',*,*,#802,.T.);
#804=CARTESIAN_POINT('',(-18.096527080208990,32.163175911166526,4.185158E-016));
#805=VERTEX_POINT('',#804);
#806=CARTESIAN_POINT('',(-17.604123203702887,32.249999999999993,0.0));
#807=DIRECTION('',(0.0,0.0,1.0));
#808=DIRECTION('',(0.0,1.0,0.0));
#809=AXIS2_PLACEMENT_3D('',#806,#807,#808);
#810=CIRCLE('',#809,0.500000000000000);
#811=EDGE_CURVE('',#797,#805,#810,.T.);
#812=ORIENTED_EDGE('',*,*,#811,.T.);
#813=CARTESIAN_POINT('',(-17.916768904986540,31.143716640099754,3.695971E-016));
#814=VERTEX_POINT('',#813);
#815=CARTESIAN_POINT('',(-18.096527080208986,32.163175911166526,0.0));
#816=DIRECTION('',(0.173648177666923,-0.984807753012209,0.0));
#817=VECTOR('',#816,1.035186073574846);
#818=LINE('',#815,#817);
#819=EDGE_CURVE('',#805,#814,#818,.T.);
#820=ORIENTED_EDGE('',*,*,#819,.T.);
#821=CARTESIAN_POINT('',(-17.030441927275554,30.399999999999991,3.031041E-016));
#822=VERTEX_POINT('',#821);
#823=CARTESIAN_POINT('',(-17.030441927275554,31.299999999999990,0.0));
#824=DIRECTION('',(3.258629E-017,5.745842E-018,1.000000000000000));
#825=DIRECTION('',(-0.984807753012209,-0.173648177666928,3.308898E-017));
#826=AXIS2_PLACEMENT_3D('',#823,#824,#825);
#827=CIRCLE('',#826,0.899999999999997);
#828=EDGE_CURVE('',#814,#822,#827,.T.);
#829=ORIENTED_EDGE('',*,*,#828,.T.);
#830=CARTESIAN_POINT('',(-12.333865619795850,30.399999999999991,1.115204E-016));
#831=VERTEX_POINT('',#830);
#832=CARTESIAN_POINT('',(-17.030441927275554,30.399999999999988,0.0));
#833=DIRECTION('',(1.0,0.0,0.0));
#834=VECTOR('',#833,4.696576307479704);
#835=LINE('',#832,#834);
#836=EDGE_CURVE('',#822,#831,#835,.T.);
#837=ORIENTED_EDGE('',*,*,#836,.T.);
#838=CARTESIAN_POINT('',(-10.212545276236201,31.278679656440353,6.083034E-017));
#839=VERTEX_POINT('',#838);
#840=CARTESIAN_POINT('',(-12.333865619795848,33.399999999999999,0.0));
#841=DIRECTION('',(0.0,0.0,1.0));
#842=DIRECTION('',(0.0,-1.0,0.0));
#843=AXIS2_PLACEMENT_3D('',#840,#841,#842);
#844=CIRCLE('',#843,2.999999999999987);
#845=EDGE_CURVE('',#831,#839,#844,.T.);
#846=ORIENTED_EDGE('',*,*,#845,.T.);
#847=CARTESIAN_POINT('',(-9.678679656440353,31.812545276236193,6.083034E-017));
#848=VERTEX_POINT('',#847);
#849=CARTESIAN_POINT('',(-10.212545276236197,31.278679656440346,0.0));
#850=DIRECTION('',(0.707106781186546,0.707106781186549,0.0));
#851=VECTOR('',#850,0.755000000000004);
#852=LINE('',#849,#851);
#853=EDGE_CURVE('',#839,#848,#852,.T.);
#854=ORIENTED_EDGE('',*,*,#853,.T.);
#855=CARTESIAN_POINT('',(-8.799999999999994,33.933865619795839,1.115204E-016));
#856=VERTEX_POINT('',#855);
#857=CARTESIAN_POINT('',(-11.800000000000004,33.933865619795839,0.0));
#858=DIRECTION('',(4.079220E-017,-4.079220E-017,1.0));
#859=DIRECTION('',(0.707106781186547,-0.707106781186548,-5.768888E-017));
#860=AXIS2_PLACEMENT_3D('',#857,#858,#859);
#861=CIRCLE('',#860,3.000000000000010);
#862=EDGE_CURVE('',#848,#856,#861,.T.);
#863=ORIENTED_EDGE('',*,*,#862,.T.);
#864=CARTESIAN_POINT('',(-8.799999999999987,46.066134380204133,0.0));
#865=VERTEX_POINT('',#864);
#866=CARTESIAN_POINT('',(-8.799999999999995,33.933865619795846,0.0));
#867=DIRECTION('',(0.0,1.0,0.0));
#868=VECTOR('',#867,12.132268760408287);
#869=LINE('',#866,#868);
#870=EDGE_CURVE('',#856,#865,#869,.T.);
#871=ORIENTED_EDGE('',*,*,#870,.T.);
#872=CARTESIAN_POINT('',(-9.678679656440348,48.187454723763778,0.0));
#873=VERTEX_POINT('',#872);
#874=CARTESIAN_POINT('',(-11.799999999999997,46.066134380204133,0.0));
#875=DIRECTION('',(0.0,0.0,1.000000000000000));
#876=DIRECTION('',(0.707106781186548,0.707106781186548,0.0));
#877=AXIS2_PLACEMENT_3D('',#874,#875,#876);
#878=CIRCLE('',#877,3.000000000000010);
#879=EDGE_CURVE('',#865,#873,#878,.T.);
#880=ORIENTED_EDGE('',*,*,#879,.T.);
#881=CARTESIAN_POINT('',(-10.212545276236193,48.721320343559626,0.0));
#882=VERTEX_POINT('',#881);
#883=CARTESIAN_POINT('',(-9.678679656440348,48.187454723763778,0.0));
#884=DIRECTION('',(-0.707106781186551,0.707106781186544,0.0));
#885=VECTOR('',#884,0.754999999999999);
#886=LINE('',#883,#885);
#887=EDGE_CURVE('',#873,#882,#886,.T.);
#888=ORIENTED_EDGE('',*,*,#887,.T.);
#889=CARTESIAN_POINT('',(-12.333865619795843,49.599999999999980,0.0));
#890=VERTEX_POINT('',#889);
#891=CARTESIAN_POINT('',(-12.333865619795841,46.599999999999973,0.0));
#892=DIRECTION('',(0.0,0.0,1.0));
#893=DIRECTION('',(0.0,1.0,0.0));
#894=AXIS2_PLACEMENT_3D('',#891,#892,#893);
#895=CIRCLE('',#894,2.999999999999987);
#896=EDGE_CURVE('',#882,#890,#895,.T.);
#897=ORIENTED_EDGE('',*,*,#896,.T.);
#898=CARTESIAN_POINT('',(-17.030441927275547,49.599999999999980,0.0));
#899=VERTEX_POINT('',#898);
#900=CARTESIAN_POINT('',(-12.333865619795843,49.599999999999980,0.0));
#901=DIRECTION('',(-1.0,0.0,0.0));
#902=VECTOR('',#901,4.696576307479704);
#903=LINE('',#900,#902);
#904=EDGE_CURVE('',#890,#899,#903,.T.);
#905=ORIENTED_EDGE('',*,*,#904,.T.);
#906=CARTESIAN_POINT('',(-17.916768904986533,48.856283359900218,0.0));
#907=VERTEX_POINT('',#906);
#908=CARTESIAN_POINT('',(-17.030441927275547,48.699999999999982,0.0));
#909=DIRECTION('',(0.0,0.0,1.0));
#910=DIRECTION('',(-0.984807753012208,0.173648177666928,0.0));
#911=AXIS2_PLACEMENT_3D('',#908,#909,#910);
#912=CIRCLE('',#911,0.899999999999997);
#913=EDGE_CURVE('',#899,#907,#912,.T.);
#914=ORIENTED_EDGE('',*,*,#913,.T.);
#915=CARTESIAN_POINT('',(-18.096527080208983,47.836824088833446,0.0));
#916=VERTEX_POINT('',#915);
#917=CARTESIAN_POINT('',(-17.916768904986533,48.856283359900218,0.0));
#918=DIRECTION('',(-0.173648177666927,-0.984807753012209,0.0));
#919=VECTOR('',#918,1.035186073574843);
#920=LINE('',#917,#919);
#921=EDGE_CURVE('',#907,#916,#920,.T.);
#922=ORIENTED_EDGE('',*,*,#921,.T.);
#923=CARTESIAN_POINT('',(-17.604123203702883,47.249999999999979,0.0));
#924=VERTEX_POINT('',#923);
#925=CARTESIAN_POINT('',(-17.604123203702883,47.749999999999979,0.0));
#926=DIRECTION('',(0.0,0.0,1.0));
#927=DIRECTION('',(0.0,-1.0,0.0));
#928=AXIS2_PLACEMENT_3D('',#925,#926,#927);
#929=CIRCLE('',#928,0.500000000000000);
#930=EDGE_CURVE('',#916,#924,#929,.T.);
#931=ORIENTED_EDGE('',*,*,#930,.T.);
#932=CARTESIAN_POINT('',(-15.999999999999989,47.249999999999979,0.0));
#933=VERTEX_POINT('',#932);
#934=CARTESIAN_POINT('',(-17.604123203702883,47.249999999999979,0.0));
#935=DIRECTION('',(1.0,0.0,0.0));
#936=VECTOR('',#935,1.604123203702892);
#937=LINE('',#934,#936);
#938=EDGE_CURVE('',#924,#933,#937,.T.);
#939=ORIENTED_EDGE('',*,*,#938,.T.);
#940=CARTESIAN_POINT('',(-15.999999999999989,44.249999999999979,0.0));
#941=VERTEX_POINT('',#940);
#942=CARTESIAN_POINT('',(-15.999999999999989,47.249999999999979,0.0));
#943=DIRECTION('',(0.0,-1.0,0.0));
#944=VECTOR('',#943,3.0);
#945=LINE('',#942,#944);
#946=EDGE_CURVE('',#933,#941,#945,.T.);
#947=ORIENTED_EDGE('',*,*,#946,.T.);
#948=CARTESIAN_POINT('',(-18.999999999999986,44.249999999999979,0.0));
#949=VERTEX_POINT('',#948);
#950=CARTESIAN_POINT('',(-15.999999999999989,44.249999999999979,0.0));
#951=DIRECTION('',(-1.0,0.0,0.0));
#952=VECTOR('',#951,2.999999999999996);
#953=LINE('',#950,#952);
#954=EDGE_CURVE('',#941,#949,#953,.T.);
#955=ORIENTED_EDGE('',*,*,#954,.T.);
#956=CARTESIAN_POINT('',(-19.999999999999989,45.249999999999986,0.0));
#957=VERTEX_POINT('',#956);
#958=CARTESIAN_POINT('',(-19.999999999999996,45.249999999999986,0.0));
#959=DIRECTION('',(0.707106781186546,-0.707106781186549,0.0));
#960=VECTOR('',#959,1.414213562373103);
#961=LINE('',#958,#960);
#962=EDGE_CURVE('',#957,#949,#961,.T.);
#963=ORIENTED_EDGE('',*,*,#962,.F.);
#964=CARTESIAN_POINT('',(-19.999999999999982,58.999999999999979,0.0));
#965=VERTEX_POINT('',#964);
#966=CARTESIAN_POINT('',(-19.999999999999989,45.249999999999986,0.0));
#967=DIRECTION('',(0.0,1.0,0.0));
#968=VECTOR('',#967,13.749999999999993);
#969=LINE('',#966,#968);
#970=EDGE_CURVE('',#957,#965,#969,.T.);
#971=ORIENTED_EDGE('',*,*,#970,.T.);
#972=CARTESIAN_POINT('',(-18.999999999999982,59.999999999999986,0.0));
#973=VERTEX_POINT('',#972);
#974=CARTESIAN_POINT('',(-18.999999999999982,58.999999999999979,0.0));
#975=DIRECTION('',(0.0,0.0,1.0));
#976=DIRECTION('',(-0.707106781186549,0.707106781186546,0.0));
#977=AXIS2_PLACEMENT_3D('',#974,#975,#976);
#978=CIRCLE('',#977,1.000000000000000);
#979=EDGE_CURVE('',#973,#965,#978,.T.);
#980=ORIENTED_EDGE('',*,*,#979,.F.);
#981=CARTESIAN_POINT('',(-5.249999999999984,59.999999999999972,0.0));
#982=VERTEX_POINT('',#981);
#983=CARTESIAN_POINT('',(-18.999999999999982,59.999999999999986,0.0));
#984=DIRECTION('',(1.0,0.0,0.0));
#985=VECTOR('',#984,13.749999999999998);
#986=LINE('',#983,#985);
#987=EDGE_CURVE('',#973,#982,#986,.T.);
#988=ORIENTED_EDGE('',*,*,#987,.T.);
#989=CARTESIAN_POINT('',(-4.249999999999982,58.999999999999979,0.0));
#990=VERTEX_POINT('',#989);
#991=CARTESIAN_POINT('',(-4.249999999999984,58.999999999999986,-4.440892E-015));
#992=DIRECTION('',(-0.707106781186547,0.707106781186547,0.0));
#993=VECTOR('',#992,1.414213562373095);
#994=LINE('',#991,#993);
#995=EDGE_CURVE('',#990,#982,#994,.T.);
#996=ORIENTED_EDGE('',*,*,#995,.F.);
#997=CARTESIAN_POINT('',(-4.249999999999984,55.999999999999979,4.793083E-016));
#998=VERTEX_POINT('',#997);
#999=CARTESIAN_POINT('',(-4.249999999999983,58.999999999999979,0.0));
#1000=DIRECTION('',(0.0,-1.0,0.0));
#1001=VECTOR('',#1000,3.0);
#1002=LINE('',#999,#1001);
#1003=EDGE_CURVE('',#990,#998,#1002,.T.);
#1004=ORIENTED_EDGE('',*,*,#1003,.T.);
#1005=CARTESIAN_POINT('',(-7.249999999999986,55.999999999999979,3.569317E-016));
#1006=VERTEX_POINT('',#1005);
#1007=CARTESIAN_POINT('',(-4.249999999999984,55.999999999999979,0.0));
#1008=DIRECTION('',(-1.0,0.0,0.0));
#1009=VECTOR('',#1008,3.000000000000001);
#1010=LINE('',#1007,#1009);
#1011=EDGE_CURVE('',#998,#1006,#1010,.T.);
#1012=ORIENTED_EDGE('',*,*,#1011,.T.);
#1013=CARTESIAN_POINT('',(-7.249999999999987,57.604123203702869,4.223675E-016));
#1014=VERTEX_POINT('',#1013);
#1015=CARTESIAN_POINT('',(-7.249999999999986,55.999999999999972,0.0));
#1016=DIRECTION('',(0.0,1.0,0.0));
#1017=VECTOR('',#1016,1.604123203702898);
#1018=LINE('',#1015,#1017);
#1019=EDGE_CURVE('',#1006,#1014,#1018,.T.);
#1020=ORIENTED_EDGE('',*,*,#1019,.T.);
#1021=CARTESIAN_POINT('',(-7.836824088833452,58.096527080208979,4.185158E-016));
#1022=VERTEX_POINT('',#1021);
#1023=CARTESIAN_POINT('',(-7.749999999999987,57.604123203702869,0.0));
#1024=DIRECTION('',(0.0,0.0,1.0));
#1025=DIRECTION('',(1.0,0.0,0.0));
#1026=AXIS2_PLACEMENT_3D('',#1023,#1024,#1025);
#1027=CIRCLE('',#1026,0.500000000000000);
#1028=EDGE_CURVE('',#1014,#1022,#1027,.T.);
#1029=ORIENTED_EDGE('',*,*,#1028,.T.);
#1030=CARTESIAN_POINT('',(-8.856283359900225,57.916768904986526,3.695971E-016));
#1031=VERTEX_POINT('',#1030);
#1032=CARTESIAN_POINT('',(-7.836824088833451,58.096527080208972,0.0));
#1033=DIRECTION('',(-0.984807753012209,-0.173648177666927,0.0));
#1034=VECTOR('',#1033,1.035186073574845);
#1035=LINE('',#1032,#1034);
#1036=EDGE_CURVE('',#1022,#1031,#1035,.T.);
#1037=ORIENTED_EDGE('',*,*,#1036,.T.);
#1038=CARTESIAN_POINT('',(-9.599999999999989,57.030441927275540,3.031041E-016));
#1039=VERTEX_POINT('',#1038);
#1040=CARTESIAN_POINT('',(-8.699999999999990,57.030441927275533,0.0));
#1041=DIRECTION('',(5.745842E-018,-3.258629E-017,1.0));
#1042=DIRECTION('',(-0.173648177666928,0.984807753012208,3.308898E-017));
#1043=AXIS2_PLACEMENT_3D('',#1040,#1041,#1042);
#1044=CIRCLE('',#1043,0.899999999999997);
#1045=EDGE_CURVE('',#1031,#1039,#1044,.T.);
#1046=ORIENTED_EDGE('',*,*,#1045,.T.);
#1047=CARTESIAN_POINT('',(-9.599999999999987,52.333865619795844,1.115204E-016));
#1048=VERTEX_POINT('',#1047);
#1049=CARTESIAN_POINT('',(-9.599999999999989,57.030441927275540,0.0));
#1050=DIRECTION('',(0.0,-1.0,0.0));
#1051=VECTOR('',#1050,4.696576307479703);
#1052=LINE('',#1049,#1051);
#1053=EDGE_CURVE('',#1039,#1048,#1052,.T.);
#1054=ORIENTED_EDGE('',*,*,#1053,.T.);
#1055=CARTESIAN_POINT('',(-8.721320343559627,50.212545276236185,6.083034E-017));
#1056=VERTEX_POINT('',#1055);
#1057=CARTESIAN_POINT('',(-6.599999999999978,52.333865619795830,0.0));
#1058=DIRECTION('',(0.0,0.0,1.0));
#1059=DIRECTION('',(-1.0,0.0,0.0));
#1060=AXIS2_PLACEMENT_3D('',#1057,#1058,#1059);
#1061=CIRCLE('',#1060,2.999999999999987);
#1062=EDGE_CURVE('',#1048,#1056,#1061,.T.);
#1063=ORIENTED_EDGE('',*,*,#1062,.T.);
#1064=CARTESIAN_POINT('',(-8.187454723763784,49.678679656440337,6.083034E-017));
#1065=VERTEX_POINT('',#1064);
#1066=CARTESIAN_POINT('',(-8.721320343559629,50.212545276236185,0.0));
#1067=DIRECTION('',(0.707106781186544,-0.707106781186551,0.0));
#1068=VECTOR('',#1067,0.755000000000001);
#1069=LINE('',#1066,#1068);
#1070=EDGE_CURVE('',#1056,#1065,#1069,.T.);
#1071=ORIENTED_EDGE('',*,*,#1070,.T.);
#1072=CARTESIAN_POINT('',(-6.066134380204135,48.799999999999983,1.115204E-016));
#1073=VERTEX_POINT('',#1072);
#1074=CARTESIAN_POINT('',(-6.066134380204135,51.799999999999990,0.0));
#1075=DIRECTION('',(-4.079220E-017,-4.079220E-017,1.000000000000000));
#1076=DIRECTION('',(-0.707106781186548,-0.707106781186548,-5.768888E-017));
#1077=AXIS2_PLACEMENT_3D('',#1074,#1075,#1076);
#1078=CIRCLE('',#1077,3.000000000000010);
#1079=EDGE_CURVE('',#1065,#1073,#1078,.T.);
#1080=ORIENTED_EDGE('',*,*,#1079,.T.);
#1081=CARTESIAN_POINT('',(6.066134380204153,48.799999999999969,0.0));
#1082=VERTEX_POINT('',#1081);
#1083=CARTESIAN_POINT('',(-6.066134380204135,48.799999999999969,0.0));
#1084=DIRECTION('',(1.0,0.0,0.0));
#1085=VECTOR('',#1084,12.132268760408287);
#1086=LINE('',#1083,#1085);
#1087=EDGE_CURVE('',#1073,#1082,#1086,.T.);
#1088=ORIENTED_EDGE('',*,*,#1087,.T.);
#1089=CARTESIAN_POINT('',(8.187454723763802,49.678679656440337,0.0));
#1090=VERTEX_POINT('',#1089);
#1091=CARTESIAN_POINT('',(6.066134380204153,51.799999999999990,0.0));
#1092=DIRECTION('',(0.0,0.0,1.000000000000000));
#1093=DIRECTION('',(0.707106781186548,-0.707106781186548,0.0));
#1094=AXIS2_PLACEMENT_3D('',#1091,#1092,#1093);
#1095=CIRCLE('',#1094,3.000000000000010);
#1096=EDGE_CURVE('',#1082,#1090,#1095,.T.);
#1097=ORIENTED_EDGE('',*,*,#1096,.T.);
#1098=CARTESIAN_POINT('',(8.721320343559645,50.212545276236185,0.0));
#1099=VERTEX_POINT('',#1098);
#1100=CARTESIAN_POINT('',(8.187454723763803,49.678679656440337,0.0));
#1101=DIRECTION('',(0.707106781186543,0.707106781186552,0.0));
#1102=VECTOR('',#1101,0.755000000000000);
#1103=LINE('',#1100,#1102);
#1104=EDGE_CURVE('',#1090,#1099,#1103,.T.);
#1105=ORIENTED_EDGE('',*,*,#1104,.T.);
#1106=CARTESIAN_POINT('',(9.600000000000005,52.333865619795830,0.0));
#1107=VERTEX_POINT('',#1106);
#1108=CARTESIAN_POINT('',(6.599999999999996,52.333865619795830,0.0));
#1109=DIRECTION('',(0.0,0.0,1.0));
#1110=DIRECTION('',(1.0,0.0,0.0));
#1111=AXIS2_PLACEMENT_3D('',#1108,#1109,#1110);
#1112=CIRCLE('',#1111,2.999999999999987);
#1113=EDGE_CURVE('',#1099,#1107,#1112,.T.);
#1114=ORIENTED_EDGE('',*,*,#1113,.T.);
#1115=CARTESIAN_POINT('',(9.600000000000007,57.030441927275533,0.0));
#1116=VERTEX_POINT('',#1115);
#1117=CARTESIAN_POINT('',(9.600000000000007,52.333865619795830,0.0));
#1118=DIRECTION('',(0.0,1.0,0.0));
#1119=VECTOR('',#1118,4.696576307479703);
#1120=LINE('',#1117,#1119);
#1121=EDGE_CURVE('',#1107,#1116,#1120,.T.);
#1122=ORIENTED_EDGE('',*,*,#1121,.T.);
#1123=CARTESIAN_POINT('',(8.856283359900242,57.916768904986526,0.0));
#1124=VERTEX_POINT('',#1123);
#1125=CARTESIAN_POINT('',(8.700000000000008,57.030441927275533,0.0));
#1126=DIRECTION('',(0.0,0.0,1.0));
#1127=DIRECTION('',(0.173648177666928,0.984807753012208,0.0));
#1128=AXIS2_PLACEMENT_3D('',#1125,#1126,#1127);
#1129=CIRCLE('',#1128,0.899999999999997);
#1130=EDGE_CURVE('',#1116,#1124,#1129,.T.);
#1131=ORIENTED_EDGE('',*,*,#1130,.T.);
#1132=CARTESIAN_POINT('',(7.836824088833470,58.096527080208972,0.0));
#1133=VERTEX_POINT('',#1132);
#1134=CARTESIAN_POINT('',(8.856283359900242,57.916768904986512,0.0));
#1135=DIRECTION('',(-0.984807753012209,0.173648177666927,0.0));
#1136=VECTOR('',#1135,1.035186073574843);
#1137=LINE('',#1134,#1136);
#1138=EDGE_CURVE('',#1124,#1133,#1137,.T.);
#1139=ORIENTED_EDGE('',*,*,#1138,.T.);
#1140=CARTESIAN_POINT('',(7.250000000000004,57.604123203702869,0.0));
#1141=VERTEX_POINT('',#1140);
#1142=CARTESIAN_POINT('',(7.750000000000004,57.604123203702869,0.0));
#1143=DIRECTION('',(0.0,0.0,1.0));
#1144=DIRECTION('',(-1.0,0.0,0.0));
#1145=AXIS2_PLACEMENT_3D('',#1142,#1143,#1144);
#1146=CIRCLE('',#1145,0.500000000000000);
#1147=EDGE_CURVE('',#1133,#1141,#1146,.T.);
#1148=ORIENTED_EDGE('',*,*,#1147,.T.);
#1149=CARTESIAN_POINT('',(7.250000000000004,55.999999999999979,0.0));
#1150=VERTEX_POINT('',#1149);
#1151=CARTESIAN_POINT('',(7.250000000000004,57.604123203702869,0.0));
#1152=DIRECTION('',(0.0,-1.0,0.0));
#1153=VECTOR('',#1152,1.604123203702898);
#1154=LINE('',#1151,#1153);
#1155=EDGE_CURVE('',#1141,#1150,#1154,.T.);
#1156=ORIENTED_EDGE('',*,*,#1155,.T.);
#1157=CARTESIAN_POINT('',(4.250000000000002,55.999999999999979,0.0));
#1158=VERTEX_POINT('',#1157);
#1159=CARTESIAN_POINT('',(7.250000000000004,55.999999999999979,0.0));
#1160=DIRECTION('',(-1.0,0.0,0.0));
#1161=VECTOR('',#1160,3.0);
#1162=LINE('',#1159,#1161);
#1163=EDGE_CURVE('',#1150,#1158,#1162,.T.);
#1164=ORIENTED_EDGE('',*,*,#1163,.T.);
#1165=CARTESIAN_POINT('',(4.250000000000002,58.999999999999972,0.0));
#1166=VERTEX_POINT('',#1165);
#1167=CARTESIAN_POINT('',(4.250000000000002,55.999999999999979,0.0));
#1168=DIRECTION('',(0.0,1.0,0.0));
#1169=VECTOR('',#1168,2.999999999999993);
#1170=LINE('',#1167,#1169);
#1171=EDGE_CURVE('',#1158,#1166,#1170,.T.);
#1172=ORIENTED_EDGE('',*,*,#1171,.T.);
#1173=CARTESIAN_POINT('',(5.250000000000004,59.999999999999972,0.0));
#1174=VERTEX_POINT('',#1173);
#1175=CARTESIAN_POINT('',(5.250000000000002,59.999999999999979,0.0));
#1176=DIRECTION('',(-0.707106781186546,-0.707106781186549,0.0));
#1177=VECTOR('',#1176,1.414213562373101);
#1178=LINE('',#1175,#1177);
#1179=EDGE_CURVE('',#1174,#1166,#1178,.T.);
#1180=ORIENTED_EDGE('',*,*,#1179,.F.);
#1181=CARTESIAN_POINT('',(34.750000000000000,59.999999999999964,0.0));
#1182=VERTEX_POINT('',#1181);
#1183=CARTESIAN_POINT('',(5.250000000000004,59.999999999999979,0.0));
#1184=DIRECTION('',(1.0,0.0,0.0));
#1185=VECTOR('',#1184,29.499999999999996);
#1186=LINE('',#1183,#1185);
#1187=EDGE_CURVE('',#1174,#1182,#1186,.T.);
#1188=ORIENTED_EDGE('',*,*,#1187,.T.);
#1189=CARTESIAN_POINT('',(35.749999999999993,58.999999999999957,0.0));
#1190=VERTEX_POINT('',#1189);
#1191=CARTESIAN_POINT('',(35.750000000000000,58.999999999999957,0.0));
#1192=DIRECTION('',(-0.707106781186545,0.707106781186550,0.0));
#1193=VECTOR('',#1192,1.414213562373100);
#1194=LINE('',#1191,#1193);
#1195=EDGE_CURVE('',#1190,#1182,#1194,.T.);
#1196=ORIENTED_EDGE('',*,*,#1195,.F.);
#1197=CARTESIAN_POINT('',(35.750000000000000,55.999999999999979,0.0));
#1198=VERTEX_POINT('',#1197);
#1199=CARTESIAN_POINT('',(35.749999999999993,58.999999999999957,0.0));
#1200=DIRECTION('',(0.0,-1.0,0.0));
#1201=VECTOR('',#1200,2.999999999999979);
#1202=LINE('',#1199,#1201);
#1203=EDGE_CURVE('',#1190,#1198,#1202,.T.);
#1204=ORIENTED_EDGE('',*,*,#1203,.T.);
#1205=CARTESIAN_POINT('',(32.749999999999993,55.999999999999979,0.0));
#1206=VERTEX_POINT('',#1205);
#1207=CARTESIAN_POINT('',(35.749999999999993,55.999999999999979,0.0));
#1208=DIRECTION('',(-1.0,0.0,0.0));
#1209=VECTOR('',#1208,3.0);
#1210=LINE('',#1207,#1209);
#1211=EDGE_CURVE('',#1198,#1206,#1210,.T.);
#1212=ORIENTED_EDGE('',*,*,#1211,.T.);
#1213=CARTESIAN_POINT('',(32.749999999999993,57.604123203702869,0.0));
#1214=VERTEX_POINT('',#1213);
#1215=CARTESIAN_POINT('',(32.750000000000000,55.999999999999979,0.0));
#1216=DIRECTION('',(0.0,1.0,0.0));
#1217=VECTOR('',#1216,1.604123203702891);
#1218=LINE('',#1215,#1217);
#1219=EDGE_CURVE('',#1206,#1214,#1218,.T.);
#1220=ORIENTED_EDGE('',*,*,#1219,.T.);
#1221=CARTESIAN_POINT('',(32.163175911166533,58.096527080208972,0.0));
#1222=VERTEX_POINT('',#1221);
#1223=CARTESIAN_POINT('',(32.250000000000000,57.604123203702869,0.0));
#1224=DIRECTION('',(0.0,0.0,1.0));
#1225=DIRECTION('',(1.0,0.0,0.0));
#1226=AXIS2_PLACEMENT_3D('',#1223,#1224,#1225);
#1227=CIRCLE('',#1226,0.500000000000000);
#1228=EDGE_CURVE('',#1214,#1222,#1227,.T.);
#1229=ORIENTED_EDGE('',*,*,#1228,.T.);
#1230=CARTESIAN_POINT('',(31.143716640099758,57.916768904986512,0.0));
#1231=VERTEX_POINT('',#1230);
#1232=CARTESIAN_POINT('',(32.163175911166533,58.096527080208965,8.881784E-015));
#1233=DIRECTION('',(-0.984807753012210,-0.173648177666921,0.0));
#1234=VECTOR('',#1233,1.035186073574842);
#1235=LINE('',#1232,#1234);
#1236=EDGE_CURVE('',#1222,#1231,#1235,.T.);
#1237=ORIENTED_EDGE('',*,*,#1236,.T.);
#1238=CARTESIAN_POINT('',(30.399999999999991,57.030441927275533,0.0));
#1239=VERTEX_POINT('',#1238);
#1240=CARTESIAN_POINT('',(31.299999999999990,57.030441927275533,0.0));
#1241=DIRECTION('',(0.0,0.0,1.0));
#1242=DIRECTION('',(-0.173648177666928,0.984807753012209,0.0));
#1243=AXIS2_PLACEMENT_3D('',#1240,#1241,#1242);
#1244=CIRCLE('',#1243,0.899999999999997);
#1245=EDGE_CURVE('',#1231,#1239,#1244,.T.);
#1246=ORIENTED_EDGE('',*,*,#1245,.T.);
#1247=CARTESIAN_POINT('',(30.399999999999991,52.333865619795830,0.0));
#1248=VERTEX_POINT('',#1247);
#1249=CARTESIAN_POINT('',(30.399999999999991,57.030441927275533,0.0));
#1250=DIRECTION('',(0.0,-1.0,0.0));
#1251=VECTOR('',#1250,4.696576307479703);
#1252=LINE('',#1249,#1251);
#1253=EDGE_CURVE('',#1239,#1248,#1252,.T.);
#1254=ORIENTED_EDGE('',*,*,#1253,.T.);
#1255=CARTESIAN_POINT('',(31.278679656440353,50.212545276236185,0.0));
#1256=VERTEX_POINT('',#1255);
#1257=CARTESIAN_POINT('',(33.399999999999999,52.333865619795823,0.0));
#1258=DIRECTION('',(0.0,0.0,1.0));
#1259=DIRECTION('',(-1.0,0.0,0.0));
#1260=AXIS2_PLACEMENT_3D('',#1257,#1258,#1259);
#1261=CIRCLE('',#1260,2.999999999999987);
#1262=EDGE_CURVE('',#1248,#1256,#1261,.T.);
#1263=ORIENTED_EDGE('',*,*,#1262,.T.);
#1264=CARTESIAN_POINT('',(31.812545276236193,49.678679656440330,0.0));
#1265=VERTEX_POINT('',#1264);
#1266=CARTESIAN_POINT('',(31.278679656440346,50.212545276236177,0.0));
#1267=DIRECTION('',(0.707106781186547,-0.707106781186547,0.0));
#1268=VECTOR('',#1267,0.755000000000005);
#1269=LINE('',#1266,#1268);
#1270=EDGE_CURVE('',#1256,#1265,#1269,.T.);
#1271=ORIENTED_EDGE('',*,*,#1270,.T.);
#1272=CARTESIAN_POINT('',(33.933865619795839,48.799999999999969,0.0));
#1273=VERTEX_POINT('',#1272);
#1274=CARTESIAN_POINT('',(33.933865619795839,51.799999999999983,0.0));
#1275=DIRECTION('',(0.0,0.0,1.0));
#1276=DIRECTION('',(-0.707106781186548,-0.707106781186547,0.0));
#1277=AXIS2_PLACEMENT_3D('',#1274,#1275,#1276);
#1278=CIRCLE('',#1277,3.000000000000010);
#1279=EDGE_CURVE('',#1265,#1273,#1278,.T.);
#1280=ORIENTED_EDGE('',*,*,#1279,.T.);
#1281=CARTESIAN_POINT('',(46.066134380204133,48.799999999999969,1.115204E-016));
#1282=VERTEX_POINT('',#1281);
#1283=CARTESIAN_POINT('',(33.933865619795846,48.799999999999969,0.0));
#1284=DIRECTION('',(1.0,0.0,0.0));
#1285=VECTOR('',#1284,12.132268760408287);
#1286=LINE('',#1283,#1285);
#1287=EDGE_CURVE('',#1273,#1282,#1286,.T.);
#1288=ORIENTED_EDGE('',*,*,#1287,.T.);
#1289=CARTESIAN_POINT('',(48.187454723763778,49.678679656440330,6.083034E-017));
#1290=VERTEX_POINT('',#1289);
#1291=CARTESIAN_POINT('',(46.066134380204140,51.799999999999983,0.0));
#1292=DIRECTION('',(4.079220E-017,-4.079220E-017,1.0));
#1293=DIRECTION('',(0.707106781186547,-0.707106781186548,-5.768888E-017));
#1294=AXIS2_PLACEMENT_3D('',#1291,#1292,#1293);
#1295=CIRCLE('',#1294,3.000000000000010);
#1296=EDGE_CURVE('',#1282,#1290,#1295,.T.);
#1297=ORIENTED_EDGE('',*,*,#1296,.T.);
#1298=CARTESIAN_POINT('',(48.721320343559626,50.212545276236185,6.083034E-017));
#1299=VERTEX_POINT('',#1298);
#1300=CARTESIAN_POINT('',(48.187454723763778,49.678679656440337,0.0));
#1301=DIRECTION('',(0.707106781186547,0.707106781186547,0.0));
#1302=VECTOR('',#1301,0.755000000000005);
#1303=LINE('',#1300,#1302);
#1304=EDGE_CURVE('',#1290,#1299,#1303,.T.);
#1305=ORIENTED_EDGE('',*,*,#1304,.T.);
#1306=CARTESIAN_POINT('',(49.599999999999980,52.333865619795830,1.115204E-016));
#1307=VERTEX_POINT('',#1306);
#1308=CARTESIAN_POINT('',(46.599999999999980,52.333865619795823,0.0));
#1309=DIRECTION('',(0.0,0.0,1.0));
#1310=DIRECTION('',(1.0,0.0,0.0));
#1311=AXIS2_PLACEMENT_3D('',#1308,#1309,#1310);
#1312=CIRCLE('',#1311,2.999999999999987);
#1313=EDGE_CURVE('',#1299,#1307,#1312,.T.);
#1314=ORIENTED_EDGE('',*,*,#1313,.T.);
#1315=CARTESIAN_POINT('',(49.599999999999980,57.030441927275533,3.031041E-016));
#1316=VERTEX_POINT('',#1315);
#1317=CARTESIAN_POINT('',(49.599999999999980,52.333865619795830,0.0));
#1318=DIRECTION('',(0.0,1.0,0.0));
#1319=VECTOR('',#1318,4.696576307479703);
#1320=LINE('',#1317,#1319);
#1321=EDGE_CURVE('',#1307,#1316,#1320,.T.);
#1322=ORIENTED_EDGE('',*,*,#1321,.T.);
#1323=CARTESIAN_POINT('',(48.856283359900218,57.916768904986512,3.695971E-016));
#1324=VERTEX_POINT('',#1323);
#1325=CARTESIAN_POINT('',(48.699999999999989,57.030441927275533,0.0));
#1326=DIRECTION('',(-5.745842E-018,-3.258629E-017,1.0));
#1327=DIRECTION('',(0.173648177666928,0.984807753012208,3.308898E-017));
#1328=AXIS2_PLACEMENT_3D('',#1325,#1326,#1327);
#1329=CIRCLE('',#1328,0.899999999999997);
#1330=EDGE_CURVE('',#1316,#1324,#1329,.T.);
#1331=ORIENTED_EDGE('',*,*,#1330,.T.);
#1332=CARTESIAN_POINT('',(47.836824088833446,58.096527080208972,4.185158E-016));
#1333=VERTEX_POINT('',#1332);
#1334=CARTESIAN_POINT('',(48.856283359900225,57.916768904986519,-8.881784E-015));
#1335=DIRECTION('',(-0.984807753012209,0.173648177666926,0.0));
#1336=VECTOR('',#1335,1.035186073574850);
#1337=LINE('',#1334,#1336);
#1338=EDGE_CURVE('',#1324,#1333,#1337,.T.);
#1339=ORIENTED_EDGE('',*,*,#1338,.T.);
#1340=CARTESIAN_POINT('',(47.249999999999986,57.604123203702869,4.223675E-016));
#1341=VERTEX_POINT('',#1340);
#1342=CARTESIAN_POINT('',(47.749999999999986,57.604123203702862,0.0));
#1343=DIRECTION('',(0.0,0.0,1.0));
#1344=DIRECTION('',(-1.0,0.0,0.0));
#1345=AXIS2_PLACEMENT_3D('',#1342,#1343,#1344);
#1346=CIRCLE('',#1345,0.500000000000000);
#1347=EDGE_CURVE('',#1333,#1341,#1346,.T.);
#1348=ORIENTED_EDGE('',*,*,#1347,.T.);
#1349=CARTESIAN_POINT('',(47.249999999999979,55.999999999999979,3.569317E-016));
#1350=VERTEX_POINT('',#1349);
#1351=CARTESIAN_POINT('',(47.249999999999993,57.604123203702869,0.0));
#1352=DIRECTION('',(0.0,-1.0,0.0));
#1353=VECTOR('',#1352,1.604123203702891);
#1354=LINE('',#1351,#1353);
#1355=EDGE_CURVE('',#1341,#1350,#1354,.T.);
#1356=ORIENTED_EDGE('',*,*,#1355,.T.);
#1357=CARTESIAN_POINT('',(44.249999999999979,55.999999999999979,4.793083E-016));
#1358=VERTEX_POINT('',#1357);
#1359=CARTESIAN_POINT('',(47.249999999999979,55.999999999999979,0.0));
#1360=DIRECTION('',(-1.0,0.0,0.0));
#1361=VECTOR('',#1360,3.0);
#1362=LINE('',#1359,#1361);
#1363=EDGE_CURVE('',#1350,#1358,#1362,.T.);
#1364=ORIENTED_EDGE('',*,*,#1363,.T.);
#1365=CARTESIAN_POINT('',(44.249999999999979,58.999999999999957,0.0));
#1366=VERTEX_POINT('',#1365);
#1367=CARTESIAN_POINT('',(44.249999999999979,55.999999999999986,0.0));
#1368=DIRECTION('',(0.0,1.0,0.0));
#1369=VECTOR('',#1368,2.999999999999979);
#1370=LINE('',#1367,#1369);
#1371=EDGE_CURVE('',#1358,#1366,#1370,.T.);
#1372=ORIENTED_EDGE('',*,*,#1371,.T.);
#1373=CARTESIAN_POINT('',(45.249999999999986,59.999999999999964,0.0));
#1374=VERTEX_POINT('',#1373);
#1375=CARTESIAN_POINT('',(45.249999999999986,59.999999999999957,0.0));
#1376=DIRECTION('',(-0.707106781186547,-0.707106781186547,0.0));
#1377=VECTOR('',#1376,1.414213562373095);
#1378=LINE('',#1375,#1377);
#1379=EDGE_CURVE('',#1374,#1366,#1378,.T.);
#1380=ORIENTED_EDGE('',*,*,#1379,.F.);
#1381=CARTESIAN_POINT('',(58.999999999999986,59.999999999999957,0.0));
#1382=VERTEX_POINT('',#1381);
#1383=CARTESIAN_POINT('',(45.249999999999986,59.999999999999964,0.0));
#1384=DIRECTION('',(1.0,0.0,0.0));
#1385=VECTOR('',#1384,13.750000000000000);
#1386=LINE('',#1383,#1385);
#1387=EDGE_CURVE('',#1374,#1382,#1386,.T.);
#1388=ORIENTED_EDGE('',*,*,#1387,.T.);
#1389=CARTESIAN_POINT('',(59.999999999999986,58.999999999999957,0.0));
#1390=VERTEX_POINT('',#1389);
#1391=CARTESIAN_POINT('',(58.999999999999986,58.999999999999957,0.0));
#1392=DIRECTION('',(0.0,0.0,1.000000000000000));
#1393=DIRECTION('',(0.707106781186548,0.707106781186548,0.0));
#1394=AXIS2_PLACEMENT_3D('',#1391,#1392,#1393);
#1395=CIRCLE('',#1394,1.000000000000000);
#1396=EDGE_CURVE('',#1390,#1382,#1395,.T.);
#1397=ORIENTED_EDGE('',*,*,#1396,.F.);
#1398=CARTESIAN_POINT('',(59.999999999999986,45.249999999999972,0.0));
#1399=VERTEX_POINT('',#1398);
#1400=CARTESIAN_POINT('',(59.999999999999986,45.249999999999972,0.0));
#1401=DIRECTION('',(0.0,1.0,0.0));
#1402=VECTOR('',#1401,13.749999999999986);
#1403=LINE('',#1400,#1402);
#1404=EDGE_CURVE('',#1399,#1390,#1403,.T.);
#1405=ORIENTED_EDGE('',*,*,#1404,.F.);
#1406=CARTESIAN_POINT('',(58.999999999999986,44.249999999999972,0.0));
#1407=VERTEX_POINT('',#1406);
#1408=CARTESIAN_POINT('',(58.999999999999986,44.249999999999979,0.0));
#1409=DIRECTION('',(0.707106781186550,0.707106781186545,0.0));
#1410=VECTOR('',#1409,1.414213562373090);
#1411=LINE('',#1408,#1410);
#1412=EDGE_CURVE('',#1407,#1399,#1411,.T.);
#1413=ORIENTED_EDGE('',*,*,#1412,.F.);
#1414=CARTESIAN_POINT('',(55.999999999999986,44.249999999999972,0.0));
#1415=VERTEX_POINT('',#1414);
#1416=CARTESIAN_POINT('',(58.999999999999986,44.249999999999972,0.0));
#1417=DIRECTION('',(-1.0,0.0,0.0));
#1418=VECTOR('',#1417,3.0);
#1419=LINE('',#1416,#1418);
#1420=EDGE_CURVE('',#1407,#1415,#1419,.T.);
#1421=ORIENTED_EDGE('',*,*,#1420,.T.);
#1422=CARTESIAN_POINT('',(55.999999999999986,47.249999999999972,0.0));
#1423=VERTEX_POINT('',#1422);
#1424=CARTESIAN_POINT('',(56.0,44.249999999999972,0.0));
#1425=DIRECTION('',(0.0,1.0,0.0));
#1426=VECTOR('',#1425,3.0);
#1427=LINE('',#1424,#1426);
#1428=EDGE_CURVE('',#1415,#1423,#1427,.T.);
#1429=ORIENTED_EDGE('',*,*,#1428,.T.);
#1430=CARTESIAN_POINT('',(57.604123203702869,47.249999999999972,0.0));
#1431=VERTEX_POINT('',#1430);
#1432=CARTESIAN_POINT('',(55.999999999999986,47.249999999999972,0.0));
#1433=DIRECTION('',(1.0,0.0,0.0));
#1434=VECTOR('',#1433,1.604123203702883);
#1435=LINE('',#1432,#1434);
#1436=EDGE_CURVE('',#1423,#1431,#1435,.T.);
#1437=ORIENTED_EDGE('',*,*,#1436,.T.);
#1438=CARTESIAN_POINT('',(58.096527080208979,47.836824088833438,0.0));
#1439=VERTEX_POINT('',#1438);
#1440=CARTESIAN_POINT('',(57.604123203702869,47.749999999999972,0.0));
#1441=DIRECTION('',(0.0,0.0,1.0));
#1442=DIRECTION('',(0.0,-1.0,0.0));
#1443=AXIS2_PLACEMENT_3D('',#1440,#1441,#1442);
#1444=CIRCLE('',#1443,0.500000000000000);
#1445=EDGE_CURVE('',#1431,#1439,#1444,.T.);
#1446=ORIENTED_EDGE('',*,*,#1445,.T.);
#1447=CARTESIAN_POINT('',(57.916768904986533,48.856283359900210,0.0));
#1448=VERTEX_POINT('',#1447);
#1449=CARTESIAN_POINT('',(58.096527080208972,47.836824088833438,0.0));
#1450=DIRECTION('',(-0.173648177666927,0.984807753012209,0.0));
#1451=VECTOR('',#1450,1.035186073574843);
#1452=LINE('',#1449,#1451);
#1453=EDGE_CURVE('',#1439,#1448,#1452,.T.);
#1454=ORIENTED_EDGE('',*,*,#1453,.T.);
#1455=CARTESIAN_POINT('',(57.030441927275540,49.599999999999973,0.0));
#1456=VERTEX_POINT('',#1455);
#1457=CARTESIAN_POINT('',(57.030441927275540,48.699999999999974,0.0));
#1458=DIRECTION('',(0.0,0.0,1.000000000000000));
#1459=DIRECTION('',(0.984807753012209,0.173648177666928,0.0));
#1460=AXIS2_PLACEMENT_3D('',#1457,#1458,#1459);
#1461=CIRCLE('',#1460,0.899999999999997);
#1462=EDGE_CURVE('',#1448,#1456,#1461,.T.);
#1463=ORIENTED_EDGE('',*,*,#1462,.T.);
#1464=CARTESIAN_POINT('',(52.333865619795844,49.599999999999973,0.0));
#1465=VERTEX_POINT('',#1464);
#1466=CARTESIAN_POINT('',(57.030441927275547,49.599999999999973,0.0));
#1467=DIRECTION('',(-1.0,0.0,0.0));
#1468=VECTOR('',#1467,4.696576307479703);
#1469=LINE('',#1466,#1468);
#1470=EDGE_CURVE('',#1456,#1465,#1469,.T.);
#1471=ORIENTED_EDGE('',*,*,#1470,.T.);
#1472=CARTESIAN_POINT('',(50.212545276236185,48.721320343559611,0.0));
#1473=VERTEX_POINT('',#1472);
#1474=CARTESIAN_POINT('',(52.333865619795844,46.599999999999966,0.0));
#1475=DIRECTION('',(0.0,0.0,1.0));
#1476=DIRECTION('',(0.0,1.0,0.0));
#1477=AXIS2_PLACEMENT_3D('',#1474,#1475,#1476);
#1478=CIRCLE('',#1477,2.999999999999987);
#1479=EDGE_CURVE('',#1465,#1473,#1478,.T.);
#1480=ORIENTED_EDGE('',*,*,#1479,.T.);
#1481=CARTESIAN_POINT('',(49.678679656440337,48.187454723763771,0.0));
#1482=VERTEX_POINT('',#1481);
#1483=CARTESIAN_POINT('',(50.212545276236185,48.721320343559611,0.0));
#1484=DIRECTION('',(-0.707106781186552,-0.707106781186543,0.0));
#1485=VECTOR('',#1484,0.755000000000000);
#1486=LINE('',#1483,#1485);
#1487=EDGE_CURVE('',#1473,#1482,#1486,.T.);
#1488=ORIENTED_EDGE('',*,*,#1487,.T.);
#1489=CARTESIAN_POINT('',(48.799999999999983,46.066134380204119,0.0));
#1490=VERTEX_POINT('',#1489);
#1491=CARTESIAN_POINT('',(51.799999999999997,46.066134380204119,0.0));
#1492=DIRECTION('',(0.0,0.0,1.0));
#1493=DIRECTION('',(-0.707106781186547,0.707106781186548,0.0));
#1494=AXIS2_PLACEMENT_3D('',#1491,#1492,#1493);
#1495=CIRCLE('',#1494,3.000000000000010);
#1496=EDGE_CURVE('',#1482,#1490,#1495,.T.);
#1497=ORIENTED_EDGE('',*,*,#1496,.T.);
#1498=CARTESIAN_POINT('',(48.799999999999990,33.933865619795831,1.115204E-016));
#1499=VERTEX_POINT('',#1498);
#1500=CARTESIAN_POINT('',(48.799999999999983,46.066134380204119,0.0));
#1501=DIRECTION('',(0.0,-1.0,0.0));
#1502=VECTOR('',#1501,12.132268760408287);
#1503=LINE('',#1500,#1502);
#1504=EDGE_CURVE('',#1490,#1499,#1503,.T.);
#1505=ORIENTED_EDGE('',*,*,#1504,.T.);
#1506=CARTESIAN_POINT('',(49.678679656440352,31.812545276236186,6.083034E-017));
#1507=VERTEX_POINT('',#1506);
#1508=CARTESIAN_POINT('',(51.799999999999990,33.933865619795839,0.0));
#1509=DIRECTION('',(-4.079220E-017,-4.079220E-017,1.000000000000000));
#1510=DIRECTION('',(-0.707106781186548,-0.707106781186548,-5.768888E-017));
#1511=AXIS2_PLACEMENT_3D('',#1508,#1509,#1510);
#1512=CIRCLE('',#1511,3.000000000000010);
#1513=EDGE_CURVE('',#1499,#1507,#1512,.T.);
#1514=ORIENTED_EDGE('',*,*,#1513,.T.);
#1515=CARTESIAN_POINT('',(50.212545276236192,31.278679656440342,6.083034E-017));
#1516=VERTEX_POINT('',#1515);
#1517=CARTESIAN_POINT('',(49.678679656440352,31.812545276236182,0.0));
#1518=DIRECTION('',(0.707106781186545,-0.707106781186550,0.0));
#1519=VECTOR('',#1518,0.754999999999998);
#1520=LINE('',#1517,#1519);
#1521=EDGE_CURVE('',#1507,#1516,#1520,.T.);
#1522=ORIENTED_EDGE('',*,*,#1521,.T.);
#1523=CARTESIAN_POINT('',(52.333865619795844,30.399999999999984,1.115204E-016));
#1524=VERTEX_POINT('',#1523);
#1525=CARTESIAN_POINT('',(52.333865619795830,33.399999999999991,0.0));
#1526=DIRECTION('',(0.0,0.0,1.0));
#1527=DIRECTION('',(0.0,-1.0,0.0));
#1528=AXIS2_PLACEMENT_3D('',#1525,#1526,#1527);
#1529=CIRCLE('',#1528,2.999999999999987);
#1530=EDGE_CURVE('',#1516,#1524,#1529,.T.);
#1531=ORIENTED_EDGE('',*,*,#1530,.T.);
#1532=CARTESIAN_POINT('',(57.030441927275547,30.399999999999984,3.031041E-016));
#1533=VERTEX_POINT('',#1532);
#1534=CARTESIAN_POINT('',(52.333865619795844,30.399999999999984,0.0));
#1535=DIRECTION('',(1.0,0.0,0.0));
#1536=VECTOR('',#1535,4.696576307479710);
#1537=LINE('',#1534,#1536);
#1538=EDGE_CURVE('',#1524,#1533,#1537,.T.);
#1539=ORIENTED_EDGE('',*,*,#1538,.T.);
#1540=CARTESIAN_POINT('',(57.916768904986533,31.143716640099743,3.695971E-016));
#1541=VERTEX_POINT('',#1540);
#1542=CARTESIAN_POINT('',(57.030441927275540,31.299999999999983,0.0));
#1543=DIRECTION('',(-3.258629E-017,5.745842E-018,1.0));
#1544=DIRECTION('',(0.984807753012208,-0.173648177666928,3.308898E-017));
#1545=AXIS2_PLACEMENT_3D('',#1542,#1543,#1544);
#1546=CIRCLE('',#1545,0.899999999999997);
#1547=EDGE_CURVE('',#1533,#1541,#1546,.T.);
#1548=ORIENTED_EDGE('',*,*,#1547,.T.);
#1549=CARTESIAN_POINT('',(58.096527080208986,32.163175911166519,4.185158E-016));
#1550=VERTEX_POINT('',#1549);
#1551=CARTESIAN_POINT('',(57.916768904986526,31.143716640099747,0.0));
#1552=DIRECTION('',(0.173648177666927,0.984807753012209,0.0));
#1553=VECTOR('',#1552,1.035186073574843);
#1554=LINE('',#1551,#1553);
#1555=EDGE_CURVE('',#1541,#1550,#1554,.T.);
#1556=ORIENTED_EDGE('',*,*,#1555,.T.);
#1557=CARTESIAN_POINT('',(57.604123203702883,32.749999999999986,4.223675E-016));
#1558=VERTEX_POINT('',#1557);
#1559=CARTESIAN_POINT('',(57.604123203702869,32.249999999999986,0.0));
#1560=DIRECTION('',(0.0,0.0,1.0));
#1561=DIRECTION('',(0.0,1.0,0.0));
#1562=AXIS2_PLACEMENT_3D('',#1559,#1560,#1561);
#1563=CIRCLE('',#1562,0.500000000000000);
#1564=EDGE_CURVE('',#1550,#1558,#1563,.T.);
#1565=ORIENTED_EDGE('',*,*,#1564,.T.);
#1566=CARTESIAN_POINT('',(55.999999999999986,32.749999999999986,3.569317E-016));
#1567=VERTEX_POINT('',#1566);
#1568=CARTESIAN_POINT('',(57.604123203702883,32.749999999999986,0.0));
#1569=DIRECTION('',(-1.0,0.0,0.0));
#1570=VECTOR('',#1569,1.604123203702898);
#1571=LINE('',#1568,#1570);
#1572=EDGE_CURVE('',#1558,#1567,#1571,.T.);
#1573=ORIENTED_EDGE('',*,*,#1572,.T.);
#1574=CARTESIAN_POINT('',(55.999999999999986,35.749999999999986,4.793083E-016));
#1575=VERTEX_POINT('',#1574);
#1576=CARTESIAN_POINT('',(55.999999999999979,32.749999999999986,0.0));
#1577=DIRECTION('',(0.0,1.0,0.0));
#1578=VECTOR('',#1577,3.0);
#1579=LINE('',#1576,#1578);
#1580=EDGE_CURVE('',#1567,#1575,#1579,.T.);
#1581=ORIENTED_EDGE('',*,*,#1580,.T.);
#1582=CARTESIAN_POINT('',(58.999999999999979,35.749999999999986,0.0));
#1583=VERTEX_POINT('',#1582);
#1584=CARTESIAN_POINT('',(55.999999999999993,35.749999999999986,0.0));
#1585=DIRECTION('',(1.0,0.0,0.0));
#1586=VECTOR('',#1585,2.999999999999986);
#1587=LINE('',#1584,#1586);
#1588=EDGE_CURVE('',#1575,#1583,#1587,.T.);
#1589=ORIENTED_EDGE('',*,*,#1588,.T.);
#1590=CARTESIAN_POINT('',(59.999999999999986,34.749999999999986,0.0));
#1591=VERTEX_POINT('',#1590);
#1592=CARTESIAN_POINT('',(59.999999999999986,34.749999999999986,0.0));
#1593=DIRECTION('',(-0.707106781186550,0.707106781186545,0.0));
#1594=VECTOR('',#1593,1.414213562373100);
#1595=LINE('',#1592,#1594);
#1596=EDGE_CURVE('',#1591,#1583,#1595,.T.);
#1597=ORIENTED_EDGE('',*,*,#1596,.F.);
#1598=CARTESIAN_POINT('',(59.999999999999986,5.249999999999984,0.0));
#1599=VERTEX_POINT('',#1598);
#1600=CARTESIAN_POINT('',(59.999999999999993,34.749999999999986,0.0));
#1601=DIRECTION('',(0.0,-1.0,0.0));
#1602=VECTOR('',#1601,29.500000000000004);
#1603=LINE('',#1600,#1602);
#1604=EDGE_CURVE('',#1591,#1599,#1603,.T.);
#1605=ORIENTED_EDGE('',*,*,#1604,.T.);
#1606=CARTESIAN_POINT('',(58.999999999999979,4.249999999999984,0.0));
#1607=VERTEX_POINT('',#1606);
#1608=CARTESIAN_POINT('',(58.999999999999979,4.249999999999986,0.0));
#1609=DIRECTION('',(0.707106781186546,0.707106781186549,0.0));
#1610=VECTOR('',#1609,1.414213562373098);
#1611=LINE('',#1608,#1610);
#1612=EDGE_CURVE('',#1607,#1599,#1611,.T.);
#1613=ORIENTED_EDGE('',*,*,#1612,.F.);
#1614=CARTESIAN_POINT('',(55.999999999999986,4.249999999999986,4.793083E-016));
#1615=VERTEX_POINT('',#1614);
#1616=CARTESIAN_POINT('',(58.999999999999979,4.249999999999984,0.0));
#1617=DIRECTION('',(-1.0,0.0,0.0));
#1618=VECTOR('',#1617,2.999999999999986);
#1619=LINE('',#1616,#1618);
#1620=EDGE_CURVE('',#1607,#1615,#1619,.T.);
#1621=ORIENTED_EDGE('',*,*,#1620,.T.);
#1622=CARTESIAN_POINT('',(55.999999999999979,7.249999999999987,3.569317E-016));
#1623=VERTEX_POINT('',#1622);
#1624=CARTESIAN_POINT('',(55.999999999999979,4.249999999999986,0.0));
#1625=DIRECTION('',(0.0,1.0,0.0));
#1626=VECTOR('',#1625,3.0);
#1627=LINE('',#1624,#1626);
#1628=EDGE_CURVE('',#1615,#1623,#1627,.T.);
#1629=ORIENTED_EDGE('',*,*,#1628,.T.);
#1630=CARTESIAN_POINT('',(57.604123203702869,7.249999999999987,4.223675E-016));
#1631=VERTEX_POINT('',#1630);
#1632=CARTESIAN_POINT('',(55.999999999999979,7.249999999999988,0.0));
#1633=DIRECTION('',(1.0,0.0,0.0));
#1634=VECTOR('',#1633,1.604123203702891);
#1635=LINE('',#1632,#1634);
#1636=EDGE_CURVE('',#1623,#1631,#1635,.T.);
#1637=ORIENTED_EDGE('',*,*,#1636,.T.);
#1638=CARTESIAN_POINT('',(58.096527080208979,7.836824088833452,4.185158E-016));
#1639=VERTEX_POINT('',#1638);
#1640=CARTESIAN_POINT('',(57.604123203702869,7.749999999999987,0.0));
#1641=DIRECTION('',(0.0,0.0,1.0));
#1642=DIRECTION('',(0.0,-1.0,0.0));
#1643=AXIS2_PLACEMENT_3D('',#1640,#1641,#1642);
#1644=CIRCLE('',#1643,0.500000000000000);
#1645=EDGE_CURVE('',#1631,#1639,#1644,.T.);
#1646=ORIENTED_EDGE('',*,*,#1645,.T.);
#1647=CARTESIAN_POINT('',(57.916768904986526,8.856283359900225,3.695971E-016));
#1648=VERTEX_POINT('',#1647);
#1649=CARTESIAN_POINT('',(58.096527080208972,7.836824088833451,0.0));
#1650=DIRECTION('',(-0.173648177666927,0.984807753012209,0.0));
#1651=VECTOR('',#1650,1.035186073574845);
#1652=LINE('',#1649,#1651);
#1653=EDGE_CURVE('',#1639,#1648,#1652,.T.);
#1654=ORIENTED_EDGE('',*,*,#1653,.T.);
#1655=CARTESIAN_POINT('',(57.030441927275540,9.599999999999989,3.031041E-016));
#1656=VERTEX_POINT('',#1655);
#1657=CARTESIAN_POINT('',(57.030441927275533,8.699999999999990,0.0));
#1658=DIRECTION('',(-3.258629E-017,-5.745842E-018,1.000000000000000));
#1659=DIRECTION('',(0.984807753012208,0.173648177666928,3.308898E-017));
#1660=AXIS2_PLACEMENT_3D('',#1657,#1658,#1659);
#1661=CIRCLE('',#1660,0.899999999999997);
#1662=EDGE_CURVE('',#1648,#1656,#1661,.T.);
#1663=ORIENTED_EDGE('',*,*,#1662,.T.);
#1664=CARTESIAN_POINT('',(52.333865619795844,9.599999999999989,1.115204E-016));
#1665=VERTEX_POINT('',#1664);
#1666=CARTESIAN_POINT('',(57.030441927275547,9.599999999999989,0.0));
#1667=DIRECTION('',(-1.0,0.0,0.0));
#1668=VECTOR('',#1667,4.696576307479703);
#1669=LINE('',#1666,#1668);
#1670=EDGE_CURVE('',#1656,#1665,#1669,.T.);
#1671=ORIENTED_EDGE('',*,*,#1670,.T.);
#1672=CARTESIAN_POINT('',(50.212545276236185,8.721320343559629,6.083034E-017));
#1673=VERTEX_POINT('',#1672);
#1674=CARTESIAN_POINT('',(52.333865619795830,6.599999999999979,0.0));
#1675=DIRECTION('',(0.0,0.0,1.0));
#1676=DIRECTION('',(0.0,1.0,0.0));
#1677=AXIS2_PLACEMENT_3D('',#1674,#1675,#1676);
#1678=CIRCLE('',#1677,2.999999999999987);
#1679=EDGE_CURVE('',#1665,#1673,#1678,.T.);
#1680=ORIENTED_EDGE('',*,*,#1679,.T.);
#1681=CARTESIAN_POINT('',(49.678679656440337,8.187454723763786,6.083034E-017));
#1682=VERTEX_POINT('',#1681);
#1683=CARTESIAN_POINT('',(50.212545276236185,8.721320343559626,0.0));
#1684=DIRECTION('',(-0.707106781186546,-0.707106781186549,0.0));
#1685=VECTOR('',#1684,0.754999999999996);
#1686=LINE('',#1683,#1685);
#1687=EDGE_CURVE('',#1673,#1682,#1686,.T.);
#1688=ORIENTED_EDGE('',*,*,#1687,.T.);
#1689=CARTESIAN_POINT('',(48.799999999999983,6.066134380204137,1.115204E-016));
#1690=VERTEX_POINT('',#1689);
#1691=CARTESIAN_POINT('',(51.799999999999990,6.066134380204136,0.0));
#1692=DIRECTION('',(-4.079220E-017,4.079220E-017,1.000000000000000));
#1693=DIRECTION('',(-0.707106781186548,0.707106781186548,-5.768888E-017));
#1694=AXIS2_PLACEMENT_3D('',#1691,#1692,#1693);
#1695=CIRCLE('',#1694,3.000000000000010);
#1696=EDGE_CURVE('',#1682,#1690,#1695,.T.);
#1697=ORIENTED_EDGE('',*,*,#1696,.T.);
#1698=CARTESIAN_POINT('',(48.799999999999983,-6.066134380204149,0.0));
#1699=VERTEX_POINT('',#1698);
#1700=CARTESIAN_POINT('',(48.799999999999983,6.066134380204137,0.0));
#1701=DIRECTION('',(0.0,-1.0,0.0));
#1702=VECTOR('',#1701,12.132268760408287);
#1703=LINE('',#1700,#1702);
#1704=EDGE_CURVE('',#1690,#1699,#1703,.T.);
#1705=ORIENTED_EDGE('',*,*,#1704,.T.);
#1706=CARTESIAN_POINT('',(49.678679656440337,-8.187454723763798,0.0));
#1707=VERTEX_POINT('',#1706);
#1708=CARTESIAN_POINT('',(51.799999999999990,-6.066134380204149,0.0));
#1709=DIRECTION('',(0.0,0.0,1.0));
#1710=DIRECTION('',(-0.707106781186547,-0.707106781186548,0.0));
#1711=AXIS2_PLACEMENT_3D('',#1708,#1709,#1710);
#1712=CIRCLE('',#1711,3.000000000000010);
#1713=EDGE_CURVE('',#1699,#1707,#1712,.T.);
#1714=ORIENTED_EDGE('',*,*,#1713,.T.);
#1715=CARTESIAN_POINT('',(50.212545276236185,-8.721320343559642,0.0));
#1716=VERTEX_POINT('',#1715);
#1717=CARTESIAN_POINT('',(49.678679656440345,-8.187454723763796,0.0));
#1718=DIRECTION('',(0.707106781186545,-0.707106781186550,0.0));
#1719=VECTOR('',#1718,0.754999999999998);
#1720=LINE('',#1717,#1719);
#1721=EDGE_CURVE('',#1707,#1716,#1720,.T.);
#1722=ORIENTED_EDGE('',*,*,#1721,.T.);
#1723=CARTESIAN_POINT('',(52.333865619795830,-9.600000000000001,0.0));
#1724=VERTEX_POINT('',#1723);
#1725=CARTESIAN_POINT('',(52.333865619795830,-6.599999999999993,0.0));
#1726=DIRECTION('',(0.0,0.0,1.0));
#1727=DIRECTION('',(0.0,-1.0,0.0));
#1728=AXIS2_PLACEMENT_3D('',#1725,#1726,#1727);
#1729=CIRCLE('',#1728,2.999999999999987);
#1730=EDGE_CURVE('',#1716,#1724,#1729,.T.);
#1731=ORIENTED_EDGE('',*,*,#1730,.T.);
#1732=CARTESIAN_POINT('',(57.030441927275533,-9.600000000000001,0.0));
#1733=VERTEX_POINT('',#1732);
#1734=CARTESIAN_POINT('',(52.333865619795837,-9.600000000000001,0.0));
#1735=DIRECTION('',(1.0,0.0,0.0));
#1736=VECTOR('',#1735,4.696576307479695);
#1737=LINE('',#1734,#1736);
#1738=EDGE_CURVE('',#1724,#1733,#1737,.T.);
#1739=ORIENTED_EDGE('',*,*,#1738,.T.);
#1740=CARTESIAN_POINT('',(57.916768904986526,-8.856283359900239,0.0));
#1741=VERTEX_POINT('',#1740);
#1742=CARTESIAN_POINT('',(57.030441927275533,-8.700000000000005,0.0));
#1743=DIRECTION('',(0.0,0.0,1.000000000000000));
#1744=DIRECTION('',(0.984807753012208,-0.173648177666928,0.0));
#1745=AXIS2_PLACEMENT_3D('',#1742,#1743,#1744);
#1746=CIRCLE('',#1745,0.899999999999997);
#1747=EDGE_CURVE('',#1733,#1741,#1746,.T.);
#1748=ORIENTED_EDGE('',*,*,#1747,.T.);
#1749=CARTESIAN_POINT('',(58.096527080208972,-7.836824088833465,0.0));
#1750=VERTEX_POINT('',#1749);
#1751=CARTESIAN_POINT('',(57.916768904986512,-8.856283359900239,0.0));
#1752=DIRECTION('',(0.173648177666927,0.984807753012209,0.0));
#1753=VECTOR('',#1752,1.035186073574845);
#1754=LINE('',#1751,#1753);
#1755=EDGE_CURVE('',#1741,#1750,#1754,.T.);
#1756=ORIENTED_EDGE('',*,*,#1755,.T.);
#1757=CARTESIAN_POINT('',(57.604123203702869,-7.250000000000000,0.0));
#1758=VERTEX_POINT('',#1757);
#1759=CARTESIAN_POINT('',(57.604123203702869,-7.750000000000000,0.0));
#1760=DIRECTION('',(0.0,0.0,1.0));
#1761=DIRECTION('',(0.0,1.0,0.0));
#1762=AXIS2_PLACEMENT_3D('',#1759,#1760,#1761);
#1763=CIRCLE('',#1762,0.500000000000000);
#1764=EDGE_CURVE('',#1750,#1758,#1763,.T.);
#1765=ORIENTED_EDGE('',*,*,#1764,.T.);
#1766=CARTESIAN_POINT('',(55.999999999999979,-7.250000000000000,0.0));
#1767=VERTEX_POINT('',#1766);
#1768=CARTESIAN_POINT('',(57.604123203702869,-7.250000000000001,0.0));
#1769=DIRECTION('',(-1.0,0.0,0.0));
#1770=VECTOR('',#1769,1.604123203702891);
#1771=LINE('',#1768,#1770);
#1772=EDGE_CURVE('',#1758,#1767,#1771,.T.);
#1773=ORIENTED_EDGE('',*,*,#1772,.T.);
#1774=CARTESIAN_POINT('',(55.999999999999979,-4.249999999999999,0.0));
#1775=VERTEX_POINT('',#1774);
#1776=CARTESIAN_POINT('',(55.999999999999979,-7.249999999999998,0.0));
#1777=DIRECTION('',(0.0,1.0,0.0));
#1778=VECTOR('',#1777,3.0);
#1779=LINE('',#1776,#1778);
#1780=EDGE_CURVE('',#1767,#1775,#1779,.T.);
#1781=ORIENTED_EDGE('',*,*,#1780,.T.);
#1782=CARTESIAN_POINT('',(58.999999999999986,-4.249999999999997,0.0));
#1783=VERTEX_POINT('',#1782);
#1784=CARTESIAN_POINT('',(55.999999999999986,-4.249999999999999,0.0));
#1785=DIRECTION('',(1.0,0.0,0.0));
#1786=VECTOR('',#1785,3.0);
#1787=LINE('',#1784,#1786);
#1788=EDGE_CURVE('',#1775,#1783,#1787,.T.);
#1789=ORIENTED_EDGE('',*,*,#1788,.T.);
#1790=CARTESIAN_POINT('',(59.999999999999972,-5.250000000000005,0.0));
#1791=DIRECTION('',(-0.707106781186541,0.707106781186554,0.0));
#1792=VECTOR('',#1791,1.414213562373089);
#1793=LINE('',#1790,#1792);
#1794=EDGE_CURVE('',#117,#1783,#1793,.T.);
#1795=ORIENTED_EDGE('',*,*,#1794,.F.);
#1796=ORIENTED_EDGE('',*,*,#122,.T.);
#1797=EDGE_LOOP('',(#146,#154,#162,#170,#178,#186,#195,#203,#212,#220,#229,#237,#246,#254,#263,#271,#280,#288,#297,#305,#314,#322,#330,#338,#346,#354,#362,#370,#378,#386,#395,#403,#412,#420,#429,#437,#446,#454,#463,#471,#480,#488,#497,#505,#514,#522,#530,#538,#546,#554,#563,#571,#579,#587,#595,#603,#612,#620,#629,#637,#646,#654,#663,#671,#680,#688,#697,#705,#714,#722,#731,#739,#747,#755,#763,#771,#779,#787,#795,#803,#812,#820,#829,#837,#846,#854,#863,#871,#880,#888,#897,#905,#914,#922,#931,#939,#947,#955,#963,#971,#980,#988,#996,#1004,#1012,#1020,#1029,#1037,#1046,#1054,#1063,#1071,#1080,#1088,#1097,#1105,#1114,#1122,#1131,#1139,#1148,#1156,#1164,#1172,#1180,#1188,#1196,#1204,#1212,#1220,#1229,#1237,#1246,#1254,#1263,#1271,#1280,#1288,#1297,#1305,#1314,#1322,#1331,#1339,#1348,#1356,#1364,#1372,#1380,#1388,#1397,#1405,#1413,#1421,#1429,#1437,#1446,#1454,#1463,#1471,#1480,#1488,#1497,#1505,#1514,#1522,#1531,#1539,#1548,#1556,#1565,#1573,#1581,#1589,#1597,#1605,#1613,#1621,#1629,#1637,#1646,#1654,#1663,#1671,#1680,#1688,#1697,#1705,#1714,#1722,#1731,#1739,#1748,#1756,#1765,#1773,#1781,#1789,#1795,#1796));
#1798=FACE_OUTER_BOUND('',#1797,.T.);
#1799=CARTESIAN_POINT('',(11.900000000000006,49.599999999999980,4.007461E-016));
#1800=VERTEX_POINT('',#1799);
#1801=CARTESIAN_POINT('',(28.099999999999991,49.599999999999980,4.007461E-016));
#1802=VERTEX_POINT('',#1801);
#1803=CARTESIAN_POINT('',(11.900000000000004,49.599999999999973,0.0));
#1804=DIRECTION('',(1.0,0.0,0.0));
#1805=VECTOR('',#1804,16.199999999999989);
#1806=LINE('',#1803,#1805);
#1807=EDGE_CURVE('',#1800,#1802,#1806,.T.);
#1808=ORIENTED_EDGE('',*,*,#1807,.T.);
#1809=CARTESIAN_POINT('',(28.099999999999991,57.999999999999986,7.513989E-016));
#1810=VERTEX_POINT('',#1809);
#1811=CARTESIAN_POINT('',(28.099999999999991,49.599999999999987,4.007461E-016));
#1812=DIRECTION('',(0.0,1.0,0.0));
#1813=VECTOR('',#1812,8.400000000000006);
#1814=LINE('',#1811,#1813);
#1815=EDGE_CURVE('',#1802,#1810,#1814,.T.);
#1816=ORIENTED_EDGE('',*,*,#1815,.T.);
#1817=CARTESIAN_POINT('',(11.900000000000004,57.999999999999986,7.513989E-016));
#1818=VERTEX_POINT('',#1817);
#1819=CARTESIAN_POINT('',(28.099999999999991,57.999999999999986,7.513989E-016));
#1820=DIRECTION('',(-1.0,0.0,0.0));
#1821=VECTOR('',#1820,16.199999999999989);
#1822=LINE('',#1819,#1821);
#1823=EDGE_CURVE('',#1810,#1818,#1822,.T.);
#1824=ORIENTED_EDGE('',*,*,#1823,.T.);
#1825=CARTESIAN_POINT('',(11.900000000000004,57.999999999999986,7.513989E-016));
#1826=DIRECTION('',(0.0,-1.0,0.0));
#1827=VECTOR('',#1826,8.400000000000006);
#1828=LINE('',#1825,#1827);
#1829=EDGE_CURVE('',#1818,#1800,#1828,.T.);
#1830=ORIENTED_EDGE('',*,*,#1829,.T.);
#1831=EDGE_LOOP('',(#1808,#1816,#1824,#1830));
#1832=FACE_BOUND('',#1831,.T.);
#1833=CARTESIAN_POINT('',(37.227180006262024,34.398752881515826,0.0));
#1834=VERTEX_POINT('',#1833);
#1835=CARTESIAN_POINT('',(42.772819993737947,34.398752881515826,0.0));
#1836=VERTEX_POINT('',#1835);
#1837=CARTESIAN_POINT('',(39.999999999999986,39.999999999999979,0.0));
#1838=DIRECTION('',(0.0,0.0,1.0));
#1839=DIRECTION('',(0.0,-1.0,0.0));
#1840=AXIS2_PLACEMENT_3D('',#1837,#1838,#1839);
#1841=CIRCLE('',#1840,6.250000000000000);
#1842=EDGE_CURVE('',#1834,#1836,#1841,.T.);
#1843=ORIENTED_EDGE('',*,*,#1842,.T.);
#1844=CARTESIAN_POINT('',(43.358757210636085,33.812815664617688,0.0));
#1845=VERTEX_POINT('',#1844);
#1846=CARTESIAN_POINT('',(42.772819993737947,34.398752881515833,-8.881784E-015));
#1847=DIRECTION('',(0.707106781186543,-0.707106781186552,0.0));
#1848=VECTOR('',#1847,0.828640358836498);
#1849=LINE('',#1846,#1848);
#1850=EDGE_CURVE('',#1836,#1845,#1849,.T.);
#1851=ORIENTED_EDGE('',*,*,#1850,.T.);
#1852=CARTESIAN_POINT('',(46.187184335382277,36.641242789363879,0.0));
#1853=VERTEX_POINT('',#1852);
#1854=CARTESIAN_POINT('',(44.772970773009185,35.227029226990780,0.0));
#1855=DIRECTION('',(0.0,0.0,1.000000000000000));
#1856=DIRECTION('',(-0.707106781186548,-0.707106781186548,0.0));
#1857=AXIS2_PLACEMENT_3D('',#1854,#1855,#1856);
#1858=CIRCLE('',#1857,2.000000000000000);
#1859=EDGE_CURVE('',#1845,#1853,#1858,.T.);
#1860=ORIENTED_EDGE('',*,*,#1859,.T.);
#1861=CARTESIAN_POINT('',(45.601247118484139,37.227180006262017,0.0));
#1862=VERTEX_POINT('',#1861);
#1863=CARTESIAN_POINT('',(46.187184335382284,36.641242789363886,-8.881784E-015));
#1864=DIRECTION('',(-0.707106781186552,0.707106781186543,0.0));
#1865=VECTOR('',#1864,0.828640358836498);
#1866=LINE('',#1863,#1865);
#1867=EDGE_CURVE('',#1853,#1862,#1866,.T.);
#1868=ORIENTED_EDGE('',*,*,#1867,.T.);
#1869=CARTESIAN_POINT('',(45.601247118484139,42.772819993737940,0.0));
#1870=VERTEX_POINT('',#1869);
#1871=CARTESIAN_POINT('',(39.999999999999986,39.999999999999979,0.0));
#1872=DIRECTION('',(0.0,0.0,1.0));
#1873=DIRECTION('',(0.896199538957464,-0.443651198998074,0.0));
#1874=AXIS2_PLACEMENT_3D('',#1871,#1872,#1873);
#1875=CIRCLE('',#1874,6.249999999999999);
#1876=EDGE_CURVE('',#1862,#1870,#1875,.T.);
#1877=ORIENTED_EDGE('',*,*,#1876,.T.);
#1878=CARTESIAN_POINT('',(46.187184335382277,43.358757210636078,0.0));
#1879=VERTEX_POINT('',#1878);
#1880=CARTESIAN_POINT('',(45.601247118484139,42.772819993737940,0.0));
#1881=DIRECTION('',(0.707106781186548,0.707106781186548,0.0));
#1882=VECTOR('',#1881,0.828640358836493);
#1883=LINE('',#1880,#1882);
#1884=EDGE_CURVE('',#1870,#1879,#1883,.T.);
#1885=ORIENTED_EDGE('',*,*,#1884,.T.);
#1886=CARTESIAN_POINT('',(43.358757210636085,46.187184335382270,0.0));
#1887=VERTEX_POINT('',#1886);
#1888=CARTESIAN_POINT('',(44.772970773009185,44.772970773009177,0.0));
#1889=DIRECTION('',(0.0,0.0,1.000000000000000));
#1890=DIRECTION('',(0.707106781186547,-0.707106781186548,0.0));
#1891=AXIS2_PLACEMENT_3D('',#1888,#1889,#1890);
#1892=CIRCLE('',#1891,2.0);
#1893=EDGE_CURVE('',#1879,#1887,#1892,.T.);
#1894=ORIENTED_EDGE('',*,*,#1893,.T.);
#1895=CARTESIAN_POINT('',(42.772819993737947,45.601247118484132,0.0));
#1896=VERTEX_POINT('',#1895);
#1897=CARTESIAN_POINT('',(43.358757210636085,46.187184335382270,0.0));
#1898=DIRECTION('',(-0.707106781186548,-0.707106781186548,0.0));
#1899=VECTOR('',#1898,0.828640358836493);
#1900=LINE('',#1897,#1899);
#1901=EDGE_CURVE('',#1887,#1896,#1900,.T.);
#1902=ORIENTED_EDGE('',*,*,#1901,.T.);
#1903=CARTESIAN_POINT('',(37.227180006262024,45.601247118484132,0.0));
#1904=VERTEX_POINT('',#1903);
#1905=CARTESIAN_POINT('',(39.999999999999986,39.999999999999979,0.0));
#1906=DIRECTION('',(0.0,0.0,1.0));
#1907=DIRECTION('',(0.443651198998074,0.896199538957464,0.0));
#1908=AXIS2_PLACEMENT_3D('',#1905,#1906,#1907);
#1909=CIRCLE('',#1908,6.249999999999999);
#1910=EDGE_CURVE('',#1896,#1904,#1909,.T.);
#1911=ORIENTED_EDGE('',*,*,#1910,.T.);
#1912=CARTESIAN_POINT('',(36.641242789363886,46.187184335382270,0.0));
#1913=VERTEX_POINT('',#1912);
#1914=CARTESIAN_POINT('',(37.227180006262031,45.601247118484139,0.0));
#1915=DIRECTION('',(-0.707106781186552,0.707106781186543,0.0));
#1916=VECTOR('',#1915,0.828640358836498);
#1917=LINE('',#1914,#1916);
#1918=EDGE_CURVE('',#1904,#1913,#1917,.T.);
#1919=ORIENTED_EDGE('',*,*,#1918,.T.);
#1920=CARTESIAN_POINT('',(33.812815664617695,43.358757210636078,0.0));
#1921=VERTEX_POINT('',#1920);
#1922=CARTESIAN_POINT('',(35.227029226990794,44.772970773009177,0.0));
#1923=DIRECTION('',(0.0,0.0,1.000000000000000));
#1924=DIRECTION('',(0.707106781186548,0.707106781186547,0.0));
#1925=AXIS2_PLACEMENT_3D('',#1922,#1923,#1924);
#1926=CIRCLE('',#1925,2.0);
#1927=EDGE_CURVE('',#1913,#1921,#1926,.T.);
#1928=ORIENTED_EDGE('',*,*,#1927,.T.);
#1929=CARTESIAN_POINT('',(34.398752881515833,42.772819993737940,0.0));
#1930=VERTEX_POINT('',#1929);
#1931=CARTESIAN_POINT('',(33.812815664617695,43.358757210636078,0.0));
#1932=DIRECTION('',(0.707106781186548,-0.707106781186548,0.0));
#1933=VECTOR('',#1932,0.828640358836493);
#1934=LINE('',#1931,#1933);
#1935=EDGE_CURVE('',#1921,#1930,#1934,.T.);
#1936=ORIENTED_EDGE('',*,*,#1935,.T.);
#1937=CARTESIAN_POINT('',(34.398752881515833,37.227180006262017,0.0));
#1938=VERTEX_POINT('',#1937);
#1939=CARTESIAN_POINT('',(39.999999999999986,39.999999999999979,0.0));
#1940=DIRECTION('',(0.0,0.0,1.0));
#1941=DIRECTION('',(-0.896199538957464,0.443651198998074,0.0));
#1942=AXIS2_PLACEMENT_3D('',#1939,#1940,#1941);
#1943=CIRCLE('',#1942,6.249999999999999);
#1944=EDGE_CURVE('',#1930,#1938,#1943,.T.);
#1945=ORIENTED_EDGE('',*,*,#1944,.T.);
#1946=CARTESIAN_POINT('',(33.812815664617695,36.641242789363879,0.0));
#1947=VERTEX_POINT('',#1946);
#1948=CARTESIAN_POINT('',(34.398752881515833,37.227180006262024,-8.881784E-015));
#1949=DIRECTION('',(-0.707106781186548,-0.707106781186548,0.0));
#1950=VECTOR('',#1949,0.828640358836493);
#1951=LINE('',#1948,#1950);
#1952=EDGE_CURVE('',#1938,#1947,#1951,.T.);
#1953=ORIENTED_EDGE('',*,*,#1952,.T.);
#1954=CARTESIAN_POINT('',(36.641242789363886,33.812815664617688,0.0));
#1955=VERTEX_POINT('',#1954);
#1956=CARTESIAN_POINT('',(35.227029226990794,35.227029226990780,0.0));
#1957=DIRECTION('',(0.0,0.0,1.0));
#1958=DIRECTION('',(-0.707106781186547,0.707106781186548,0.0));
#1959=AXIS2_PLACEMENT_3D('',#1956,#1957,#1958);
#1960=CIRCLE('',#1959,2.000000000000000);
#1961=EDGE_CURVE('',#1947,#1955,#1960,.T.);
#1962=ORIENTED_EDGE('',*,*,#1961,.T.);
#1963=CARTESIAN_POINT('',(36.641242789363893,33.812815664617681,-8.881784E-015));
#1964=DIRECTION('',(0.707106781186548,0.707106781186548,0.0));
#1965=VECTOR('',#1964,0.828640358836493);
#1966=LINE('',#1963,#1965);
#1967=EDGE_CURVE('',#1955,#1834,#1966,.T.);
#1968=ORIENTED_EDGE('',*,*,#1967,.T.);
#1969=EDGE_LOOP('',(#1843,#1851,#1860,#1868,#1877,#1885,#1894,#1902,#1911,#1919,#1928,#1936,#1945,#1953,#1962,#1968));
#1970=FACE_BOUND('',#1969,.T.);
#1971=CARTESIAN_POINT('',(51.199999999999982,51.199999999999967,0.0));
#1972=VERTEX_POINT('',#1971);
#1973=CARTESIAN_POINT('',(58.399999999999977,51.199999999999974,0.0));
#1974=VERTEX_POINT('',#1973);
#1975=CARTESIAN_POINT('',(51.199999999999989,51.199999999999967,0.0));
#1976=DIRECTION('',(1.0,0.0,0.0));
#1977=VECTOR('',#1976,7.199999999999996);
#1978=LINE('',#1975,#1977);
#1979=EDGE_CURVE('',#1972,#1974,#1978,.T.);
#1980=ORIENTED_EDGE('',*,*,#1979,.T.);
#1981=CARTESIAN_POINT('',(58.399999999999977,58.399999999999970,0.0));
#1982=VERTEX_POINT('',#1981);
#1983=CARTESIAN_POINT('',(58.399999999999977,51.199999999999974,0.0));
#1984=DIRECTION('',(0.0,1.0,0.0));
#1985=VECTOR('',#1984,7.200000000000003);
#1986=LINE('',#1983,#1985);
#1987=EDGE_CURVE('',#1974,#1982,#1986,.T.);
#1988=ORIENTED_EDGE('',*,*,#1987,.T.);
#1989=CARTESIAN_POINT('',(51.199999999999974,58.399999999999963,0.0));
#1990=VERTEX_POINT('',#1989);
#1991=CARTESIAN_POINT('',(58.399999999999984,58.399999999999970,0.0));
#1992=DIRECTION('',(-1.0,0.0,0.0));
#1993=VECTOR('',#1992,7.200000000000010);
#1994=LINE('',#1991,#1993);
#1995=EDGE_CURVE('',#1982,#1990,#1994,.T.);
#1996=ORIENTED_EDGE('',*,*,#1995,.T.);
#1997=CARTESIAN_POINT('',(51.199999999999974,58.399999999999963,0.0));
#1998=DIRECTION('',(0.0,-1.0,0.0));
#1999=VECTOR('',#1998,7.200000000000003);
#2000=LINE('',#1997,#1999);
#2001=EDGE_CURVE('',#1990,#1972,#2000,.T.);
#2002=ORIENTED_EDGE('',*,*,#2001,.T.);
#2003=EDGE_LOOP('',(#1980,#1988,#1996,#2002));
#2004=FACE_BOUND('',#2003,.T.);
#2005=CARTESIAN_POINT('',(58.399999999999970,-11.199999999999999,0.0));
#2006=VERTEX_POINT('',#2005);
#2007=CARTESIAN_POINT('',(51.199999999999974,-11.199999999999994,0.0));
#2008=VERTEX_POINT('',#2007);
#2009=CARTESIAN_POINT('',(58.399999999999970,-11.199999999999998,0.0));
#2010=DIRECTION('',(-1.0,0.0,0.0));
#2011=VECTOR('',#2010,7.199999999999996);
#2012=LINE('',#2009,#2011);
#2013=EDGE_CURVE('',#2006,#2008,#2012,.T.);
#2014=ORIENTED_EDGE('',*,*,#2013,.T.);
#2015=CARTESIAN_POINT('',(51.199999999999974,-18.399999999999995,0.0));
#2016=VERTEX_POINT('',#2015);
#2017=CARTESIAN_POINT('',(51.199999999999974,-11.199999999999994,0.0));
#2018=DIRECTION('',(0.0,-1.0,0.0));
#2019=VECTOR('',#2018,7.199999999999998);
#2020=LINE('',#2017,#2019);
#2021=EDGE_CURVE('',#2008,#2016,#2020,.T.);
#2022=ORIENTED_EDGE('',*,*,#2021,.T.);
#2023=CARTESIAN_POINT('',(58.399999999999970,-18.399999999999999,0.0));
#2024=VERTEX_POINT('',#2023);
#2025=CARTESIAN_POINT('',(51.199999999999974,-18.399999999999995,0.0));
#2026=DIRECTION('',(1.0,0.0,0.0));
#2027=VECTOR('',#2026,7.200000000000003);
#2028=LINE('',#2025,#2027);
#2029=EDGE_CURVE('',#2016,#2024,#2028,.T.);
#2030=ORIENTED_EDGE('',*,*,#2029,.T.);
#2031=CARTESIAN_POINT('',(58.399999999999977,-18.399999999999999,0.0));
#2032=DIRECTION('',(0.0,1.0,0.0));
#2033=VECTOR('',#2032,7.199999999999999);
#2034=LINE('',#2031,#2033);
#2035=EDGE_CURVE('',#2024,#2006,#2034,.T.);
#2036=ORIENTED_EDGE('',*,*,#2035,.T.);
#2037=EDGE_LOOP('',(#2014,#2022,#2030,#2036));
#2038=FACE_BOUND('',#2037,.T.);
#2039=CARTESIAN_POINT('',(2.772819993737963,5.601247118484153,0.0));
#2040=VERTEX_POINT('',#2039);
#2041=CARTESIAN_POINT('',(-2.772819993737961,5.601247118484151,0.0));
#2042=VERTEX_POINT('',#2041);
#2043=CARTESIAN_POINT('',(0.0,0.0,0.0));
#2044=DIRECTION('',(0.0,0.0,1.0));
#2045=DIRECTION('',(0.0,1.0,0.0));
#2046=AXIS2_PLACEMENT_3D('',#2043,#2044,#2045);
#2047=CIRCLE('',#2046,6.250000000000000);
#2048=EDGE_CURVE('',#2040,#2042,#2047,.T.);
#2049=ORIENTED_EDGE('',*,*,#2048,.T.);
#2050=CARTESIAN_POINT('',(-3.358757210636101,6.187184335382291,0.0));
#2051=VERTEX_POINT('',#2050);
#2052=CARTESIAN_POINT('',(-2.772819993737961,5.601247118484150,0.0));
#2053=DIRECTION('',(-0.707106781186548,0.707106781186548,0.0));
#2054=VECTOR('',#2053,0.828640358836495);
#2055=LINE('',#2052,#2054);
#2056=EDGE_CURVE('',#2042,#2051,#2055,.T.);
#2057=ORIENTED_EDGE('',*,*,#2056,.T.);
#2058=CARTESIAN_POINT('',(-6.187184335382292,3.358757210636101,0.0));
#2059=VERTEX_POINT('',#2058);
#2060=CARTESIAN_POINT('',(-4.772970773009195,4.772970773009197,0.0));
#2061=DIRECTION('',(0.0,0.0,1.000000000000000));
#2062=DIRECTION('',(0.707106781186548,0.707106781186547,0.0));
#2063=AXIS2_PLACEMENT_3D('',#2060,#2061,#2062);
#2064=CIRCLE('',#2063,2.0);
#2065=EDGE_CURVE('',#2051,#2059,#2064,.T.);
#2066=ORIENTED_EDGE('',*,*,#2065,.T.);
#2067=CARTESIAN_POINT('',(-5.601247118484153,2.772819993737961,0.0));
#2068=VERTEX_POINT('',#2067);
#2069=CARTESIAN_POINT('',(-6.187184335382291,3.358757210636100,0.0));
#2070=DIRECTION('',(0.707106781186547,-0.707106781186548,0.0));
#2071=VECTOR('',#2070,0.828640358836494);
#2072=LINE('',#2069,#2071);
#2073=EDGE_CURVE('',#2059,#2068,#2072,.T.);
#2074=ORIENTED_EDGE('',*,*,#2073,.T.);
#2075=CARTESIAN_POINT('',(-5.601247118484151,-2.772819993737961,0.0));
#2076=VERTEX_POINT('',#2075);
#2077=CARTESIAN_POINT('',(0.0,0.0,0.0));
#2078=DIRECTION('',(0.0,0.0,1.0));
#2079=DIRECTION('',(-0.896199538957464,0.443651198998074,0.0));
#2080=AXIS2_PLACEMENT_3D('',#2077,#2078,#2079);
#2081=CIRCLE('',#2080,6.249999999999999);
#2082=EDGE_CURVE('',#2068,#2076,#2081,.T.);
#2083=ORIENTED_EDGE('',*,*,#2082,.T.);
#2084=CARTESIAN_POINT('',(-6.187184335382291,-3.358757210636100,0.0));
#2085=VERTEX_POINT('',#2084);
#2086=CARTESIAN_POINT('',(-5.601247118484151,-2.772819993737962,0.0));
#2087=DIRECTION('',(-0.707106781186548,-0.707106781186547,0.0));
#2088=VECTOR('',#2087,0.828640358836495);
#2089=LINE('',#2086,#2088);
#2090=EDGE_CURVE('',#2076,#2085,#2089,.T.);
#2091=ORIENTED_EDGE('',*,*,#2090,.T.);
#2092=CARTESIAN_POINT('',(-3.358757210636101,-6.187184335382292,0.0));
#2093=VERTEX_POINT('',#2092);
#2094=CARTESIAN_POINT('',(-4.772970773009197,-4.772970773009194,0.0));
#2095=DIRECTION('',(0.0,0.0,1.000000000000000));
#2096=DIRECTION('',(-0.707106781186547,0.707106781186548,0.0));
#2097=AXIS2_PLACEMENT_3D('',#2094,#2095,#2096);
#2098=CIRCLE('',#2097,2.0);
#2099=EDGE_CURVE('',#2085,#2093,#2098,.T.);
#2100=ORIENTED_EDGE('',*,*,#2099,.T.);
#2101=CARTESIAN_POINT('',(-2.772819993737962,-5.601247118484153,0.0));
#2102=VERTEX_POINT('',#2101);
#2103=CARTESIAN_POINT('',(-3.358757210636101,-6.187184335382293,0.0));
#2104=DIRECTION('',(0.707106781186547,0.707106781186548,0.0));
#2105=VECTOR('',#2104,0.828640358836495);
#2106=LINE('',#2103,#2105);
#2107=EDGE_CURVE('',#2093,#2102,#2106,.T.);
#2108=ORIENTED_EDGE('',*,*,#2107,.T.);
#2109=CARTESIAN_POINT('',(2.772819993737961,-5.601247118484151,0.0));
#2110=VERTEX_POINT('',#2109);
#2111=CARTESIAN_POINT('',(0.0,0.0,0.0));
#2112=DIRECTION('',(0.0,0.0,1.0));
#2113=DIRECTION('',(-0.443651198998074,-0.896199538957464,0.0));
#2114=AXIS2_PLACEMENT_3D('',#2111,#2112,#2113);
#2115=CIRCLE('',#2114,6.249999999999999);
#2116=EDGE_CURVE('',#2102,#2110,#2115,.T.);
#2117=ORIENTED_EDGE('',*,*,#2116,.T.);
#2118=CARTESIAN_POINT('',(3.358757210636099,-6.187184335382291,0.0));
#2119=VERTEX_POINT('',#2118);
#2120=CARTESIAN_POINT('',(2.772819993737961,-5.601247118484151,0.0));
#2121=DIRECTION('',(0.707106781186548,-0.707106781186548,0.0));
#2122=VECTOR('',#2121,0.828640358836495);
#2123=LINE('',#2120,#2122);
#2124=EDGE_CURVE('',#2110,#2119,#2123,.T.);
#2125=ORIENTED_EDGE('',*,*,#2124,.T.);
#2126=CARTESIAN_POINT('',(6.187184335382292,-3.358757210636102,0.0));
#2127=VERTEX_POINT('',#2126);
#2128=CARTESIAN_POINT('',(4.772970773009194,-4.772970773009198,0.0));
#2129=DIRECTION('',(0.0,0.0,1.000000000000000));
#2130=DIRECTION('',(-0.707106781186548,-0.707106781186547,0.0));
#2131=AXIS2_PLACEMENT_3D('',#2128,#2129,#2130);
#2132=CIRCLE('',#2131,2.0);
#2133=EDGE_CURVE('',#2119,#2127,#2132,.T.);
#2134=ORIENTED_EDGE('',*,*,#2133,.T.);
#2135=CARTESIAN_POINT('',(5.601247118484153,-2.772819993737963,0.0));
#2136=VERTEX_POINT('',#2135);
#2137=CARTESIAN_POINT('',(6.187184335382293,-3.358757210636103,0.0));
#2138=DIRECTION('',(-0.707106781186548,0.707106781186548,0.0));
#2139=VECTOR('',#2138,0.828640358836495);
#2140=LINE('',#2137,#2139);
#2141=EDGE_CURVE('',#2127,#2136,#2140,.T.);
#2142=ORIENTED_EDGE('',*,*,#2141,.T.);
#2143=CARTESIAN_POINT('',(5.601247118484151,2.772819993737961,0.0));
#2144=VERTEX_POINT('',#2143);
#2145=CARTESIAN_POINT('',(0.0,0.0,0.0));
#2146=DIRECTION('',(0.0,0.0,1.0));
#2147=DIRECTION('',(0.896199538957464,-0.443651198998074,0.0));
#2148=AXIS2_PLACEMENT_3D('',#2145,#2146,#2147);
#2149=CIRCLE('',#2148,6.250000000000000);
#2150=EDGE_CURVE('',#2136,#2144,#2149,.T.);
#2151=ORIENTED_EDGE('',*,*,#2150,.T.);
#2152=CARTESIAN_POINT('',(6.187184335382291,3.358757210636099,0.0));
#2153=VERTEX_POINT('',#2152);
#2154=CARTESIAN_POINT('',(5.601247118484153,2.772819993737960,-8.881784E-015));
#2155=DIRECTION('',(0.707106781186548,0.707106781186548,0.0));
#2156=VECTOR('',#2155,0.828640358836495);
#2157=LINE('',#2154,#2156);
#2158=EDGE_CURVE('',#2144,#2153,#2157,.T.);
#2159=ORIENTED_EDGE('',*,*,#2158,.T.);
#2160=CARTESIAN_POINT('',(3.358757210636102,6.187184335382292,0.0));
#2161=VERTEX_POINT('',#2160);
#2162=CARTESIAN_POINT('',(4.772970773009198,4.772970773009194,0.0));
#2163=DIRECTION('',(0.0,0.0,1.0));
#2164=DIRECTION('',(0.707106781186547,-0.707106781186548,0.0));
#2165=AXIS2_PLACEMENT_3D('',#2162,#2163,#2164);
#2166=CIRCLE('',#2165,2.000000000000000);
#2167=EDGE_CURVE('',#2153,#2161,#2166,.T.);
#2168=ORIENTED_EDGE('',*,*,#2167,.T.);
#2169=CARTESIAN_POINT('',(3.358757210636102,6.187184335382293,-8.881784E-015));
#2170=DIRECTION('',(-0.707106781186548,-0.707106781186548,0.0));
#2171=VECTOR('',#2170,0.828640358836495);
#2172=LINE('',#2169,#2171);
#2173=EDGE_CURVE('',#2161,#2040,#2172,.T.);
#2174=ORIENTED_EDGE('',*,*,#2173,.T.);
#2175=EDGE_LOOP('',(#2049,#2057,#2066,#2074,#2083,#2091,#2100,#2108,#2117,#2125,#2134,#2142,#2151,#2159,#2168,#2174));
#2176=FACE_BOUND('',#2175,.T.);
#2177=CARTESIAN_POINT('',(-11.199999999999994,-11.199999999999989,0.0));
#2178=VERTEX_POINT('',#2177);
#2179=CARTESIAN_POINT('',(-18.399999999999995,-11.199999999999989,0.0));
#2180=VERTEX_POINT('',#2179);
#2181=CARTESIAN_POINT('',(-11.199999999999994,-11.199999999999989,0.0));
#2182=DIRECTION('',(-1.0,0.0,0.0));
#2183=VECTOR('',#2182,7.199999999999998);
#2184=LINE('',#2181,#2183);
#2185=EDGE_CURVE('',#2178,#2180,#2184,.T.);
#2186=ORIENTED_EDGE('',*,*,#2185,.T.);
#2187=CARTESIAN_POINT('',(-18.399999999999995,-18.399999999999988,0.0));
#2188=VERTEX_POINT('',#2187);
#2189=CARTESIAN_POINT('',(-18.399999999999995,-11.199999999999989,0.0));
#2190=DIRECTION('',(0.0,-1.0,0.0));
#2191=VECTOR('',#2190,7.199999999999999);
#2192=LINE('',#2189,#2191);
#2193=EDGE_CURVE('',#2180,#2188,#2192,.T.);
#2194=ORIENTED_EDGE('',*,*,#2193,.T.);
#2195=CARTESIAN_POINT('',(-11.199999999999996,-18.399999999999988,0.0));
#2196=VERTEX_POINT('',#2195);
#2197=CARTESIAN_POINT('',(-18.399999999999999,-18.399999999999988,0.0));
#2198=DIRECTION('',(1.0,0.0,0.0));
#2199=VECTOR('',#2198,7.200000000000003);
#2200=LINE('',#2197,#2199);
#2201=EDGE_CURVE('',#2188,#2196,#2200,.T.);
#2202=ORIENTED_EDGE('',*,*,#2201,.T.);
#2203=CARTESIAN_POINT('',(-11.199999999999996,-18.399999999999984,0.0));
#2204=DIRECTION('',(0.0,1.0,0.0));
#2205=VECTOR('',#2204,7.199999999999998);
#2206=LINE('',#2203,#2205);
#2207=EDGE_CURVE('',#2196,#2178,#2206,.T.);
#2208=ORIENTED_EDGE('',*,*,#2207,.T.);
#2209=EDGE_LOOP('',(#2186,#2194,#2202,#2208));
#2210=FACE_BOUND('',#2209,.T.);
#2211=CARTESIAN_POINT('',(-2.772819993737957,34.398752881515833,0.0));
#2212=VERTEX_POINT('',#2211);
#2213=CARTESIAN_POINT('',(2.772819993737968,34.398752881515826,0.0));
#2214=VERTEX_POINT('',#2213);
#2215=CARTESIAN_POINT('',(7.347881E-015,39.999999999999986,0.0));
#2216=DIRECTION('',(0.0,0.0,1.0));
#2217=DIRECTION('',(0.443651198998074,-0.896199538957464,0.0));
#2218=AXIS2_PLACEMENT_3D('',#2215,#2216,#2217);
#2219=CIRCLE('',#2218,6.250000000000001);
#2220=EDGE_CURVE('',#2212,#2214,#2219,.T.);
#2221=ORIENTED_EDGE('',*,*,#2220,.T.);
#2222=CARTESIAN_POINT('',(3.358757210636107,33.812815664617688,0.0));
#2223=VERTEX_POINT('',#2222);
#2224=CARTESIAN_POINT('',(2.772819993737969,34.398752881515826,-8.881784E-015));
#2225=DIRECTION('',(0.707106781186548,-0.707106781186547,0.0));
#2226=VECTOR('',#2225,0.828640358836493);
#2227=LINE('',#2224,#2226);
#2228=EDGE_CURVE('',#2214,#2223,#2227,.T.);
#2229=ORIENTED_EDGE('',*,*,#2228,.T.);
#2230=CARTESIAN_POINT('',(6.187184335382297,36.641242789363879,0.0));
#2231=VERTEX_POINT('',#2230);
#2232=CARTESIAN_POINT('',(4.772970773009203,35.227029226990787,0.0));
#2233=DIRECTION('',(0.0,0.0,1.000000000000000));
#2234=DIRECTION('',(0.707106781186548,0.707106781186548,0.0));
#2235=AXIS2_PLACEMENT_3D('',#2232,#2233,#2234);
#2236=CIRCLE('',#2235,2.000000000000000);
#2237=EDGE_CURVE('',#2223,#2231,#2236,.T.);
#2238=ORIENTED_EDGE('',*,*,#2237,.T.);
#2239=CARTESIAN_POINT('',(5.601247118484158,37.227180006262017,0.0));
#2240=VERTEX_POINT('',#2239);
#2241=CARTESIAN_POINT('',(6.187184335382297,36.641242789363879,-8.881784E-015));
#2242=DIRECTION('',(-0.707106781186548,0.707106781186547,0.0));
#2243=VECTOR('',#2242,0.828640358836493);
#2244=LINE('',#2241,#2243);
#2245=EDGE_CURVE('',#2231,#2240,#2244,.T.);
#2246=ORIENTED_EDGE('',*,*,#2245,.T.);
#2247=CARTESIAN_POINT('',(5.601247118484162,42.772819993737947,0.0));
#2248=VERTEX_POINT('',#2247);
#2249=CARTESIAN_POINT('',(7.347881E-015,39.999999999999986,0.0));
#2250=DIRECTION('',(0.0,0.0,1.0));
#2251=DIRECTION('',(0.896199538957464,0.443651198998074,0.0));
#2252=AXIS2_PLACEMENT_3D('',#2249,#2250,#2251);
#2253=CIRCLE('',#2252,6.250000000000001);
#2254=EDGE_CURVE('',#2240,#2248,#2253,.T.);
#2255=ORIENTED_EDGE('',*,*,#2254,.T.);
#2256=CARTESIAN_POINT('',(6.187184335382301,43.358757210636085,0.0));
#2257=VERTEX_POINT('',#2256);
#2258=CARTESIAN_POINT('',(5.601247118484165,42.772819993737954,0.0));
#2259=DIRECTION('',(0.707106781186552,0.707106781186543,0.0));
#2260=VECTOR('',#2259,0.828640358836488);
#2261=LINE('',#2258,#2260);
#2262=EDGE_CURVE('',#2248,#2257,#2261,.T.);
#2263=ORIENTED_EDGE('',*,*,#2262,.T.);
#2264=CARTESIAN_POINT('',(3.358757210636109,46.187184335382270,0.0));
#2265=VERTEX_POINT('',#2264);
#2266=CARTESIAN_POINT('',(4.772970773009203,44.772970773009177,0.0));
#2267=DIRECTION('',(0.0,0.0,1.000000000000000));
#2268=DIRECTION('',(-0.707106781186547,0.707106781186548,0.0));
#2269=AXIS2_PLACEMENT_3D('',#2266,#2267,#2268);
#2270=CIRCLE('',#2269,2.0);
#2271=EDGE_CURVE('',#2257,#2265,#2270,.T.);
#2272=ORIENTED_EDGE('',*,*,#2271,.T.);
#2273=CARTESIAN_POINT('',(2.772819993737970,45.601247118484132,0.0));
#2274=VERTEX_POINT('',#2273);
#2275=CARTESIAN_POINT('',(3.358757210636110,46.187184335382270,0.0));
#2276=DIRECTION('',(-0.707106781186549,-0.707106781186546,0.0));
#2277=VECTOR('',#2276,0.828640358836494);
#2278=LINE('',#2275,#2277);
#2279=EDGE_CURVE('',#2265,#2274,#2278,.T.);
#2280=ORIENTED_EDGE('',*,*,#2279,.T.);
#2281=CARTESIAN_POINT('',(-2.772819993737953,45.601247118484132,0.0));
#2282=VERTEX_POINT('',#2281);
#2283=CARTESIAN_POINT('',(7.347881E-015,39.999999999999986,0.0));
#2284=DIRECTION('',(0.0,0.0,1.0));
#2285=DIRECTION('',(-0.443651198998073,0.896199538957464,0.0));
#2286=AXIS2_PLACEMENT_3D('',#2283,#2284,#2285);
#2287=CIRCLE('',#2286,6.250000000000001);
#2288=EDGE_CURVE('',#2274,#2282,#2287,.T.);
#2289=ORIENTED_EDGE('',*,*,#2288,.T.);
#2290=CARTESIAN_POINT('',(-3.358757210636092,46.187184335382277,0.0));
#2291=VERTEX_POINT('',#2290);
#2292=CARTESIAN_POINT('',(-2.772819993737948,45.601247118484139,0.0));
#2293=DIRECTION('',(-0.707106781186545,0.707106781186550,0.0));
#2294=VECTOR('',#2293,0.828640358836500);
#2295=LINE('',#2292,#2294);
#2296=EDGE_CURVE('',#2282,#2291,#2295,.T.);
#2297=ORIENTED_EDGE('',*,*,#2296,.T.);
#2298=CARTESIAN_POINT('',(-6.187184335382282,43.358757210636085,0.0));
#2299=VERTEX_POINT('',#2298);
#2300=CARTESIAN_POINT('',(-4.772970773009188,44.772970773009177,0.0));
#2301=DIRECTION('',(0.0,0.0,1.000000000000000));
#2302=DIRECTION('',(-0.707106781186548,-0.707106781186547,0.0));
#2303=AXIS2_PLACEMENT_3D('',#2300,#2301,#2302);
#2304=CIRCLE('',#2303,2.0);
#2305=EDGE_CURVE('',#2291,#2299,#2304,.T.);
#2306=ORIENTED_EDGE('',*,*,#2305,.T.);
#2307=CARTESIAN_POINT('',(-5.601247118484142,42.772819993737947,0.0));
#2308=VERTEX_POINT('',#2307);
#2309=CARTESIAN_POINT('',(-6.187184335382282,43.358757210636085,0.0));
#2310=DIRECTION('',(0.707106781186548,-0.707106781186547,0.0));
#2311=VECTOR('',#2310,0.828640358836493);
#2312=LINE('',#2309,#2311);
#2313=EDGE_CURVE('',#2299,#2308,#2312,.T.);
#2314=ORIENTED_EDGE('',*,*,#2313,.T.);
#2315=CARTESIAN_POINT('',(-5.601247118484146,37.227180006262024,0.0));
#2316=VERTEX_POINT('',#2315);
#2317=CARTESIAN_POINT('',(7.347881E-015,39.999999999999986,0.0));
#2318=DIRECTION('',(0.0,0.0,1.0));
#2319=DIRECTION('',(-1.0,0.0,0.0));
#2320=AXIS2_PLACEMENT_3D('',#2317,#2318,#2319);
#2321=CIRCLE('',#2320,6.250000000000000);
#2322=EDGE_CURVE('',#2308,#2316,#2321,.T.);
#2323=ORIENTED_EDGE('',*,*,#2322,.T.);
#2324=CARTESIAN_POINT('',(-6.187184335382286,36.641242789363886,0.0));
#2325=VERTEX_POINT('',#2324);
#2326=CARTESIAN_POINT('',(-5.601247118484142,37.227180006262024,0.0));
#2327=DIRECTION('',(-0.707106781186549,-0.707106781186546,0.0));
#2328=VECTOR('',#2327,0.828640358836495);
#2329=LINE('',#2326,#2328);
#2330=EDGE_CURVE('',#2316,#2325,#2329,.T.);
#2331=ORIENTED_EDGE('',*,*,#2330,.T.);
#2332=CARTESIAN_POINT('',(-3.358757210636096,33.812815664617695,0.0));
#2333=VERTEX_POINT('',#2332);
#2334=CARTESIAN_POINT('',(-4.772970773009190,35.227029226990787,0.0));
#2335=DIRECTION('',(0.0,0.0,1.000000000000000));
#2336=DIRECTION('',(0.707106781186547,-0.707106781186548,0.0));
#2337=AXIS2_PLACEMENT_3D('',#2334,#2335,#2336);
#2338=CIRCLE('',#2337,2.0);
#2339=EDGE_CURVE('',#2325,#2333,#2338,.T.);
#2340=ORIENTED_EDGE('',*,*,#2339,.T.);
#2341=CARTESIAN_POINT('',(-3.358757210636097,33.812815664617695,0.0));
#2342=DIRECTION('',(0.707106781186549,0.707106781186546,0.0));
#2343=VECTOR('',#2342,0.828640358836494);
#2344=LINE('',#2341,#2343);
#2345=EDGE_CURVE('',#2333,#2212,#2344,.T.);
#2346=ORIENTED_EDGE('',*,*,#2345,.T.);
#2347=EDGE_LOOP('',(#2221,#2229,#2238,#2246,#2255,#2263,#2272,#2280,#2289,#2297,#2306,#2314,#2323,#2331,#2340,#2346));
#2348=FACE_BOUND('',#2347,.T.);
#2349=CARTESIAN_POINT('',(-18.399999999999984,51.199999999999974,0.0));
#2350=VERTEX_POINT('',#2349);
#2351=CARTESIAN_POINT('',(-11.199999999999983,51.199999999999974,0.0));
#2352=VERTEX_POINT('',#2351);
#2353=CARTESIAN_POINT('',(-18.399999999999984,51.199999999999982,0.0));
#2354=DIRECTION('',(1.0,0.0,0.0));
#2355=VECTOR('',#2354,7.200000000000003);
#2356=LINE('',#2353,#2355);
#2357=EDGE_CURVE('',#2350,#2352,#2356,.T.);
#2358=ORIENTED_EDGE('',*,*,#2357,.T.);
#2359=CARTESIAN_POINT('',(-11.199999999999982,58.399999999999970,0.0));
#2360=VERTEX_POINT('',#2359);
#2361=CARTESIAN_POINT('',(-11.199999999999983,51.199999999999974,0.0));
#2362=DIRECTION('',(0.0,1.0,0.0));
#2363=VECTOR('',#2362,7.200000000000003);
#2364=LINE('',#2361,#2363);
#2365=EDGE_CURVE('',#2352,#2360,#2364,.T.);
#2366=ORIENTED_EDGE('',*,*,#2365,.T.);
#2367=CARTESIAN_POINT('',(-18.399999999999981,58.399999999999977,0.0));
#2368=VERTEX_POINT('',#2367);
#2369=CARTESIAN_POINT('',(-11.199999999999982,58.399999999999977,0.0));
#2370=DIRECTION('',(-1.0,0.0,0.0));
#2371=VECTOR('',#2370,7.199999999999999);
#2372=LINE('',#2369,#2371);
#2373=EDGE_CURVE('',#2360,#2368,#2372,.T.);
#2374=ORIENTED_EDGE('',*,*,#2373,.T.);
#2375=CARTESIAN_POINT('',(-18.399999999999984,58.399999999999977,0.0));
#2376=DIRECTION('',(0.0,-1.0,0.0));
#2377=VECTOR('',#2376,7.200000000000003);
#2378=LINE('',#2375,#2377);
#2379=EDGE_CURVE('',#2368,#2350,#2378,.T.);
#2380=ORIENTED_EDGE('',*,*,#2379,.T.);
#2381=EDGE_LOOP('',(#2358,#2366,#2374,#2380));
#2382=FACE_BOUND('',#2381,.T.);
#2383=CARTESIAN_POINT('',(42.772819993737947,5.601247118484146,0.0));
#2384=VERTEX_POINT('',#2383);
#2385=CARTESIAN_POINT('',(37.227180006262024,5.601247118484149,0.0));
#2386=VERTEX_POINT('',#2385);
#2387=CARTESIAN_POINT('',(39.999999999999986,-4.898587E-015,0.0));
#2388=DIRECTION('',(0.0,0.0,1.0));
#2389=DIRECTION('',(-0.443651198998074,0.896199538957464,0.0));
#2390=AXIS2_PLACEMENT_3D('',#2387,#2388,#2389);
#2391=CIRCLE('',#2390,6.249999999999999);
#2392=EDGE_CURVE('',#2384,#2386,#2391,.T.);
#2393=ORIENTED_EDGE('',*,*,#2392,.T.);
#2394=CARTESIAN_POINT('',(36.641242789363886,6.187184335382288,0.0));
#2395=VERTEX_POINT('',#2394);
#2396=CARTESIAN_POINT('',(37.227180006262024,5.601247118484150,0.0));
#2397=DIRECTION('',(-0.707106781186547,0.707106781186548,0.0));
#2398=VECTOR('',#2397,0.828640358836493);
#2399=LINE('',#2396,#2398);
#2400=EDGE_CURVE('',#2386,#2395,#2399,.T.);
#2401=ORIENTED_EDGE('',*,*,#2400,.T.);
#2402=CARTESIAN_POINT('',(33.812815664617695,3.358757210636096,0.0));
#2403=VERTEX_POINT('',#2402);
#2404=CARTESIAN_POINT('',(35.227029226990787,4.772970773009191,0.0));
#2405=DIRECTION('',(0.0,0.0,1.000000000000000));
#2406=DIRECTION('',(-0.707106781186547,-0.707106781186548,0.0));
#2407=AXIS2_PLACEMENT_3D('',#2404,#2405,#2406);
#2408=CIRCLE('',#2407,2.0);
#2409=EDGE_CURVE('',#2395,#2403,#2408,.T.);
#2410=ORIENTED_EDGE('',*,*,#2409,.T.);
#2411=CARTESIAN_POINT('',(34.398752881515833,2.772819993737957,0.0));
#2412=VERTEX_POINT('',#2411);
#2413=CARTESIAN_POINT('',(33.812815664617695,3.358757210636097,0.0));
#2414=DIRECTION('',(0.707106781186547,-0.707106781186548,0.0));
#2415=VECTOR('',#2414,0.828640358836493);
#2416=LINE('',#2413,#2415);
#2417=EDGE_CURVE('',#2403,#2412,#2416,.T.);
#2418=ORIENTED_EDGE('',*,*,#2417,.T.);
#2419=CARTESIAN_POINT('',(34.398752881515826,-2.772819993737966,0.0));
#2420=VERTEX_POINT('',#2419);
#2421=CARTESIAN_POINT('',(39.999999999999986,-4.898587E-015,0.0));
#2422=DIRECTION('',(0.0,0.0,1.0));
#2423=DIRECTION('',(-0.896199538957464,-0.443651198998074,0.0));
#2424=AXIS2_PLACEMENT_3D('',#2421,#2422,#2423);
#2425=CIRCLE('',#2424,6.249999999999999);
#2426=EDGE_CURVE('',#2412,#2420,#2425,.T.);
#2427=ORIENTED_EDGE('',*,*,#2426,.T.);
#2428=CARTESIAN_POINT('',(33.812815664617688,-3.358757210636105,0.0));
#2429=VERTEX_POINT('',#2428);
#2430=CARTESIAN_POINT('',(34.398752881515826,-2.772819993737969,-8.881784E-015));
#2431=DIRECTION('',(-0.707106781186546,-0.707106781186549,0.0));
#2432=VECTOR('',#2431,0.828640358836494);
#2433=LINE('',#2430,#2432);
#2434=EDGE_CURVE('',#2420,#2429,#2433,.T.);
#2435=ORIENTED_EDGE('',*,*,#2434,.T.);
#2436=CARTESIAN_POINT('',(36.641242789363879,-6.187184335382295,0.0));
#2437=VERTEX_POINT('',#2436);
#2438=CARTESIAN_POINT('',(35.227029226990787,-4.772970773009202,0.0));
#2439=DIRECTION('',(0.0,0.0,1.000000000000000));
#2440=DIRECTION('',(0.707106781186548,-0.707106781186548,0.0));
#2441=AXIS2_PLACEMENT_3D('',#2438,#2439,#2440);
#2442=CIRCLE('',#2441,2.000000000000000);
#2443=EDGE_CURVE('',#2429,#2437,#2442,.T.);
#2444=ORIENTED_EDGE('',*,*,#2443,.T.);
#2445=CARTESIAN_POINT('',(37.227180006262024,-5.601247118484157,0.0));
#2446=VERTEX_POINT('',#2445);
#2447=CARTESIAN_POINT('',(36.641242789363879,-6.187184335382298,-8.881784E-015));
#2448=DIRECTION('',(0.707106781186545,0.707106781186550,0.0));
#2449=VECTOR('',#2448,0.828640358836495);
#2450=LINE('',#2447,#2449);
#2451=EDGE_CURVE('',#2437,#2446,#2450,.T.);
#2452=ORIENTED_EDGE('',*,*,#2451,.T.);
#2453=CARTESIAN_POINT('',(42.772819993737947,-5.601247118484158,0.0));
#2454=VERTEX_POINT('',#2453);
#2455=CARTESIAN_POINT('',(39.999999999999986,-4.898587E-015,0.0));
#2456=DIRECTION('',(0.0,0.0,1.000000000000000));
#2457=DIRECTION('',(0.443651198998074,-0.896199538957464,0.0));
#2458=AXIS2_PLACEMENT_3D('',#2455,#2456,#2457);
#2459=CIRCLE('',#2458,6.249999999999998);
#2460=EDGE_CURVE('',#2446,#2454,#2459,.T.);
#2461=ORIENTED_EDGE('',*,*,#2460,.T.);
#2462=CARTESIAN_POINT('',(43.358757210636085,-6.187184335382297,0.0));
#2463=VERTEX_POINT('',#2462);
#2464=CARTESIAN_POINT('',(42.772819993737947,-5.601247118484158,-8.881784E-015));
#2465=DIRECTION('',(0.707106781186547,-0.707106781186548,0.0));
#2466=VECTOR('',#2465,0.828640358836493);
#2467=LINE('',#2464,#2466);
#2468=EDGE_CURVE('',#2454,#2463,#2467,.T.);
#2469=ORIENTED_EDGE('',*,*,#2468,.T.);
#2470=CARTESIAN_POINT('',(46.187184335382270,-3.358757210636107,0.0));
#2471=VERTEX_POINT('',#2470);
#2472=CARTESIAN_POINT('',(44.772970773009177,-4.772970773009202,0.0));
#2473=DIRECTION('',(0.0,0.0,1.000000000000000));
#2474=DIRECTION('',(0.707106781186548,0.707106781186548,0.0));
#2475=AXIS2_PLACEMENT_3D('',#2472,#2473,#2474);
#2476=CIRCLE('',#2475,2.000000000000000);
#2477=EDGE_CURVE('',#2463,#2471,#2476,.T.);
#2478=ORIENTED_EDGE('',*,*,#2477,.T.);
#2479=CARTESIAN_POINT('',(45.601247118484132,-2.772819993737968,0.0));
#2480=VERTEX_POINT('',#2479);
#2481=CARTESIAN_POINT('',(46.187184335382270,-3.358757210636108,-8.881784E-015));
#2482=DIRECTION('',(-0.707106781186547,0.707106781186548,0.0));
#2483=VECTOR('',#2482,0.828640358836494);
#2484=LINE('',#2481,#2483);
#2485=EDGE_CURVE('',#2471,#2480,#2484,.T.);
#2486=ORIENTED_EDGE('',*,*,#2485,.T.);
#2487=CARTESIAN_POINT('',(45.601247118484132,2.772819993737956,0.0));
#2488=VERTEX_POINT('',#2487);
#2489=CARTESIAN_POINT('',(39.999999999999986,-4.898587E-015,0.0));
#2490=DIRECTION('',(0.0,0.0,1.0));
#2491=DIRECTION('',(1.0,0.0,0.0));
#2492=AXIS2_PLACEMENT_3D('',#2489,#2490,#2491);
#2493=CIRCLE('',#2492,6.250000000000000);
#2494=EDGE_CURVE('',#2480,#2488,#2493,.T.);
#2495=ORIENTED_EDGE('',*,*,#2494,.T.);
#2496=CARTESIAN_POINT('',(46.187184335382277,3.358757210636094,0.0));
#2497=VERTEX_POINT('',#2496);
#2498=CARTESIAN_POINT('',(45.601247118484139,2.772819993737950,0.0));
#2499=DIRECTION('',(0.707106781186545,0.707106781186550,0.0));
#2500=VECTOR('',#2499,0.828640358836496);
#2501=LINE('',#2498,#2500);
#2502=EDGE_CURVE('',#2488,#2497,#2501,.T.);
#2503=ORIENTED_EDGE('',*,*,#2502,.T.);
#2504=CARTESIAN_POINT('',(43.358757210636085,6.187184335382286,0.0));
#2505=VERTEX_POINT('',#2504);
#2506=CARTESIAN_POINT('',(44.772970773009177,4.772970773009191,0.0));
#2507=DIRECTION('',(0.0,0.0,1.000000000000000));
#2508=DIRECTION('',(-0.707106781186548,0.707106781186548,0.0));
#2509=AXIS2_PLACEMENT_3D('',#2506,#2507,#2508);
#2510=CIRCLE('',#2509,2.000000000000000);
#2511=EDGE_CURVE('',#2497,#2505,#2510,.T.);
#2512=ORIENTED_EDGE('',*,*,#2511,.T.);
#2513=CARTESIAN_POINT('',(43.358757210636085,6.187184335382284,0.0));
#2514=DIRECTION('',(-0.707106781186548,-0.707106781186548,0.0));
#2515=VECTOR('',#2514,0.828640358836493);
#2516=LINE('',#2513,#2515);
#2517=EDGE_CURVE('',#2505,#2384,#2516,.T.);
#2518=ORIENTED_EDGE('',*,*,#2517,.T.);
#2519=EDGE_LOOP('',(#2393,#2401,#2410,#2418,#2427,#2435,#2444,#2452,#2461,#2469,#2478,#2486,#2495,#2503,#2512,#2518));
#2520=FACE_BOUND('',#2519,.T.);
#2521=CARTESIAN_POINT('',(58.000000000000007,11.900000000000004,5.547562E-015));
#2522=VERTEX_POINT('',#2521);
#2523=CARTESIAN_POINT('',(49.599999999999994,11.900000000000006,2.958700E-015));
#2524=VERTEX_POINT('',#2523);
#2525=CARTESIAN_POINT('',(58.0,11.900000000000006,5.547562E-015));
#2526=DIRECTION('',(-1.0,0.0,0.0));
#2527=VECTOR('',#2526,8.400000000000006);
#2528=LINE('',#2525,#2527);
#2529=EDGE_CURVE('',#2522,#2524,#2528,.T.);
#2530=ORIENTED_EDGE('',*,*,#2529,.F.);
#2531=CARTESIAN_POINT('',(58.0,28.099999999999991,5.547562E-015));
#2532=VERTEX_POINT('',#2531);
#2533=CARTESIAN_POINT('',(58.000000000000007,28.099999999999991,5.547562E-015));
#2534=DIRECTION('',(0.0,-1.0,0.0));
#2535=VECTOR('',#2534,16.199999999999989);
#2536=LINE('',#2533,#2535);
#2537=EDGE_CURVE('',#2532,#2522,#2536,.T.);
#2538=ORIENTED_EDGE('',*,*,#2537,.F.);
#2539=CARTESIAN_POINT('',(49.599999999999994,28.099999999999987,2.958700E-015));
#2540=VERTEX_POINT('',#2539);
#2541=CARTESIAN_POINT('',(49.599999999999994,28.099999999999991,2.958700E-015));
#2542=DIRECTION('',(1.0,0.0,0.0));
#2543=VECTOR('',#2542,8.400000000000006);
#2544=LINE('',#2541,#2543);
#2545=EDGE_CURVE('',#2540,#2532,#2544,.T.);
#2546=ORIENTED_EDGE('',*,*,#2545,.F.);
#2547=CARTESIAN_POINT('',(49.599999999999980,28.099999999999987,0.0));
#2548=DIRECTION('',(0.0,-1.0,0.0));
#2549=VECTOR('',#2548,16.199999999999982);
#2550=LINE('',#2547,#2549);
#2551=EDGE_CURVE('',#2540,#2524,#2550,.T.);
#2552=ORIENTED_EDGE('',*,*,#2551,.T.);
#2553=EDGE_LOOP('',(#2530,#2538,#2546,#2552));
#2554=FACE_BOUND('',#2553,.T.);
#2555=CARTESIAN_POINT('',(11.899999999999995,-17.999999999999996,0.0));
#2556=VERTEX_POINT('',#2555);
#2557=CARTESIAN_POINT('',(11.899999999999999,-9.599999999999987,0.0));
#2558=VERTEX_POINT('',#2557);
#2559=CARTESIAN_POINT('',(11.899999999999997,-17.999999999999996,0.0));
#2560=DIRECTION('',(0.0,1.0,0.0));
#2561=VECTOR('',#2560,8.400000000000009);
#2562=LINE('',#2559,#2561);
#2563=EDGE_CURVE('',#2556,#2558,#2562,.T.);
#2564=ORIENTED_EDGE('',*,*,#2563,.F.);
#2565=CARTESIAN_POINT('',(28.099999999999984,-18.0,0.0));
#2566=VERTEX_POINT('',#2565);
#2567=CARTESIAN_POINT('',(28.099999999999980,-18.000000000000004,0.0));
#2568=DIRECTION('',(-1.0,0.0,0.0));
#2569=VECTOR('',#2568,16.199999999999985);
#2570=LINE('',#2567,#2569);
#2571=EDGE_CURVE('',#2566,#2556,#2570,.T.);
#2572=ORIENTED_EDGE('',*,*,#2571,.F.);
#2573=CARTESIAN_POINT('',(28.099999999999987,-9.599999999999994,0.0));
#2574=VERTEX_POINT('',#2573);
#2575=CARTESIAN_POINT('',(28.099999999999984,-9.599999999999996,0.0));
#2576=DIRECTION('',(0.0,-1.0,0.0));
#2577=VECTOR('',#2576,8.400000000000008);
#2578=LINE('',#2575,#2577);
#2579=EDGE_CURVE('',#2574,#2566,#2578,.T.);
#2580=ORIENTED_EDGE('',*,*,#2579,.F.);
#2581=CARTESIAN_POINT('',(28.099999999999987,-9.599999999999991,0.0));
#2582=DIRECTION('',(-1.0,0.0,0.0));
#2583=VECTOR('',#2582,16.199999999999989);
#2584=LINE('',#2581,#2583);
#2585=EDGE_CURVE('',#2574,#2558,#2584,.T.);
#2586=ORIENTED_EDGE('',*,*,#2585,.T.);
#2587=EDGE_LOOP('',(#2564,#2572,#2580,#2586));
#2588=FACE_BOUND('',#2587,.T.);
#2589=CARTESIAN_POINT('',(-9.599999999999989,28.099999999999987,0.0));
#2590=VERTEX_POINT('',#2589);
#2591=CARTESIAN_POINT('',(-17.999999999999996,28.099999999999987,0.0));
#2592=VERTEX_POINT('',#2591);
#2593=CARTESIAN_POINT('',(-9.599999999999989,28.099999999999987,0.0));
#2594=DIRECTION('',(-1.0,0.0,0.0));
#2595=VECTOR('',#2594,8.400000000000008);
#2596=LINE('',#2593,#2595);
#2597=EDGE_CURVE('',#2590,#2592,#2596,.T.);
#2598=ORIENTED_EDGE('',*,*,#2597,.T.);
#2599=CARTESIAN_POINT('',(-17.999999999999996,11.899999999999999,0.0));
#2600=VERTEX_POINT('',#2599);
#2601=CARTESIAN_POINT('',(-17.999999999999996,28.099999999999987,0.0));
#2602=DIRECTION('',(0.0,-1.0,0.0));
#2603=VECTOR('',#2602,16.199999999999989);
#2604=LINE('',#2601,#2603);
#2605=EDGE_CURVE('',#2592,#2600,#2604,.T.);
#2606=ORIENTED_EDGE('',*,*,#2605,.T.);
#2607=CARTESIAN_POINT('',(-9.599999999999987,11.900000000000002,0.0));
#2608=VERTEX_POINT('',#2607);
#2609=CARTESIAN_POINT('',(-17.999999999999996,11.900000000000000,0.0));
#2610=DIRECTION('',(1.0,0.0,0.0));
#2611=VECTOR('',#2610,8.400000000000009);
#2612=LINE('',#2609,#2611);
#2613=EDGE_CURVE('',#2600,#2608,#2612,.T.);
#2614=ORIENTED_EDGE('',*,*,#2613,.T.);
#2615=CARTESIAN_POINT('',(-9.599999999999985,11.900000000000002,0.0));
#2616=DIRECTION('',(0.0,1.0,0.0));
#2617=VECTOR('',#2616,16.199999999999985);
#2618=LINE('',#2615,#2617);
#2619=EDGE_CURVE('',#2608,#2590,#2618,.T.);
#2620=ORIENTED_EDGE('',*,*,#2619,.T.);
#2621=EDGE_LOOP('',(#2598,#2606,#2614,#2620));
#2622=FACE_BOUND('',#2621,.T.);
#2623=CARTESIAN_POINT('',(35.199999999999989,8.799999999999992,0.0));
#2624=VERTEX_POINT('',#2623);
#2625=CARTESIAN_POINT('',(31.199999999999989,4.799999999999999,0.0));
#2626=VERTEX_POINT('',#2625);
#2627=CARTESIAN_POINT('',(35.199999999999989,4.799999999999997,0.0));
#2628=DIRECTION('',(0.0,0.0,1.0));
#2629=DIRECTION('',(-0.707106781186548,0.707106781186547,0.0));
#2630=AXIS2_PLACEMENT_3D('',#2627,#2628,#2629);
#2631=CIRCLE('',#2630,4.0);
#2632=EDGE_CURVE('',#2624,#2626,#2631,.T.);
#2633=ORIENTED_EDGE('',*,*,#2632,.F.);
#2634=CARTESIAN_POINT('',(44.799999999999976,8.799999999999992,0.0));
#2635=VERTEX_POINT('',#2634);
#2636=CARTESIAN_POINT('',(35.199999999999989,8.799999999999992,0.0));
#2637=DIRECTION('',(1.0,0.0,0.0));
#2638=VECTOR('',#2637,9.599999999999987);
#2639=LINE('',#2636,#2638);
#2640=EDGE_CURVE('',#2624,#2635,#2639,.T.);
#2641=ORIENTED_EDGE('',*,*,#2640,.T.);
#2642=CARTESIAN_POINT('',(46.799999999999983,10.799999999999992,0.0));
#2643=VERTEX_POINT('',#2642);
#2644=CARTESIAN_POINT('',(44.799999999999976,10.799999999999992,0.0));
#2645=DIRECTION('',(0.0,0.0,-1.0));
#2646=DIRECTION('',(0.707106781186549,-0.707106781186546,0.0));
#2647=AXIS2_PLACEMENT_3D('',#2644,#2645,#2646);
#2648=CIRCLE('',#2647,2.0);
#2649=EDGE_CURVE('',#2643,#2635,#2648,.T.);
#2650=ORIENTED_EDGE('',*,*,#2649,.F.);
#2651=CARTESIAN_POINT('',(46.799999999999983,29.199999999999982,0.0));
#2652=VERTEX_POINT('',#2651);
#2653=CARTESIAN_POINT('',(46.799999999999983,10.799999999999990,0.0));
#2654=DIRECTION('',(0.0,1.0,0.0));
#2655=VECTOR('',#2654,18.399999999999991);
#2656=LINE('',#2653,#2655);
#2657=EDGE_CURVE('',#2643,#2652,#2656,.T.);
#2658=ORIENTED_EDGE('',*,*,#2657,.T.);
#2659=CARTESIAN_POINT('',(44.799999999999976,31.199999999999982,0.0));
#2660=VERTEX_POINT('',#2659);
#2661=CARTESIAN_POINT('',(44.799999999999976,29.199999999999982,0.0));
#2662=DIRECTION('',(0.0,0.0,-1.0));
#2663=DIRECTION('',(0.707106781186549,0.707106781186546,0.0));
#2664=AXIS2_PLACEMENT_3D('',#2661,#2662,#2663);
#2665=CIRCLE('',#2664,2.000000000000000);
#2666=EDGE_CURVE('',#2660,#2652,#2665,.T.);
#2667=ORIENTED_EDGE('',*,*,#2666,.F.);
#2668=CARTESIAN_POINT('',(35.199999999999989,31.199999999999982,0.0));
#2669=VERTEX_POINT('',#2668);
#2670=CARTESIAN_POINT('',(44.799999999999976,31.199999999999982,0.0));
#2671=DIRECTION('',(-1.0,0.0,0.0));
#2672=VECTOR('',#2671,9.599999999999987);
#2673=LINE('',#2670,#2672);
#2674=EDGE_CURVE('',#2660,#2669,#2673,.T.);
#2675=ORIENTED_EDGE('',*,*,#2674,.T.);
#2676=CARTESIAN_POINT('',(31.199999999999992,35.199999999999974,0.0));
#2677=VERTEX_POINT('',#2676);
#2678=CARTESIAN_POINT('',(35.199999999999989,35.199999999999974,0.0));
#2679=DIRECTION('',(0.0,0.0,1.000000000000000));
#2680=DIRECTION('',(-0.707106781186548,-0.707106781186548,0.0));
#2681=AXIS2_PLACEMENT_3D('',#2678,#2679,#2680);
#2682=CIRCLE('',#2681,4.000000000000000);
#2683=EDGE_CURVE('',#2677,#2669,#2682,.T.);
#2684=ORIENTED_EDGE('',*,*,#2683,.F.);
#2685=CARTESIAN_POINT('',(31.199999999999992,44.799999999999969,0.0));
#2686=VERTEX_POINT('',#2685);
#2687=CARTESIAN_POINT('',(31.199999999999992,35.199999999999974,0.0));
#2688=DIRECTION('',(0.0,1.0,0.0));
#2689=VECTOR('',#2688,9.599999999999994);
#2690=LINE('',#2687,#2689);
#2691=EDGE_CURVE('',#2677,#2686,#2690,.T.);
#2692=ORIENTED_EDGE('',*,*,#2691,.T.);
#2693=CARTESIAN_POINT('',(29.199999999999982,46.799999999999969,0.0));
#2694=VERTEX_POINT('',#2693);
#2695=CARTESIAN_POINT('',(29.199999999999982,44.799999999999969,0.0));
#2696=DIRECTION('',(0.0,0.0,-1.0));
#2697=DIRECTION('',(0.707106781186549,0.707106781186546,0.0));
#2698=AXIS2_PLACEMENT_3D('',#2695,#2696,#2697);
#2699=CIRCLE('',#2698,2.000000000000000);
#2700=EDGE_CURVE('',#2694,#2686,#2699,.T.);
#2701=ORIENTED_EDGE('',*,*,#2700,.F.);
#2702=CARTESIAN_POINT('',(10.800000000000010,46.799999999999969,0.0));
#2703=VERTEX_POINT('',#2702);
#2704=CARTESIAN_POINT('',(29.199999999999982,46.799999999999969,0.0));
#2705=DIRECTION('',(-1.0,0.0,0.0));
#2706=VECTOR('',#2705,18.399999999999970);
#2707=LINE('',#2704,#2706);
#2708=EDGE_CURVE('',#2694,#2703,#2707,.T.);
#2709=ORIENTED_EDGE('',*,*,#2708,.T.);
#2710=CARTESIAN_POINT('',(8.800000000000008,44.799999999999969,0.0));
#2711=VERTEX_POINT('',#2710);
#2712=CARTESIAN_POINT('',(10.800000000000010,44.799999999999969,0.0));
#2713=DIRECTION('',(0.0,0.0,-1.000000000000000));
#2714=DIRECTION('',(-0.707106781186549,0.707106781186546,0.0));
#2715=AXIS2_PLACEMENT_3D('',#2712,#2713,#2714);
#2716=CIRCLE('',#2715,2.000000000000000);
#2717=EDGE_CURVE('',#2711,#2703,#2716,.T.);
#2718=ORIENTED_EDGE('',*,*,#2717,.F.);
#2719=CARTESIAN_POINT('',(8.800000000000008,35.199999999999974,0.0));
#2720=VERTEX_POINT('',#2719);
#2721=CARTESIAN_POINT('',(8.800000000000008,44.799999999999969,0.0));
#2722=DIRECTION('',(0.0,-1.0,0.0));
#2723=VECTOR('',#2722,9.599999999999994);
#2724=LINE('',#2721,#2723);
#2725=EDGE_CURVE('',#2711,#2720,#2724,.T.);
#2726=ORIENTED_EDGE('',*,*,#2725,.T.);
#2727=CARTESIAN_POINT('',(4.800000000000003,31.199999999999992,0.0));
#2728=VERTEX_POINT('',#2727);
#2729=CARTESIAN_POINT('',(4.800000000000004,35.199999999999974,0.0));
#2730=DIRECTION('',(0.0,0.0,1.0));
#2731=DIRECTION('',(0.707106781186547,-0.707106781186548,0.0));
#2732=AXIS2_PLACEMENT_3D('',#2729,#2730,#2731);
#2733=CIRCLE('',#2732,4.000000000000000);
#2734=EDGE_CURVE('',#2728,#2720,#2733,.T.);
#2735=ORIENTED_EDGE('',*,*,#2734,.F.);
#2736=CARTESIAN_POINT('',(-4.799999999999991,31.199999999999992,0.0));
#2737=VERTEX_POINT('',#2736);
#2738=CARTESIAN_POINT('',(4.800000000000001,31.199999999999992,0.0));
#2739=DIRECTION('',(-1.0,0.0,0.0));
#2740=VECTOR('',#2739,9.599999999999994);
#2741=LINE('',#2738,#2740);
#2742=EDGE_CURVE('',#2728,#2737,#2741,.T.);
#2743=ORIENTED_EDGE('',*,*,#2742,.T.);
#2744=CARTESIAN_POINT('',(-6.799999999999979,29.199999999999985,0.0));
#2745=VERTEX_POINT('',#2744);
#2746=CARTESIAN_POINT('',(-4.799999999999991,29.199999999999985,0.0));
#2747=DIRECTION('',(0.0,0.0,-1.0));
#2748=DIRECTION('',(-0.707106781186547,0.707106781186548,0.0));
#2749=AXIS2_PLACEMENT_3D('',#2746,#2747,#2748);
#2750=CIRCLE('',#2749,2.0);
#2751=EDGE_CURVE('',#2745,#2737,#2750,.T.);
#2752=ORIENTED_EDGE('',*,*,#2751,.F.);
#2753=CARTESIAN_POINT('',(-6.799999999999979,10.799999999999997,0.0));
#2754=VERTEX_POINT('',#2753);
#2755=CARTESIAN_POINT('',(-6.799999999999979,29.199999999999989,0.0));
#2756=DIRECTION('',(0.0,-1.0,0.0));
#2757=VECTOR('',#2756,18.399999999999991);
#2758=LINE('',#2755,#2757);
#2759=EDGE_CURVE('',#2745,#2754,#2758,.T.);
#2760=ORIENTED_EDGE('',*,*,#2759,.T.);
#2761=CARTESIAN_POINT('',(-4.799999999999987,8.799999999999992,0.0));
#2762=VERTEX_POINT('',#2761);
#2763=CARTESIAN_POINT('',(-4.799999999999985,10.799999999999997,0.0));
#2764=DIRECTION('',(0.0,0.0,-1.0));
#2765=DIRECTION('',(-0.707106781186547,-0.707106781186548,0.0));
#2766=AXIS2_PLACEMENT_3D('',#2763,#2764,#2765);
#2767=CIRCLE('',#2766,2.0);
#2768=EDGE_CURVE('',#2762,#2754,#2767,.T.);
#2769=ORIENTED_EDGE('',*,*,#2768,.F.);
#2770=CARTESIAN_POINT('',(4.799999999999995,8.799999999999992,0.0));
#2771=VERTEX_POINT('',#2770);
#2772=CARTESIAN_POINT('',(-4.799999999999990,8.799999999999992,0.0));
#2773=DIRECTION('',(1.0,0.0,0.0));
#2774=VECTOR('',#2773,9.599999999999984);
#2775=LINE('',#2772,#2774);
#2776=EDGE_CURVE('',#2762,#2771,#2775,.T.);
#2777=ORIENTED_EDGE('',*,*,#2776,.T.);
#2778=CARTESIAN_POINT('',(8.799999999999990,4.800000000000002,0.0));
#2779=VERTEX_POINT('',#2778);
#2780=CARTESIAN_POINT('',(4.799999999999997,4.800000000000001,0.0));
#2781=DIRECTION('',(0.0,0.0,1.0));
#2782=DIRECTION('',(0.707106781186547,0.707106781186548,0.0));
#2783=AXIS2_PLACEMENT_3D('',#2780,#2781,#2782);
#2784=CIRCLE('',#2783,4.000000000000000);
#2785=EDGE_CURVE('',#2779,#2771,#2784,.T.);
#2786=ORIENTED_EDGE('',*,*,#2785,.F.);
#2787=CARTESIAN_POINT('',(8.799999999999990,-4.799999999999994,0.0));
#2788=VERTEX_POINT('',#2787);
#2789=CARTESIAN_POINT('',(8.799999999999990,4.800000000000002,0.0));
#2790=DIRECTION('',(0.0,-1.0,0.0));
#2791=VECTOR('',#2790,9.599999999999994);
#2792=LINE('',#2789,#2791);
#2793=EDGE_CURVE('',#2779,#2788,#2792,.T.);
#2794=ORIENTED_EDGE('',*,*,#2793,.T.);
#2795=CARTESIAN_POINT('',(10.799999999999997,-6.799999999999993,0.0));
#2796=VERTEX_POINT('',#2795);
#2797=CARTESIAN_POINT('',(10.799999999999997,-4.799999999999993,0.0));
#2798=DIRECTION('',(0.0,0.0,-1.000000000000000));
#2799=DIRECTION('',(-0.707106781186547,-0.707106781186548,0.0));
#2800=AXIS2_PLACEMENT_3D('',#2797,#2798,#2799);
#2801=CIRCLE('',#2800,2.0);
#2802=EDGE_CURVE('',#2796,#2788,#2801,.T.);
#2803=ORIENTED_EDGE('',*,*,#2802,.F.);
#2804=CARTESIAN_POINT('',(29.199999999999978,-6.799999999999993,0.0));
#2805=VERTEX_POINT('',#2804);
#2806=CARTESIAN_POINT('',(10.799999999999997,-6.799999999999993,0.0));
#2807=DIRECTION('',(1.0,0.0,0.0));
#2808=VECTOR('',#2807,18.399999999999981);
#2809=LINE('',#2806,#2808);
#2810=EDGE_CURVE('',#2796,#2805,#2809,.T.);
#2811=ORIENTED_EDGE('',*,*,#2810,.T.);
#2812=CARTESIAN_POINT('',(31.199999999999989,-4.799999999999995,0.0));
#2813=VERTEX_POINT('',#2812);
#2814=CARTESIAN_POINT('',(29.199999999999978,-4.799999999999994,0.0));
#2815=DIRECTION('',(0.0,0.0,-1.000000000000000));
#2816=DIRECTION('',(0.707106781186548,-0.707106781186548,0.0));
#2817=AXIS2_PLACEMENT_3D('',#2814,#2815,#2816);
#2818=CIRCLE('',#2817,2.000000000000000);
#2819=EDGE_CURVE('',#2813,#2805,#2818,.T.);
#2820=ORIENTED_EDGE('',*,*,#2819,.F.);
#2821=CARTESIAN_POINT('',(31.199999999999989,-4.799999999999996,0.0));
#2822=DIRECTION('',(0.0,1.0,0.0));
#2823=VECTOR('',#2822,9.599999999999994);
#2824=LINE('',#2821,#2823);
#2825=EDGE_CURVE('',#2813,#2626,#2824,.T.);
#2826=ORIENTED_EDGE('',*,*,#2825,.T.);
#2827=EDGE_LOOP('',(#2633,#2641,#2650,#2658,#2667,#2675,#2684,#2692,#2701,#2709,#2718,#2726,#2735,#2743,#2752,#2760,#2769,#2777,#2786,#2794,#2803,#2811,#2820,#2826));
#2828=FACE_BOUND('',#2827,.T.);
#2829=ADVANCED_FACE('',(#1798,#1832,#1970,#2004,#2038,#2176,#2210,#2348,#2382,#2520,#2554,#2588,#2622,#2828),#145,.T.);
#2830=CARTESIAN_POINT('',(58.999999999999986,58.999999999999957,0.0));
#2831=DIRECTION('',(0.0,0.0,1.0));
#2832=DIRECTION('',(0.707106781186548,0.707106781186548,0.0));
#2833=AXIS2_PLACEMENT_3D('',#2830,#2831,#2832);
#2834=CYLINDRICAL_SURFACE('',#2833,1.000000000000000);
#2835=CARTESIAN_POINT('',(58.999999999999986,59.999999999999972,100.0));
#2836=VERTEX_POINT('',#2835);
#2837=CARTESIAN_POINT('',(59.999999999999986,58.999999999999957,100.0));
#2838=VERTEX_POINT('',#2837);
#2839=CARTESIAN_POINT('',(58.999999999999986,58.999999999999957,100.0));
#2840=DIRECTION('',(0.0,0.0,-1.000000000000000));
#2841=DIRECTION('',(0.707106781186548,0.707106781186548,0.0));
#2842=AXIS2_PLACEMENT_3D('',#2839,#2840,#2841);
#2843=CIRCLE('',#2842,1.000000000000000);
#2844=EDGE_CURVE('',#2836,#2838,#2843,.T.);
#2845=ORIENTED_EDGE('',*,*,#2844,.T.);
#2846=CARTESIAN_POINT('',(59.999999999999986,58.999999999999957,100.0));
#2847=DIRECTION('',(0.0,0.0,-1.0));
#2848=VECTOR('',#2847,100.0);
#2849=LINE('',#2846,#2848);
#2850=EDGE_CURVE('',#2838,#1390,#2849,.T.);
#2851=ORIENTED_EDGE('',*,*,#2850,.T.);
#2852=ORIENTED_EDGE('',*,*,#1396,.T.);
#2853=CARTESIAN_POINT('',(58.999999999999986,59.999999999999957,0.0));
#2854=DIRECTION('',(0.0,0.0,1.0));
#2855=VECTOR('',#2854,100.0);
#2856=LINE('',#2853,#2855);
#2857=EDGE_CURVE('',#1382,#2836,#2856,.T.);
#2858=ORIENTED_EDGE('',*,*,#2857,.T.);
#2859=EDGE_LOOP('',(#2845,#2851,#2852,#2858));
#2860=FACE_OUTER_BOUND('',#2859,.T.);
#2861=ADVANCED_FACE('',(#2860),#2834,.T.);
#2862=CARTESIAN_POINT('',(59.999999999999986,59.999999999999972,0.0));
#2863=DIRECTION('',(1.0,0.0,0.0));
#2864=DIRECTION('',(0.0,0.0,1.0));
#2865=AXIS2_PLACEMENT_3D('',#2862,#2863,#2864);
#2866=PLANE('',#2865);
#2867=ORIENTED_EDGE('',*,*,#2850,.F.);
#2868=CARTESIAN_POINT('',(59.999999999999986,45.249999999999972,100.0));
#2869=VERTEX_POINT('',#2868);
#2870=CARTESIAN_POINT('',(59.999999999999986,58.999999999999957,100.0));
#2871=DIRECTION('',(0.0,-1.0,0.0));
#2872=VECTOR('',#2871,13.749999999999986);
#2873=LINE('',#2870,#2872);
#2874=EDGE_CURVE('',#2838,#2869,#2873,.T.);
#2875=ORIENTED_EDGE('',*,*,#2874,.T.);
#2876=CARTESIAN_POINT('',(59.999999999999986,45.249999999999972,0.0));
#2877=DIRECTION('',(0.0,0.0,1.0));
#2878=VECTOR('',#2877,100.0);
#2879=LINE('',#2876,#2878);
#2880=EDGE_CURVE('',#1399,#2869,#2879,.T.);
#2881=ORIENTED_EDGE('',*,*,#2880,.F.);
#2882=ORIENTED_EDGE('',*,*,#1404,.T.);
#2883=EDGE_LOOP('',(#2867,#2875,#2881,#2882));
#2884=FACE_OUTER_BOUND('',#2883,.T.);
#2885=ADVANCED_FACE('',(#2884),#2866,.T.);
#2886=CARTESIAN_POINT('',(49.999999999999986,9.999999999999993,100.0));
#2887=DIRECTION('',(0.0,0.0,-1.0));
#2888=DIRECTION('',(-1.0,0.0,0.0));
#2889=AXIS2_PLACEMENT_3D('',#2886,#2887,#2888);
#2890=PLANE('',#2889);
#2891=ORIENTED_EDGE('',*,*,#82,.F.);
#2892=ORIENTED_EDGE('',*,*,#136,.T.);
#2893=CARTESIAN_POINT('',(58.999999999999986,-4.249999999999997,100.0));
#2894=VERTEX_POINT('',#2893);
#2895=CARTESIAN_POINT('',(58.999999999999986,-4.250000000000000,100.0));
#2896=DIRECTION('',(0.707106781186541,-0.707106781186554,0.0));
#2897=VECTOR('',#2896,1.414213562373089);
#2898=LINE('',#2895,#2897);
#2899=EDGE_CURVE('',#2894,#125,#2898,.T.);
#2900=ORIENTED_EDGE('',*,*,#2899,.F.);
#2901=CARTESIAN_POINT('',(55.999999999999979,-4.249999999999999,100.0));
#2902=VERTEX_POINT('',#2901);
#2903=CARTESIAN_POINT('',(58.999999999999986,-4.249999999999998,100.0));
#2904=DIRECTION('',(-1.0,0.0,0.0));
#2905=VECTOR('',#2904,3.0);
#2906=LINE('',#2903,#2905);
#2907=EDGE_CURVE('',#2894,#2902,#2906,.T.);
#2908=ORIENTED_EDGE('',*,*,#2907,.T.);
#2909=CARTESIAN_POINT('',(55.999999999999979,-7.250000000000000,100.0));
#2910=VERTEX_POINT('',#2909);
#2911=CARTESIAN_POINT('',(55.999999999999979,-4.249999999999998,100.0));
#2912=DIRECTION('',(0.0,-1.0,0.0));
#2913=VECTOR('',#2912,3.0);
#2914=LINE('',#2911,#2913);
#2915=EDGE_CURVE('',#2902,#2910,#2914,.T.);
#2916=ORIENTED_EDGE('',*,*,#2915,.T.);
#2917=CARTESIAN_POINT('',(57.604123203702869,-7.250000000000000,100.0));
#2918=VERTEX_POINT('',#2917);
#2919=CARTESIAN_POINT('',(55.999999999999979,-7.250000000000001,100.0));
#2920=DIRECTION('',(1.0,0.0,0.0));
#2921=VECTOR('',#2920,1.604123203702891);
#2922=LINE('',#2919,#2921);
#2923=EDGE_CURVE('',#2910,#2918,#2922,.T.);
#2924=ORIENTED_EDGE('',*,*,#2923,.T.);
#2925=CARTESIAN_POINT('',(58.096527080208972,-7.836824088833465,100.0));
#2926=VERTEX_POINT('',#2925);
#2927=CARTESIAN_POINT('',(57.604123203702869,-7.750000000000000,100.0));
#2928=DIRECTION('',(0.0,0.0,-1.0));
#2929=DIRECTION('',(0.0,1.0,0.0));
#2930=AXIS2_PLACEMENT_3D('',#2927,#2928,#2929);
#2931=CIRCLE('',#2930,0.500000000000000);
#2932=EDGE_CURVE('',#2918,#2926,#2931,.T.);
#2933=ORIENTED_EDGE('',*,*,#2932,.T.);
#2934=CARTESIAN_POINT('',(57.916768904986526,-8.856283359900239,100.0));
#2935=VERTEX_POINT('',#2934);
#2936=CARTESIAN_POINT('',(58.096527080208965,-7.836824088833465,100.0));
#2937=DIRECTION('',(-0.173648177666927,-0.984807753012209,0.0));
#2938=VECTOR('',#2937,1.035186073574845);
#2939=LINE('',#2936,#2938);
#2940=EDGE_CURVE('',#2926,#2935,#2939,.T.);
#2941=ORIENTED_EDGE('',*,*,#2940,.T.);
#2942=CARTESIAN_POINT('',(57.030441927275533,-9.600000000000001,100.0));
#2943=VERTEX_POINT('',#2942);
#2944=CARTESIAN_POINT('',(57.030441927275533,-8.700000000000005,100.0));
#2945=DIRECTION('',(0.0,0.0,-1.000000000000000));
#2946=DIRECTION('',(0.984807753012208,-0.173648177666928,0.0));
#2947=AXIS2_PLACEMENT_3D('',#2944,#2945,#2946);
#2948=CIRCLE('',#2947,0.899999999999997);
#2949=EDGE_CURVE('',#2935,#2943,#2948,.T.);
#2950=ORIENTED_EDGE('',*,*,#2949,.T.);
#2951=CARTESIAN_POINT('',(52.333865619795830,-9.600000000000001,100.0));
#2952=VERTEX_POINT('',#2951);
#2953=CARTESIAN_POINT('',(57.030441927275533,-9.600000000000001,100.0));
#2954=DIRECTION('',(-1.0,0.0,0.0));
#2955=VECTOR('',#2954,4.696576307479695);
#2956=LINE('',#2953,#2955);
#2957=EDGE_CURVE('',#2943,#2952,#2956,.T.);
#2958=ORIENTED_EDGE('',*,*,#2957,.T.);
#2959=CARTESIAN_POINT('',(50.212545276236185,-8.721320343559642,100.0));
#2960=VERTEX_POINT('',#2959);
#2961=CARTESIAN_POINT('',(52.333865619795830,-6.599999999999993,100.0));
#2962=DIRECTION('',(0.0,0.0,-1.0));
#2963=DIRECTION('',(0.0,-1.0,0.0));
#2964=AXIS2_PLACEMENT_3D('',#2961,#2962,#2963);
#2965=CIRCLE('',#2964,2.999999999999987);
#2966=EDGE_CURVE('',#2952,#2960,#2965,.T.);
#2967=ORIENTED_EDGE('',*,*,#2966,.T.);
#2968=CARTESIAN_POINT('',(49.678679656440337,-8.187454723763798,100.0));
#2969=VERTEX_POINT('',#2968);
#2970=CARTESIAN_POINT('',(50.212545276236185,-8.721320343559640,100.0));
#2971=DIRECTION('',(-0.707106781186545,0.707106781186550,0.0));
#2972=VECTOR('',#2971,0.754999999999998);
#2973=LINE('',#2970,#2972);
#2974=EDGE_CURVE('',#2960,#2969,#2973,.T.);
#2975=ORIENTED_EDGE('',*,*,#2974,.T.);
#2976=CARTESIAN_POINT('',(48.799999999999983,-6.066134380204149,100.0));
#2977=VERTEX_POINT('',#2976);
#2978=CARTESIAN_POINT('',(51.799999999999990,-6.066134380204149,100.0));
#2979=DIRECTION('',(0.0,0.0,-1.0));
#2980=DIRECTION('',(-0.707106781186547,-0.707106781186548,0.0));
#2981=AXIS2_PLACEMENT_3D('',#2978,#2979,#2980);
#2982=CIRCLE('',#2981,3.000000000000010);
#2983=EDGE_CURVE('',#2969,#2977,#2982,.T.);
#2984=ORIENTED_EDGE('',*,*,#2983,.T.);
#2985=CARTESIAN_POINT('',(48.799999999999983,6.066134380204141,100.0));
#2986=VERTEX_POINT('',#2985);
#2987=CARTESIAN_POINT('',(48.799999999999976,-6.066134380204150,100.0));
#2988=DIRECTION('',(0.0,1.0,0.0));
#2989=VECTOR('',#2988,12.132268760408291);
#2990=LINE('',#2987,#2989);
#2991=EDGE_CURVE('',#2977,#2986,#2990,.T.);
#2992=ORIENTED_EDGE('',*,*,#2991,.T.);
#2993=CARTESIAN_POINT('',(49.678679656440337,8.187454723763789,100.0));
#2994=VERTEX_POINT('',#2993);
#2995=CARTESIAN_POINT('',(51.799999999999990,6.066134380204140,100.0));
#2996=DIRECTION('',(4.079220E-017,-4.079220E-017,-1.000000000000000));
#2997=DIRECTION('',(-0.707106781186548,0.707106781186548,-5.768888E-017));
#2998=AXIS2_PLACEMENT_3D('',#2995,#2996,#2997);
#2999=CIRCLE('',#2998,3.000000000000010);
#3000=EDGE_CURVE('',#2986,#2994,#2999,.T.);
#3001=ORIENTED_EDGE('',*,*,#3000,.T.);
#3002=CARTESIAN_POINT('',(50.212545276236185,8.721320343559633,100.0));
#3003=VERTEX_POINT('',#3002);
#3004=CARTESIAN_POINT('',(49.678679656440337,8.187454723763793,100.0));
#3005=DIRECTION('',(0.707106781186550,0.707106781186545,0.0));
#3006=VECTOR('',#3005,0.755000000000003);
#3007=LINE('',#3004,#3006);
#3008=EDGE_CURVE('',#2994,#3003,#3007,.T.);
#3009=ORIENTED_EDGE('',*,*,#3008,.T.);
#3010=CARTESIAN_POINT('',(52.333865619795830,9.599999999999993,100.0));
#3011=VERTEX_POINT('',#3010);
#3012=CARTESIAN_POINT('',(52.333865619795830,6.599999999999984,100.0));
#3013=DIRECTION('',(0.0,0.0,-1.0));
#3014=DIRECTION('',(0.0,1.0,0.0));
#3015=AXIS2_PLACEMENT_3D('',#3012,#3013,#3014);
#3016=CIRCLE('',#3015,2.999999999999987);
#3017=EDGE_CURVE('',#3003,#3011,#3016,.T.);
#3018=ORIENTED_EDGE('',*,*,#3017,.T.);
#3019=CARTESIAN_POINT('',(57.030441927275533,9.599999999999993,100.0));
#3020=VERTEX_POINT('',#3019);
#3021=CARTESIAN_POINT('',(52.333865619795837,9.599999999999993,100.0));
#3022=DIRECTION('',(1.0,0.0,0.0));
#3023=VECTOR('',#3022,4.696576307479695);
#3024=LINE('',#3021,#3023);
#3025=EDGE_CURVE('',#3011,#3020,#3024,.T.);
#3026=ORIENTED_EDGE('',*,*,#3025,.T.);
#3027=CARTESIAN_POINT('',(57.916768904986526,8.856283359900230,100.0));
#3028=VERTEX_POINT('',#3027);
#3029=CARTESIAN_POINT('',(57.030441927275533,8.699999999999996,100.0));
#3030=DIRECTION('',(3.258629E-017,5.745842E-018,-1.000000000000000));
#3031=DIRECTION('',(0.984807753012208,0.173648177666928,3.308898E-017));
#3032=AXIS2_PLACEMENT_3D('',#3029,#3030,#3031);
#3033=CIRCLE('',#3032,0.899999999999997);
#3034=EDGE_CURVE('',#3020,#3028,#3033,.T.);
#3035=ORIENTED_EDGE('',*,*,#3034,.T.);
#3036=CARTESIAN_POINT('',(58.096527080208972,7.836824088833456,100.0));
#3037=VERTEX_POINT('',#3036);
#3038=CARTESIAN_POINT('',(57.916768904986512,8.856283359900228,100.0));
#3039=DIRECTION('',(0.173648177666927,-0.984807753012209,0.0));
#3040=VECTOR('',#3039,1.035186073574845);
#3041=LINE('',#3038,#3040);
#3042=EDGE_CURVE('',#3028,#3037,#3041,.T.);
#3043=ORIENTED_EDGE('',*,*,#3042,.T.);
#3044=CARTESIAN_POINT('',(57.604123203702869,7.249999999999991,100.0));
#3045=VERTEX_POINT('',#3044);
#3046=CARTESIAN_POINT('',(57.604123203702869,7.749999999999991,100.0));
#3047=DIRECTION('',(0.0,0.0,-1.0));
#3048=DIRECTION('',(0.0,-1.0,0.0));
#3049=AXIS2_PLACEMENT_3D('',#3046,#3047,#3048);
#3050=CIRCLE('',#3049,0.500000000000000);
#3051=EDGE_CURVE('',#3037,#3045,#3050,.T.);
#3052=ORIENTED_EDGE('',*,*,#3051,.T.);
#3053=CARTESIAN_POINT('',(55.999999999999979,7.249999999999991,100.0));
#3054=VERTEX_POINT('',#3053);
#3055=CARTESIAN_POINT('',(57.604123203702869,7.249999999999990,100.0));
#3056=DIRECTION('',(-1.0,0.0,0.0));
#3057=VECTOR('',#3056,1.604123203702891);
#3058=LINE('',#3055,#3057);
#3059=EDGE_CURVE('',#3045,#3054,#3058,.T.);
#3060=ORIENTED_EDGE('',*,*,#3059,.T.);
#3061=CARTESIAN_POINT('',(55.999999999999979,4.249999999999989,100.0));
#3062=VERTEX_POINT('',#3061);
#3063=CARTESIAN_POINT('',(55.999999999999979,7.249999999999991,100.0));
#3064=DIRECTION('',(0.0,-1.0,0.0));
#3065=VECTOR('',#3064,3.000000000000002);
#3066=LINE('',#3063,#3065);
#3067=EDGE_CURVE('',#3054,#3062,#3066,.T.);
#3068=ORIENTED_EDGE('',*,*,#3067,.T.);
#3069=CARTESIAN_POINT('',(58.999999999999979,4.249999999999989,100.0));
#3070=VERTEX_POINT('',#3069);
#3071=CARTESIAN_POINT('',(55.999999999999986,4.249999999999989,100.0));
#3072=DIRECTION('',(1.0,0.0,0.0));
#3073=VECTOR('',#3072,2.999999999999993);
#3074=LINE('',#3071,#3073);
#3075=EDGE_CURVE('',#3062,#3070,#3074,.T.);
#3076=ORIENTED_EDGE('',*,*,#3075,.T.);
#3077=CARTESIAN_POINT('',(59.999999999999986,5.249999999999988,100.0));
#3078=VERTEX_POINT('',#3077);
#3079=CARTESIAN_POINT('',(59.999999999999979,5.249999999999994,100.0));
#3080=DIRECTION('',(-0.707106781186546,-0.707106781186549,0.0));
#3081=VECTOR('',#3080,1.414213562373098);
#3082=LINE('',#3079,#3081);
#3083=EDGE_CURVE('',#3078,#3070,#3082,.T.);
#3084=ORIENTED_EDGE('',*,*,#3083,.F.);
#3085=CARTESIAN_POINT('',(59.999999999999986,34.749999999999986,100.0));
#3086=VERTEX_POINT('',#3085);
#3087=CARTESIAN_POINT('',(59.999999999999979,5.249999999999988,100.0));
#3088=DIRECTION('',(0.0,1.0,0.0));
#3089=VECTOR('',#3088,29.500000000000000);
#3090=LINE('',#3087,#3089);
#3091=EDGE_CURVE('',#3078,#3086,#3090,.T.);
#3092=ORIENTED_EDGE('',*,*,#3091,.T.);
#3093=CARTESIAN_POINT('',(58.999999999999979,35.749999999999986,100.0));
#3094=VERTEX_POINT('',#3093);
#3095=CARTESIAN_POINT('',(58.999999999999979,35.749999999999986,100.0));
#3096=DIRECTION('',(0.707106781186550,-0.707106781186545,0.0));
#3097=VECTOR('',#3096,1.414213562373100);
#3098=LINE('',#3095,#3097);
#3099=EDGE_CURVE('',#3094,#3086,#3098,.T.);
#3100=ORIENTED_EDGE('',*,*,#3099,.F.);
#3101=CARTESIAN_POINT('',(55.999999999999979,35.749999999999986,100.0));
#3102=VERTEX_POINT('',#3101);
#3103=CARTESIAN_POINT('',(58.999999999999979,35.749999999999986,100.0));
#3104=DIRECTION('',(-1.0,0.0,0.0));
#3105=VECTOR('',#3104,2.999999999999993);
#3106=LINE('',#3103,#3105);
#3107=EDGE_CURVE('',#3094,#3102,#3106,.T.);
#3108=ORIENTED_EDGE('',*,*,#3107,.T.);
#3109=CARTESIAN_POINT('',(55.999999999999979,32.749999999999979,100.0));
#3110=VERTEX_POINT('',#3109);
#3111=CARTESIAN_POINT('',(55.999999999999986,35.749999999999986,100.0));
#3112=DIRECTION('',(0.0,-1.0,0.0));
#3113=VECTOR('',#3112,3.000000000000007);
#3114=LINE('',#3111,#3113);
#3115=EDGE_CURVE('',#3102,#3110,#3114,.T.);
#3116=ORIENTED_EDGE('',*,*,#3115,.T.);
#3117=CARTESIAN_POINT('',(57.604123203702869,32.749999999999979,100.0));
#3118=VERTEX_POINT('',#3117);
#3119=CARTESIAN_POINT('',(55.999999999999979,32.749999999999986,100.0));
#3120=DIRECTION('',(1.0,0.0,0.0));
#3121=VECTOR('',#3120,1.604123203702891);
#3122=LINE('',#3119,#3121);
#3123=EDGE_CURVE('',#3110,#3118,#3122,.T.);
#3124=ORIENTED_EDGE('',*,*,#3123,.T.);
#3125=CARTESIAN_POINT('',(58.096527080208979,32.163175911166519,100.0));
#3126=VERTEX_POINT('',#3125);
#3127=CARTESIAN_POINT('',(57.604123203702869,32.249999999999979,100.0));
#3128=DIRECTION('',(0.0,0.0,-1.0));
#3129=DIRECTION('',(0.0,1.0,0.0));
#3130=AXIS2_PLACEMENT_3D('',#3127,#3128,#3129);
#3131=CIRCLE('',#3130,0.500000000000000);
#3132=EDGE_CURVE('',#3118,#3126,#3131,.T.);
#3133=ORIENTED_EDGE('',*,*,#3132,.T.);
#3134=CARTESIAN_POINT('',(57.916768904986526,31.143716640099743,100.0));
#3135=VERTEX_POINT('',#3134);
#3136=CARTESIAN_POINT('',(58.096527080208979,32.163175911166519,100.0));
#3137=DIRECTION('',(-0.173648177666927,-0.984807753012209,0.0));
#3138=VECTOR('',#3137,1.035186073574843);
#3139=LINE('',#3136,#3138);
#3140=EDGE_CURVE('',#3126,#3135,#3139,.T.);
#3141=ORIENTED_EDGE('',*,*,#3140,.T.);
#3142=CARTESIAN_POINT('',(57.030441927275540,30.399999999999977,100.0));
#3143=VERTEX_POINT('',#3142);
#3144=CARTESIAN_POINT('',(57.030441927275540,31.299999999999976,100.0));
#3145=DIRECTION('',(3.258629E-017,-5.745842E-018,-1.0));
#3146=DIRECTION('',(0.984807753012208,-0.173648177666928,3.308898E-017));
#3147=AXIS2_PLACEMENT_3D('',#3144,#3145,#3146);
#3148=CIRCLE('',#3147,0.899999999999997);
#3149=EDGE_CURVE('',#3135,#3143,#3148,.T.);
#3150=ORIENTED_EDGE('',*,*,#3149,.T.);
#3151=CARTESIAN_POINT('',(52.333865619795844,30.399999999999977,100.0));
#3152=VERTEX_POINT('',#3151);
#3153=CARTESIAN_POINT('',(57.030441927275547,30.399999999999984,100.0));
#3154=DIRECTION('',(-1.0,0.0,0.0));
#3155=VECTOR('',#3154,4.696576307479703);
#3156=LINE('',#3153,#3155);
#3157=EDGE_CURVE('',#3143,#3152,#3156,.T.);
#3158=ORIENTED_EDGE('',*,*,#3157,.T.);
#3159=CARTESIAN_POINT('',(50.212545276236185,31.278679656440339,100.0));
#3160=VERTEX_POINT('',#3159);
#3161=CARTESIAN_POINT('',(52.333865619795830,33.399999999999991,100.0));
#3162=DIRECTION('',(0.0,0.0,-1.0));
#3163=DIRECTION('',(0.0,-1.0,0.0));
#3164=AXIS2_PLACEMENT_3D('',#3161,#3162,#3163);
#3165=CIRCLE('',#3164,2.999999999999987);
#3166=EDGE_CURVE('',#3152,#3160,#3165,.T.);
#3167=ORIENTED_EDGE('',*,*,#3166,.T.);
#3168=CARTESIAN_POINT('',(49.678679656440337,31.812545276236182,100.0));
#3169=VERTEX_POINT('',#3168);
#3170=CARTESIAN_POINT('',(50.212545276236185,31.278679656440339,100.0));
#3171=DIRECTION('',(-0.707106781186545,0.707106781186550,0.0));
#3172=VECTOR('',#3171,0.754999999999998);
#3173=LINE('',#3170,#3172);
#3174=EDGE_CURVE('',#3160,#3169,#3173,.T.);
#3175=ORIENTED_EDGE('',*,*,#3174,.T.);
#3176=CARTESIAN_POINT('',(48.799999999999983,33.933865619795831,100.0));
#3177=VERTEX_POINT('',#3176);
#3178=CARTESIAN_POINT('',(51.799999999999990,33.933865619795831,100.0));
#3179=DIRECTION('',(4.079220E-017,4.079220E-017,-1.000000000000000));
#3180=DIRECTION('',(-0.707106781186548,-0.707106781186548,-5.768888E-017));
#3181=AXIS2_PLACEMENT_3D('',#3178,#3179,#3180);
#3182=CIRCLE('',#3181,3.000000000000010);
#3183=EDGE_CURVE('',#3169,#3177,#3182,.T.);
#3184=ORIENTED_EDGE('',*,*,#3183,.T.);
#3185=CARTESIAN_POINT('',(48.799999999999983,46.066134380204119,100.0));
#3186=VERTEX_POINT('',#3185);
#3187=CARTESIAN_POINT('',(48.799999999999976,33.933865619795831,100.0));
#3188=DIRECTION('',(0.0,1.0,0.0));
#3189=VECTOR('',#3188,12.132268760408287);
#3190=LINE('',#3187,#3189);
#3191=EDGE_CURVE('',#3177,#3186,#3190,.T.);
#3192=ORIENTED_EDGE('',*,*,#3191,.T.);
#3193=CARTESIAN_POINT('',(49.678679656440337,48.187454723763771,100.0));
#3194=VERTEX_POINT('',#3193);
#3195=CARTESIAN_POINT('',(51.799999999999997,46.066134380204119,100.0));
#3196=DIRECTION('',(0.0,0.0,-1.0));
#3197=DIRECTION('',(-0.707106781186547,0.707106781186548,0.0));
#3198=AXIS2_PLACEMENT_3D('',#3195,#3196,#3197);
#3199=CIRCLE('',#3198,3.000000000000010);
#3200=EDGE_CURVE('',#3186,#3194,#3199,.T.);
#3201=ORIENTED_EDGE('',*,*,#3200,.T.);
#3202=CARTESIAN_POINT('',(50.212545276236185,48.721320343559611,100.0));
#3203=VERTEX_POINT('',#3202);
#3204=CARTESIAN_POINT('',(49.678679656440337,48.187454723763771,100.0));
#3205=DIRECTION('',(0.707106781186552,0.707106781186543,0.0));
#3206=VECTOR('',#3205,0.755000000000000);
#3207=LINE('',#3204,#3206);
#3208=EDGE_CURVE('',#3194,#3203,#3207,.T.);
#3209=ORIENTED_EDGE('',*,*,#3208,.T.);
#3210=CARTESIAN_POINT('',(52.333865619795844,49.599999999999973,100.0));
#3211=VERTEX_POINT('',#3210);
#3212=CARTESIAN_POINT('',(52.333865619795844,46.599999999999966,100.0));
#3213=DIRECTION('',(0.0,0.0,-1.0));
#3214=DIRECTION('',(0.0,1.0,0.0));
#3215=AXIS2_PLACEMENT_3D('',#3212,#3213,#3214);
#3216=CIRCLE('',#3215,2.999999999999987);
#3217=EDGE_CURVE('',#3203,#3211,#3216,.T.);
#3218=ORIENTED_EDGE('',*,*,#3217,.T.);
#3219=CARTESIAN_POINT('',(57.030441927275540,49.599999999999973,100.0));
#3220=VERTEX_POINT('',#3219);
#3221=CARTESIAN_POINT('',(52.333865619795844,49.599999999999973,100.0));
#3222=DIRECTION('',(1.0,0.0,0.0));
#3223=VECTOR('',#3222,4.696576307479703);
#3224=LINE('',#3221,#3223);
#3225=EDGE_CURVE('',#3211,#3220,#3224,.T.);
#3226=ORIENTED_EDGE('',*,*,#3225,.T.);
#3227=CARTESIAN_POINT('',(57.916768904986533,48.856283359900210,100.0));
#3228=VERTEX_POINT('',#3227);
#3229=CARTESIAN_POINT('',(57.030441927275540,48.699999999999974,100.0));
#3230=DIRECTION('',(0.0,0.0,-1.000000000000000));
#3231=DIRECTION('',(0.984807753012209,0.173648177666928,0.0));
#3232=AXIS2_PLACEMENT_3D('',#3229,#3230,#3231);
#3233=CIRCLE('',#3232,0.899999999999997);
#3234=EDGE_CURVE('',#3220,#3228,#3233,.T.);
#3235=ORIENTED_EDGE('',*,*,#3234,.T.);
#3236=CARTESIAN_POINT('',(58.096527080208979,47.836824088833438,100.0));
#3237=VERTEX_POINT('',#3236);
#3238=CARTESIAN_POINT('',(57.916768904986519,48.856283359900210,100.0));
#3239=DIRECTION('',(0.173648177666927,-0.984807753012209,0.0));
#3240=VECTOR('',#3239,1.035186073574843);
#3241=LINE('',#3238,#3240);
#3242=EDGE_CURVE('',#3228,#3237,#3241,.T.);
#3243=ORIENTED_EDGE('',*,*,#3242,.T.);
#3244=CARTESIAN_POINT('',(57.604123203702869,47.249999999999972,100.0));
#3245=VERTEX_POINT('',#3244);
#3246=CARTESIAN_POINT('',(57.604123203702869,47.749999999999972,100.0));
#3247=DIRECTION('',(0.0,0.0,-1.0));
#3248=DIRECTION('',(0.0,-1.0,0.0));
#3249=AXIS2_PLACEMENT_3D('',#3246,#3247,#3248);
#3250=CIRCLE('',#3249,0.500000000000000);
#3251=EDGE_CURVE('',#3237,#3245,#3250,.T.);
#3252=ORIENTED_EDGE('',*,*,#3251,.T.);
#3253=CARTESIAN_POINT('',(55.999999999999986,47.249999999999972,100.0));
#3254=VERTEX_POINT('',#3253);
#3255=CARTESIAN_POINT('',(57.604123203702869,47.249999999999972,100.0));
#3256=DIRECTION('',(-1.0,0.0,0.0));
#3257=VECTOR('',#3256,1.604123203702883);
#3258=LINE('',#3255,#3257);
#3259=EDGE_CURVE('',#3245,#3254,#3258,.T.);
#3260=ORIENTED_EDGE('',*,*,#3259,.T.);
#3261=CARTESIAN_POINT('',(55.999999999999986,44.249999999999972,100.0));
#3262=VERTEX_POINT('',#3261);
#3263=CARTESIAN_POINT('',(56.0,47.249999999999972,100.0));
#3264=DIRECTION('',(0.0,-1.0,0.0));
#3265=VECTOR('',#3264,3.0);
#3266=LINE('',#3263,#3265);
#3267=EDGE_CURVE('',#3254,#3262,#3266,.T.);
#3268=ORIENTED_EDGE('',*,*,#3267,.T.);
#3269=CARTESIAN_POINT('',(58.999999999999986,44.249999999999972,100.0));
#3270=VERTEX_POINT('',#3269);
#3271=CARTESIAN_POINT('',(55.999999999999986,44.249999999999972,100.0));
#3272=DIRECTION('',(1.0,0.0,0.0));
#3273=VECTOR('',#3272,3.0);
#3274=LINE('',#3271,#3273);
#3275=EDGE_CURVE('',#3262,#3270,#3274,.T.);
#3276=ORIENTED_EDGE('',*,*,#3275,.T.);
#3277=CARTESIAN_POINT('',(59.999999999999986,45.249999999999972,100.0));
#3278=DIRECTION('',(-0.707106781186550,-0.707106781186545,0.0));
#3279=VECTOR('',#3278,1.414213562373090);
#3280=LINE('',#3277,#3279);
#3281=EDGE_CURVE('',#2869,#3270,#3280,.T.);
#3282=ORIENTED_EDGE('',*,*,#3281,.F.);
#3283=ORIENTED_EDGE('',*,*,#2874,.F.);
#3284=ORIENTED_EDGE('',*,*,#2844,.F.);
#3285=CARTESIAN_POINT('',(45.249999999999986,59.999999999999972,100.0));
#3286=VERTEX_POINT('',#3285);
#3287=CARTESIAN_POINT('',(45.249999999999986,59.999999999999972,100.0));
#3288=DIRECTION('',(1.0,0.0,0.0));
#3289=VECTOR('',#3288,13.750000000000000);
#3290=LINE('',#3287,#3289);
#3291=EDGE_CURVE('',#3286,#2836,#3290,.T.);
#3292=ORIENTED_EDGE('',*,*,#3291,.F.);
#3293=CARTESIAN_POINT('',(44.249999999999986,58.999999999999957,100.0));
#3294=VERTEX_POINT('',#3293);
#3295=CARTESIAN_POINT('',(44.249999999999986,58.999999999999957,100.0));
#3296=DIRECTION('',(0.707106781186547,0.707106781186547,0.0));
#3297=VECTOR('',#3296,1.414213562373105);
#3298=LINE('',#3295,#3297);
#3299=EDGE_CURVE('',#3294,#3286,#3298,.T.);
#3300=ORIENTED_EDGE('',*,*,#3299,.F.);
#3301=CARTESIAN_POINT('',(44.249999999999986,55.999999999999979,100.0));
#3302=VERTEX_POINT('',#3301);
#3303=CARTESIAN_POINT('',(44.249999999999986,58.999999999999964,100.0));
#3304=DIRECTION('',(0.0,-1.0,0.0));
#3305=VECTOR('',#3304,2.999999999999979);
#3306=LINE('',#3303,#3305);
#3307=EDGE_CURVE('',#3294,#3302,#3306,.T.);
#3308=ORIENTED_EDGE('',*,*,#3307,.T.);
#3309=CARTESIAN_POINT('',(47.249999999999986,55.999999999999972,100.0));
#3310=VERTEX_POINT('',#3309);
#3311=CARTESIAN_POINT('',(44.249999999999986,55.999999999999979,100.0));
#3312=DIRECTION('',(1.0,0.0,0.0));
#3313=VECTOR('',#3312,3.0);
#3314=LINE('',#3311,#3313);
#3315=EDGE_CURVE('',#3302,#3310,#3314,.T.);
#3316=ORIENTED_EDGE('',*,*,#3315,.T.);
#3317=CARTESIAN_POINT('',(47.249999999999986,57.604123203702862,100.0));
#3318=VERTEX_POINT('',#3317);
#3319=CARTESIAN_POINT('',(47.249999999999993,55.999999999999972,100.0));
#3320=DIRECTION('',(0.0,1.0,0.0));
#3321=VECTOR('',#3320,1.604123203702891);
#3322=LINE('',#3319,#3321);
#3323=EDGE_CURVE('',#3310,#3318,#3322,.T.);
#3324=ORIENTED_EDGE('',*,*,#3323,.T.);
#3325=CARTESIAN_POINT('',(47.836824088833453,58.096527080208972,100.0));
#3326=VERTEX_POINT('',#3325);
#3327=CARTESIAN_POINT('',(47.749999999999986,57.604123203702862,100.0));
#3328=DIRECTION('',(0.0,0.0,-1.0));
#3329=DIRECTION('',(-1.0,0.0,0.0));
#3330=AXIS2_PLACEMENT_3D('',#3327,#3328,#3329);
#3331=CIRCLE('',#3330,0.500000000000000);
#3332=EDGE_CURVE('',#3318,#3326,#3331,.T.);
#3333=ORIENTED_EDGE('',*,*,#3332,.T.);
#3334=CARTESIAN_POINT('',(48.856283359900232,57.916768904986512,100.0));
#3335=VERTEX_POINT('',#3334);
#3336=CARTESIAN_POINT('',(47.836824088833453,58.096527080208972,100.0));
#3337=DIRECTION('',(0.984807753012209,-0.173648177666926,0.0));
#3338=VECTOR('',#3337,1.035186073574850);
#3339=LINE('',#3336,#3338);
#3340=EDGE_CURVE('',#3326,#3335,#3339,.T.);
#3341=ORIENTED_EDGE('',*,*,#3340,.T.);
#3342=CARTESIAN_POINT('',(49.599999999999994,57.030441927275533,100.0));
#3343=VERTEX_POINT('',#3342);
#3344=CARTESIAN_POINT('',(48.699999999999989,57.030441927275533,100.0));
#3345=DIRECTION('',(5.745842E-018,3.258629E-017,-1.0));
#3346=DIRECTION('',(0.173648177666928,0.984807753012208,3.308898E-017));
#3347=AXIS2_PLACEMENT_3D('',#3344,#3345,#3346);
#3348=CIRCLE('',#3347,0.899999999999997);
#3349=EDGE_CURVE('',#3335,#3343,#3348,.T.);
#3350=ORIENTED_EDGE('',*,*,#3349,.T.);
#3351=CARTESIAN_POINT('',(49.599999999999994,52.333865619795823,100.0));
#3352=VERTEX_POINT('',#3351);
#3353=CARTESIAN_POINT('',(49.599999999999994,57.030441927275533,100.0));
#3354=DIRECTION('',(0.0,-1.0,0.0));
#3355=VECTOR('',#3354,4.696576307479710);
#3356=LINE('',#3353,#3355);
#3357=EDGE_CURVE('',#3343,#3352,#3356,.T.);
#3358=ORIENTED_EDGE('',*,*,#3357,.T.);
#3359=CARTESIAN_POINT('',(48.721320343559633,50.212545276236177,100.0));
#3360=VERTEX_POINT('',#3359);
#3361=CARTESIAN_POINT('',(46.599999999999980,52.333865619795823,100.0));
#3362=DIRECTION('',(0.0,0.0,-1.0));
#3363=DIRECTION('',(1.0,0.0,0.0));
#3364=AXIS2_PLACEMENT_3D('',#3361,#3362,#3363);
#3365=CIRCLE('',#3364,2.999999999999987);
#3366=EDGE_CURVE('',#3352,#3360,#3365,.T.);
#3367=ORIENTED_EDGE('',*,*,#3366,.T.);
#3368=CARTESIAN_POINT('',(48.187454723763786,49.678679656440330,100.0));
#3369=VERTEX_POINT('',#3368);
#3370=CARTESIAN_POINT('',(48.721320343559626,50.212545276236185,100.0));
#3371=DIRECTION('',(-0.707106781186543,-0.707106781186552,0.0));
#3372=VECTOR('',#3371,0.755000000000000);
#3373=LINE('',#3370,#3372);
#3374=EDGE_CURVE('',#3360,#3369,#3373,.T.);
#3375=ORIENTED_EDGE('',*,*,#3374,.T.);
#3376=CARTESIAN_POINT('',(46.066134380204133,48.799999999999969,100.0));
#3377=VERTEX_POINT('',#3376);
#3378=CARTESIAN_POINT('',(46.066134380204140,51.799999999999983,100.0));
#3379=DIRECTION('',(-4.079220E-017,4.079220E-017,-1.0));
#3380=DIRECTION('',(0.707106781186547,-0.707106781186548,-5.768888E-017));
#3381=AXIS2_PLACEMENT_3D('',#3378,#3379,#3380);
#3382=CIRCLE('',#3381,3.000000000000010);
#3383=EDGE_CURVE('',#3369,#3377,#3382,.T.);
#3384=ORIENTED_EDGE('',*,*,#3383,.T.);
#3385=CARTESIAN_POINT('',(33.933865619795839,48.799999999999969,100.0));
#3386=VERTEX_POINT('',#3385);
#3387=CARTESIAN_POINT('',(46.066134380204133,48.799999999999969,100.0));
#3388=DIRECTION('',(-1.0,0.0,0.0));
#3389=VECTOR('',#3388,12.132268760408287);
#3390=LINE('',#3387,#3389);
#3391=EDGE_CURVE('',#3377,#3386,#3390,.T.);
#3392=ORIENTED_EDGE('',*,*,#3391,.T.);
#3393=CARTESIAN_POINT('',(31.812545276236193,49.678679656440330,100.0));
#3394=VERTEX_POINT('',#3393);
#3395=CARTESIAN_POINT('',(33.933865619795839,51.799999999999983,100.0));
#3396=DIRECTION('',(0.0,0.0,-1.0));
#3397=DIRECTION('',(-0.707106781186548,-0.707106781186547,0.0));
#3398=AXIS2_PLACEMENT_3D('',#3395,#3396,#3397);
#3399=CIRCLE('',#3398,3.000000000000010);
#3400=EDGE_CURVE('',#3386,#3394,#3399,.T.);
#3401=ORIENTED_EDGE('',*,*,#3400,.T.);
#3402=CARTESIAN_POINT('',(31.278679656440353,50.212545276236185,100.0));
#3403=VERTEX_POINT('',#3402);
#3404=CARTESIAN_POINT('',(31.812545276236193,49.678679656440330,100.0));
#3405=DIRECTION('',(-0.707106781186547,0.707106781186547,0.0));
#3406=VECTOR('',#3405,0.755000000000005);
#3407=LINE('',#3404,#3406);
#3408=EDGE_CURVE('',#3394,#3403,#3407,.T.);
#3409=ORIENTED_EDGE('',*,*,#3408,.T.);
#3410=CARTESIAN_POINT('',(30.399999999999991,52.333865619795830,100.0));
#3411=VERTEX_POINT('',#3410);
#3412=CARTESIAN_POINT('',(33.399999999999999,52.333865619795823,100.0));
#3413=DIRECTION('',(0.0,0.0,-1.0));
#3414=DIRECTION('',(-1.0,0.0,0.0));
#3415=AXIS2_PLACEMENT_3D('',#3412,#3413,#3414);
#3416=CIRCLE('',#3415,2.999999999999987);
#3417=EDGE_CURVE('',#3403,#3411,#3416,.T.);
#3418=ORIENTED_EDGE('',*,*,#3417,.T.);
#3419=CARTESIAN_POINT('',(30.399999999999991,57.030441927275533,100.0));
#3420=VERTEX_POINT('',#3419);
#3421=CARTESIAN_POINT('',(30.399999999999991,52.333865619795830,100.0));
#3422=DIRECTION('',(0.0,1.0,0.0));
#3423=VECTOR('',#3422,4.696576307479703);
#3424=LINE('',#3421,#3423);
#3425=EDGE_CURVE('',#3411,#3420,#3424,.T.);
#3426=ORIENTED_EDGE('',*,*,#3425,.T.);
#3427=CARTESIAN_POINT('',(31.143716640099758,57.916768904986512,100.0));
#3428=VERTEX_POINT('',#3427);
#3429=CARTESIAN_POINT('',(31.299999999999990,57.030441927275533,100.0));
#3430=DIRECTION('',(0.0,0.0,-1.0));
#3431=DIRECTION('',(-0.173648177666928,0.984807753012209,0.0));
#3432=AXIS2_PLACEMENT_3D('',#3429,#3430,#3431);
#3433=CIRCLE('',#3432,0.899999999999997);
#3434=EDGE_CURVE('',#3420,#3428,#3433,.T.);
#3435=ORIENTED_EDGE('',*,*,#3434,.T.);
#3436=CARTESIAN_POINT('',(32.163175911166533,58.096527080208972,100.0));
#3437=VERTEX_POINT('',#3436);
#3438=CARTESIAN_POINT('',(31.143716640099761,57.916768904986519,100.0));
#3439=DIRECTION('',(0.984807753012210,0.173648177666921,0.0));
#3440=VECTOR('',#3439,1.035186073574842);
#3441=LINE('',#3438,#3440);
#3442=EDGE_CURVE('',#3428,#3437,#3441,.T.);
#3443=ORIENTED_EDGE('',*,*,#3442,.T.);
#3444=CARTESIAN_POINT('',(32.749999999999993,57.604123203702869,100.0));
#3445=VERTEX_POINT('',#3444);
#3446=CARTESIAN_POINT('',(32.250000000000000,57.604123203702869,100.0));
#3447=DIRECTION('',(0.0,0.0,-1.0));
#3448=DIRECTION('',(1.0,0.0,0.0));
#3449=AXIS2_PLACEMENT_3D('',#3446,#3447,#3448);
#3450=CIRCLE('',#3449,0.500000000000000);
#3451=EDGE_CURVE('',#3437,#3445,#3450,.T.);
#3452=ORIENTED_EDGE('',*,*,#3451,.T.);
#3453=CARTESIAN_POINT('',(32.749999999999993,55.999999999999979,100.0));
#3454=VERTEX_POINT('',#3453);
#3455=CARTESIAN_POINT('',(32.750000000000000,57.604123203702869,100.0));
#3456=DIRECTION('',(0.0,-1.0,0.0));
#3457=VECTOR('',#3456,1.604123203702891);
#3458=LINE('',#3455,#3457);
#3459=EDGE_CURVE('',#3445,#3454,#3458,.T.);
#3460=ORIENTED_EDGE('',*,*,#3459,.T.);
#3461=CARTESIAN_POINT('',(35.750000000000000,55.999999999999979,100.0));
#3462=VERTEX_POINT('',#3461);
#3463=CARTESIAN_POINT('',(32.749999999999993,55.999999999999979,100.0));
#3464=DIRECTION('',(1.0,0.0,0.0));
#3465=VECTOR('',#3464,3.0);
#3466=LINE('',#3463,#3465);
#3467=EDGE_CURVE('',#3454,#3462,#3466,.T.);
#3468=ORIENTED_EDGE('',*,*,#3467,.T.);
#3469=CARTESIAN_POINT('',(35.749999999999993,58.999999999999957,100.0));
#3470=VERTEX_POINT('',#3469);
#3471=CARTESIAN_POINT('',(35.749999999999993,55.999999999999979,100.0));
#3472=DIRECTION('',(0.0,1.0,0.0));
#3473=VECTOR('',#3472,2.999999999999979);
#3474=LINE('',#3471,#3473);
#3475=EDGE_CURVE('',#3462,#3470,#3474,.T.);
#3476=ORIENTED_EDGE('',*,*,#3475,.T.);
#3477=CARTESIAN_POINT('',(34.750000000000000,59.999999999999972,100.0));
#3478=VERTEX_POINT('',#3477);
#3479=CARTESIAN_POINT('',(34.749999999999993,59.999999999999972,100.0));
#3480=DIRECTION('',(0.707106781186545,-0.707106781186550,0.0));
#3481=VECTOR('',#3480,1.414213562373110);
#3482=LINE('',#3479,#3481);
#3483=EDGE_CURVE('',#3478,#3470,#3482,.T.);
#3484=ORIENTED_EDGE('',*,*,#3483,.F.);
#3485=CARTESIAN_POINT('',(5.250000000000004,59.999999999999972,100.0));
#3486=VERTEX_POINT('',#3485);
#3487=CARTESIAN_POINT('',(5.249999999999972,59.999999999999972,100.0));
#3488=DIRECTION('',(1.0,0.0,0.0));
#3489=VECTOR('',#3488,29.500000000000028);
#3490=LINE('',#3487,#3489);
#3491=EDGE_CURVE('',#3486,#3478,#3490,.T.);
#3492=ORIENTED_EDGE('',*,*,#3491,.F.);
#3493=CARTESIAN_POINT('',(4.250000000000002,58.999999999999972,100.0));
#3494=VERTEX_POINT('',#3493);
#3495=CARTESIAN_POINT('',(4.250000000000000,58.999999999999972,100.0));
#3496=DIRECTION('',(0.707106781186546,0.707106781186549,0.0));
#3497=VECTOR('',#3496,1.414213562373101);
#3498=LINE('',#3495,#3497);
#3499=EDGE_CURVE('',#3494,#3486,#3498,.T.);
#3500=ORIENTED_EDGE('',*,*,#3499,.F.);
#3501=CARTESIAN_POINT('',(4.250000000000002,55.999999999999979,100.0));
#3502=VERTEX_POINT('',#3501);
#3503=CARTESIAN_POINT('',(4.250000000000002,58.999999999999972,100.0));
#3504=DIRECTION('',(0.0,-1.0,0.0));
#3505=VECTOR('',#3504,2.999999999999993);
#3506=LINE('',#3503,#3505);
#3507=EDGE_CURVE('',#3494,#3502,#3506,.T.);
#3508=ORIENTED_EDGE('',*,*,#3507,.T.);
#3509=CARTESIAN_POINT('',(7.250000000000004,55.999999999999979,100.0));
#3510=VERTEX_POINT('',#3509);
#3511=CARTESIAN_POINT('',(4.250000000000002,55.999999999999979,100.0));
#3512=DIRECTION('',(1.0,0.0,0.0));
#3513=VECTOR('',#3512,3.0);
#3514=LINE('',#3511,#3513);
#3515=EDGE_CURVE('',#3502,#3510,#3514,.T.);
#3516=ORIENTED_EDGE('',*,*,#3515,.T.);
#3517=CARTESIAN_POINT('',(7.250000000000004,57.604123203702869,100.0));
#3518=VERTEX_POINT('',#3517);
#3519=CARTESIAN_POINT('',(7.250000000000002,55.999999999999972,100.0));
#3520=DIRECTION('',(0.0,1.0,0.0));
#3521=VECTOR('',#3520,1.604123203702898);
#3522=LINE('',#3519,#3521);
#3523=EDGE_CURVE('',#3510,#3518,#3522,.T.);
#3524=ORIENTED_EDGE('',*,*,#3523,.T.);
#3525=CARTESIAN_POINT('',(7.836824088833470,58.096527080208972,100.0));
#3526=VERTEX_POINT('',#3525);
#3527=CARTESIAN_POINT('',(7.750000000000004,57.604123203702869,100.0));
#3528=DIRECTION('',(0.0,0.0,-1.0));
#3529=DIRECTION('',(-1.0,0.0,0.0));
#3530=AXIS2_PLACEMENT_3D('',#3527,#3528,#3529);
#3531=CIRCLE('',#3530,0.500000000000000);
#3532=EDGE_CURVE('',#3518,#3526,#3531,.T.);
#3533=ORIENTED_EDGE('',*,*,#3532,.T.);
#3534=CARTESIAN_POINT('',(8.856283359900242,57.916768904986526,100.0));
#3535=VERTEX_POINT('',#3534);
#3536=CARTESIAN_POINT('',(7.836824088833470,58.096527080208965,100.0));
#3537=DIRECTION('',(0.984807753012209,-0.173648177666927,0.0));
#3538=VECTOR('',#3537,1.035186073574843);
#3539=LINE('',#3536,#3538);
#3540=EDGE_CURVE('',#3526,#3535,#3539,.T.);
#3541=ORIENTED_EDGE('',*,*,#3540,.T.);
#3542=CARTESIAN_POINT('',(9.600000000000007,57.030441927275533,100.0));
#3543=VERTEX_POINT('',#3542);
#3544=CARTESIAN_POINT('',(8.700000000000008,57.030441927275533,100.0));
#3545=DIRECTION('',(0.0,0.0,-1.0));
#3546=DIRECTION('',(0.173648177666928,0.984807753012208,0.0));
#3547=AXIS2_PLACEMENT_3D('',#3544,#3545,#3546);
#3548=CIRCLE('',#3547,0.899999999999997);
#3549=EDGE_CURVE('',#3535,#3543,#3548,.T.);
#3550=ORIENTED_EDGE('',*,*,#3549,.T.);
#3551=CARTESIAN_POINT('',(9.600000000000005,52.333865619795830,100.0));
#3552=VERTEX_POINT('',#3551);
#3553=CARTESIAN_POINT('',(9.600000000000005,57.030441927275533,100.0));
#3554=DIRECTION('',(0.0,-1.0,0.0));
#3555=VECTOR('',#3554,4.696576307479703);
#3556=LINE('',#3553,#3555);
#3557=EDGE_CURVE('',#3543,#3552,#3556,.T.);
#3558=ORIENTED_EDGE('',*,*,#3557,.T.);
#3559=CARTESIAN_POINT('',(8.721320343559645,50.212545276236185,100.0));
#3560=VERTEX_POINT('',#3559);
#3561=CARTESIAN_POINT('',(6.599999999999996,52.333865619795830,100.0));
#3562=DIRECTION('',(0.0,0.0,-1.0));
#3563=DIRECTION('',(1.0,0.0,0.0));
#3564=AXIS2_PLACEMENT_3D('',#3561,#3562,#3563);
#3565=CIRCLE('',#3564,2.999999999999987);
#3566=EDGE_CURVE('',#3552,#3560,#3565,.T.);
#3567=ORIENTED_EDGE('',*,*,#3566,.T.);
#3568=CARTESIAN_POINT('',(8.187454723763802,49.678679656440337,100.0));
#3569=VERTEX_POINT('',#3568);
#3570=CARTESIAN_POINT('',(8.721320343559642,50.212545276236185,100.0));
#3571=DIRECTION('',(-0.707106781186543,-0.707106781186552,0.0));
#3572=VECTOR('',#3571,0.755000000000000);
#3573=LINE('',#3570,#3572);
#3574=EDGE_CURVE('',#3560,#3569,#3573,.T.);
#3575=ORIENTED_EDGE('',*,*,#3574,.T.);
#3576=CARTESIAN_POINT('',(6.066134380204153,48.799999999999969,100.0));
#3577=VERTEX_POINT('',#3576);
#3578=CARTESIAN_POINT('',(6.066134380204153,51.799999999999990,100.0));
#3579=DIRECTION('',(0.0,0.0,-1.000000000000000));
#3580=DIRECTION('',(0.707106781186548,-0.707106781186548,0.0));
#3581=AXIS2_PLACEMENT_3D('',#3578,#3579,#3580);
#3582=CIRCLE('',#3581,3.000000000000010);
#3583=EDGE_CURVE('',#3569,#3577,#3582,.T.);
#3584=ORIENTED_EDGE('',*,*,#3583,.T.);
#3585=CARTESIAN_POINT('',(-6.066134380204139,48.799999999999969,100.0));
#3586=VERTEX_POINT('',#3585);
#3587=CARTESIAN_POINT('',(6.066134380204154,48.799999999999962,100.0));
#3588=DIRECTION('',(-1.0,0.0,0.0));
#3589=VECTOR('',#3588,12.132268760408293);
#3590=LINE('',#3587,#3589);
#3591=EDGE_CURVE('',#3577,#3586,#3590,.T.);
#3592=ORIENTED_EDGE('',*,*,#3591,.T.);
#3593=CARTESIAN_POINT('',(-8.187454723763789,49.678679656440337,100.0));
#3594=VERTEX_POINT('',#3593);
#3595=CARTESIAN_POINT('',(-6.066134380204139,51.799999999999990,100.0));
#3596=DIRECTION('',(4.079220E-017,4.079220E-017,-1.000000000000000));
#3597=DIRECTION('',(-0.707106781186548,-0.707106781186548,-5.768888E-017));
#3598=AXIS2_PLACEMENT_3D('',#3595,#3596,#3597);
#3599=CIRCLE('',#3598,3.000000000000010);
#3600=EDGE_CURVE('',#3586,#3594,#3599,.T.);
#3601=ORIENTED_EDGE('',*,*,#3600,.T.);
#3602=CARTESIAN_POINT('',(-8.721320343559633,50.212545276236185,100.0));
#3603=VERTEX_POINT('',#3602);
#3604=CARTESIAN_POINT('',(-8.187454723763791,49.678679656440337,100.0));
#3605=DIRECTION('',(-0.707106781186544,0.707106781186551,0.0));
#3606=VECTOR('',#3605,0.755000000000001);
#3607=LINE('',#3604,#3606);
#3608=EDGE_CURVE('',#3594,#3603,#3607,.T.);
#3609=ORIENTED_EDGE('',*,*,#3608,.T.);
#3610=CARTESIAN_POINT('',(-9.599999999999993,52.333865619795830,100.0));
#3611=VERTEX_POINT('',#3610);
#3612=CARTESIAN_POINT('',(-6.599999999999983,52.333865619795830,100.0));
#3613=DIRECTION('',(0.0,0.0,-1.0));
#3614=DIRECTION('',(-1.0,0.0,0.0));
#3615=AXIS2_PLACEMENT_3D('',#3612,#3613,#3614);
#3616=CIRCLE('',#3615,2.999999999999987);
#3617=EDGE_CURVE('',#3603,#3611,#3616,.T.);
#3618=ORIENTED_EDGE('',*,*,#3617,.T.);
#3619=CARTESIAN_POINT('',(-9.599999999999993,57.030441927275533,100.0));
#3620=VERTEX_POINT('',#3619);
#3621=CARTESIAN_POINT('',(-9.599999999999991,52.333865619795830,100.0));
#3622=DIRECTION('',(0.0,1.0,0.0));
#3623=VECTOR('',#3622,4.696576307479703);
#3624=LINE('',#3621,#3623);
#3625=EDGE_CURVE('',#3611,#3620,#3624,.T.);
#3626=ORIENTED_EDGE('',*,*,#3625,.T.);
#3627=CARTESIAN_POINT('',(-8.856283359900230,57.916768904986526,100.0));
#3628=VERTEX_POINT('',#3627);
#3629=CARTESIAN_POINT('',(-8.699999999999996,57.030441927275533,100.0));
#3630=DIRECTION('',(-5.745842E-018,3.258629E-017,-1.0));
#3631=DIRECTION('',(-0.173648177666928,0.984807753012208,3.308898E-017));
#3632=AXIS2_PLACEMENT_3D('',#3629,#3630,#3631);
#3633=CIRCLE('',#3632,0.899999999999997);
#3634=EDGE_CURVE('',#3620,#3628,#3633,.T.);
#3635=ORIENTED_EDGE('',*,*,#3634,.T.);
#3636=CARTESIAN_POINT('',(-7.836824088833456,58.096527080208972,100.0));
#3637=VERTEX_POINT('',#3636);
#3638=CARTESIAN_POINT('',(-8.856283359900228,57.916768904986519,100.0));
#3639=DIRECTION('',(0.984807753012209,0.173648177666927,0.0));
#3640=VECTOR('',#3639,1.035186073574844);
#3641=LINE('',#3638,#3640);
#3642=EDGE_CURVE('',#3628,#3637,#3641,.T.);
#3643=ORIENTED_EDGE('',*,*,#3642,.T.);
#3644=CARTESIAN_POINT('',(-7.249999999999991,57.604123203702869,100.0));
#3645=VERTEX_POINT('',#3644);
#3646=CARTESIAN_POINT('',(-7.749999999999991,57.604123203702869,100.0));
#3647=DIRECTION('',(0.0,0.0,-1.0));
#3648=DIRECTION('',(1.0,0.0,0.0));
#3649=AXIS2_PLACEMENT_3D('',#3646,#3647,#3648);
#3650=CIRCLE('',#3649,0.500000000000000);
#3651=EDGE_CURVE('',#3637,#3645,#3650,.T.);
#3652=ORIENTED_EDGE('',*,*,#3651,.T.);
#3653=CARTESIAN_POINT('',(-7.249999999999989,55.999999999999979,100.0));
#3654=VERTEX_POINT('',#3653);
#3655=CARTESIAN_POINT('',(-7.249999999999989,57.604123203702869,100.0));
#3656=DIRECTION('',(0.0,-1.0,0.0));
#3657=VECTOR('',#3656,1.604123203702898);
#3658=LINE('',#3655,#3657);
#3659=EDGE_CURVE('',#3645,#3654,#3658,.T.);
#3660=ORIENTED_EDGE('',*,*,#3659,.T.);
#3661=CARTESIAN_POINT('',(-4.249999999999989,55.999999999999979,100.0));
#3662=VERTEX_POINT('',#3661);
#3663=CARTESIAN_POINT('',(-7.249999999999990,55.999999999999979,100.0));
#3664=DIRECTION('',(1.0,0.0,0.0));
#3665=VECTOR('',#3664,3.000000000000002);
#3666=LINE('',#3663,#3665);
#3667=EDGE_CURVE('',#3654,#3662,#3666,.T.);
#3668=ORIENTED_EDGE('',*,*,#3667,.T.);
#3669=CARTESIAN_POINT('',(-4.249999999999989,58.999999999999979,100.0));
#3670=VERTEX_POINT('',#3669);
#3671=CARTESIAN_POINT('',(-4.249999999999989,55.999999999999979,100.0));
#3672=DIRECTION('',(0.0,1.0,0.0));
#3673=VECTOR('',#3672,3.0);
#3674=LINE('',#3671,#3673);
#3675=EDGE_CURVE('',#3662,#3670,#3674,.T.);
#3676=ORIENTED_EDGE('',*,*,#3675,.T.);
#3677=CARTESIAN_POINT('',(-5.249999999999988,59.999999999999972,100.0));
#3678=VERTEX_POINT('',#3677);
#3679=CARTESIAN_POINT('',(-5.249999999999989,59.999999999999986,100.0));
#3680=DIRECTION('',(0.707106781186548,-0.707106781186547,0.0));
#3681=VECTOR('',#3680,1.414213562373096);
#3682=LINE('',#3679,#3681);
#3683=EDGE_CURVE('',#3678,#3670,#3682,.T.);
#3684=ORIENTED_EDGE('',*,*,#3683,.F.);
#3685=CARTESIAN_POINT('',(-18.999999999999982,59.999999999999986,100.0));
#3686=VERTEX_POINT('',#3685);
#3687=CARTESIAN_POINT('',(-5.249999999999988,59.999999999999979,100.0));
#3688=DIRECTION('',(-1.0,0.0,0.0));
#3689=VECTOR('',#3688,13.749999999999995);
#3690=LINE('',#3687,#3689);
#3691=EDGE_CURVE('',#3678,#3686,#3690,.T.);
#3692=ORIENTED_EDGE('',*,*,#3691,.T.);
#3693=CARTESIAN_POINT('',(-19.999999999999982,58.999999999999979,100.0));
#3694=VERTEX_POINT('',#3693);
#3695=CARTESIAN_POINT('',(-18.999999999999982,58.999999999999979,100.0));
#3696=DIRECTION('',(0.0,0.0,-1.0));
#3697=DIRECTION('',(-0.707106781186549,0.707106781186546,0.0));
#3698=AXIS2_PLACEMENT_3D('',#3695,#3696,#3697);
#3699=CIRCLE('',#3698,1.000000000000000);
#3700=EDGE_CURVE('',#3694,#3686,#3699,.T.);
#3701=ORIENTED_EDGE('',*,*,#3700,.F.);
#3702=CARTESIAN_POINT('',(-19.999999999999989,45.249999999999986,100.0));
#3703=VERTEX_POINT('',#3702);
#3704=CARTESIAN_POINT('',(-19.999999999999986,58.999999999999979,100.0));
#3705=DIRECTION('',(0.0,-1.0,0.0));
#3706=VECTOR('',#3705,13.749999999999993);
#3707=LINE('',#3704,#3706);
#3708=EDGE_CURVE('',#3694,#3703,#3707,.T.);
#3709=ORIENTED_EDGE('',*,*,#3708,.T.);
#3710=CARTESIAN_POINT('',(-18.999999999999986,44.249999999999979,100.0));
#3711=VERTEX_POINT('',#3710);
#3712=CARTESIAN_POINT('',(-18.999999999999986,44.249999999999979,100.0));
#3713=DIRECTION('',(-0.707106781186547,0.707106781186547,0.0));
#3714=VECTOR('',#3713,1.414213562373105);
#3715=LINE('',#3712,#3714);
#3716=EDGE_CURVE('',#3711,#3703,#3715,.T.);
#3717=ORIENTED_EDGE('',*,*,#3716,.F.);
#3718=CARTESIAN_POINT('',(-15.999999999999989,44.249999999999979,100.0));
#3719=VERTEX_POINT('',#3718);
#3720=CARTESIAN_POINT('',(-18.999999999999986,44.249999999999979,100.0));
#3721=DIRECTION('',(1.0,0.0,0.0));
#3722=VECTOR('',#3721,2.999999999999996);
#3723=LINE('',#3720,#3722);
#3724=EDGE_CURVE('',#3711,#3719,#3723,.T.);
#3725=ORIENTED_EDGE('',*,*,#3724,.T.);
#3726=CARTESIAN_POINT('',(-15.999999999999989,47.249999999999979,100.0));
#3727=VERTEX_POINT('',#3726);
#3728=CARTESIAN_POINT('',(-15.999999999999989,44.249999999999979,100.0));
#3729=DIRECTION('',(0.0,1.0,0.0));
#3730=VECTOR('',#3729,3.0);
#3731=LINE('',#3728,#3730);
#3732=EDGE_CURVE('',#3719,#3727,#3731,.T.);
#3733=ORIENTED_EDGE('',*,*,#3732,.T.);
#3734=CARTESIAN_POINT('',(-17.604123203702883,47.249999999999979,100.0));
#3735=VERTEX_POINT('',#3734);
#3736=CARTESIAN_POINT('',(-15.999999999999991,47.249999999999979,100.0));
#3737=DIRECTION('',(-1.0,0.0,0.0));
#3738=VECTOR('',#3737,1.604123203702892);
#3739=LINE('',#3736,#3738);
#3740=EDGE_CURVE('',#3727,#3735,#3739,.T.);
#3741=ORIENTED_EDGE('',*,*,#3740,.T.);
#3742=CARTESIAN_POINT('',(-18.096527080208983,47.836824088833446,100.0));
#3743=VERTEX_POINT('',#3742);
#3744=CARTESIAN_POINT('',(-17.604123203702883,47.749999999999979,100.0));
#3745=DIRECTION('',(0.0,0.0,-1.0));
#3746=DIRECTION('',(0.0,-1.0,0.0));
#3747=AXIS2_PLACEMENT_3D('',#3744,#3745,#3746);
#3748=CIRCLE('',#3747,0.500000000000000);
#3749=EDGE_CURVE('',#3735,#3743,#3748,.T.);
#3750=ORIENTED_EDGE('',*,*,#3749,.T.);
#3751=CARTESIAN_POINT('',(-17.916768904986533,48.856283359900218,100.0));
#3752=VERTEX_POINT('',#3751);
#3753=CARTESIAN_POINT('',(-18.096527080208986,47.836824088833446,100.0));
#3754=DIRECTION('',(0.173648177666927,0.984807753012209,0.0));
#3755=VECTOR('',#3754,1.035186073574843);
#3756=LINE('',#3753,#3755);
#3757=EDGE_CURVE('',#3743,#3752,#3756,.T.);
#3758=ORIENTED_EDGE('',*,*,#3757,.T.);
#3759=CARTESIAN_POINT('',(-17.030441927275547,49.599999999999980,100.0));
#3760=VERTEX_POINT('',#3759);
#3761=CARTESIAN_POINT('',(-17.030441927275547,48.699999999999982,100.0));
#3762=DIRECTION('',(0.0,0.0,-1.0));
#3763=DIRECTION('',(-0.984807753012208,0.173648177666928,0.0));
#3764=AXIS2_PLACEMENT_3D('',#3761,#3762,#3763);
#3765=CIRCLE('',#3764,0.899999999999997);
#3766=EDGE_CURVE('',#3752,#3760,#3765,.T.);
#3767=ORIENTED_EDGE('',*,*,#3766,.T.);
#3768=CARTESIAN_POINT('',(-12.333865619795843,49.599999999999980,100.0));
#3769=VERTEX_POINT('',#3768);
#3770=CARTESIAN_POINT('',(-17.030441927275547,49.599999999999980,100.0));
#3771=DIRECTION('',(1.0,0.0,0.0));
#3772=VECTOR('',#3771,4.696576307479704);
#3773=LINE('',#3770,#3772);
#3774=EDGE_CURVE('',#3760,#3769,#3773,.T.);
#3775=ORIENTED_EDGE('',*,*,#3774,.T.);
#3776=CARTESIAN_POINT('',(-10.212545276236193,48.721320343559626,100.0));
#3777=VERTEX_POINT('',#3776);
#3778=CARTESIAN_POINT('',(-12.333865619795841,46.599999999999973,100.0));
#3779=DIRECTION('',(0.0,0.0,-1.0));
#3780=DIRECTION('',(0.0,1.0,0.0));
#3781=AXIS2_PLACEMENT_3D('',#3778,#3779,#3780);
#3782=CIRCLE('',#3781,2.999999999999987);
#3783=EDGE_CURVE('',#3769,#3777,#3782,.T.);
#3784=ORIENTED_EDGE('',*,*,#3783,.T.);
#3785=CARTESIAN_POINT('',(-9.678679656440348,48.187454723763778,100.0));
#3786=VERTEX_POINT('',#3785);
#3787=CARTESIAN_POINT('',(-10.212545276236195,48.721320343559618,100.0));
#3788=DIRECTION('',(0.707106781186547,-0.707106781186547,0.0));
#3789=VECTOR('',#3788,0.755000000000005);
#3790=LINE('',#3787,#3789);
#3791=EDGE_CURVE('',#3777,#3786,#3790,.T.);
#3792=ORIENTED_EDGE('',*,*,#3791,.T.);
#3793=CARTESIAN_POINT('',(-8.799999999999987,46.066134380204133,100.0));
#3794=VERTEX_POINT('',#3793);
#3795=CARTESIAN_POINT('',(-11.799999999999997,46.066134380204133,100.0));
#3796=DIRECTION('',(0.0,0.0,-1.000000000000000));
#3797=DIRECTION('',(0.707106781186548,0.707106781186548,0.0));
#3798=AXIS2_PLACEMENT_3D('',#3795,#3796,#3797);
#3799=CIRCLE('',#3798,3.000000000000010);
#3800=EDGE_CURVE('',#3786,#3794,#3799,.T.);
#3801=ORIENTED_EDGE('',*,*,#3800,.T.);
#3802=CARTESIAN_POINT('',(-8.799999999999988,33.933865619795839,100.0));
#3803=VERTEX_POINT('',#3802);
#3804=CARTESIAN_POINT('',(-8.799999999999994,46.066134380204133,100.0));
#3805=DIRECTION('',(0.0,-1.0,0.0));
#3806=VECTOR('',#3805,12.132268760408294);
#3807=LINE('',#3804,#3806);
#3808=EDGE_CURVE('',#3794,#3803,#3807,.T.);
#3809=ORIENTED_EDGE('',*,*,#3808,.T.);
#3810=CARTESIAN_POINT('',(-9.678679656440348,31.812545276236190,100.0));
#3811=VERTEX_POINT('',#3810);
#3812=CARTESIAN_POINT('',(-11.799999999999999,33.933865619795839,100.0));
#3813=DIRECTION('',(-4.079220E-017,4.079220E-017,-1.0));
#3814=DIRECTION('',(0.707106781186547,-0.707106781186548,-5.768888E-017));
#3815=AXIS2_PLACEMENT_3D('',#3812,#3813,#3814);
#3816=CIRCLE('',#3815,3.000000000000010);
#3817=EDGE_CURVE('',#3803,#3811,#3816,.T.);
#3818=ORIENTED_EDGE('',*,*,#3817,.T.);
#3819=CARTESIAN_POINT('',(-10.212545276236195,31.278679656440346,100.0));
#3820=VERTEX_POINT('',#3819);
#3821=CARTESIAN_POINT('',(-9.678679656440346,31.812545276236190,100.0));
#3822=DIRECTION('',(-0.707106781186549,-0.707106781186546,0.0));
#3823=VECTOR('',#3822,0.755000000000002);
#3824=LINE('',#3821,#3823);
#3825=EDGE_CURVE('',#3811,#3820,#3824,.T.);
#3826=ORIENTED_EDGE('',*,*,#3825,.T.);
#3827=CARTESIAN_POINT('',(-12.333865619795844,30.399999999999988,100.0));
#3828=VERTEX_POINT('',#3827);
#3829=CARTESIAN_POINT('',(-12.333865619795843,33.399999999999991,100.0));
#3830=DIRECTION('',(0.0,0.0,-1.0));
#3831=DIRECTION('',(0.0,-1.0,0.0));
#3832=AXIS2_PLACEMENT_3D('',#3829,#3830,#3831);
#3833=CIRCLE('',#3832,2.999999999999987);
#3834=EDGE_CURVE('',#3820,#3828,#3833,.T.);
#3835=ORIENTED_EDGE('',*,*,#3834,.T.);
#3836=CARTESIAN_POINT('',(-17.030441927275550,30.399999999999988,100.0));
#3837=VERTEX_POINT('',#3836);
#3838=CARTESIAN_POINT('',(-12.333865619795844,30.399999999999984,100.0));
#3839=DIRECTION('',(-1.0,0.0,0.0));
#3840=VECTOR('',#3839,4.696576307479706);
#3841=LINE('',#3838,#3840);
#3842=EDGE_CURVE('',#3828,#3837,#3841,.T.);
#3843=ORIENTED_EDGE('',*,*,#3842,.T.);
#3844=CARTESIAN_POINT('',(-17.916768904986537,31.143716640099754,100.0));
#3845=VERTEX_POINT('',#3844);
#3846=CARTESIAN_POINT('',(-17.030441927275550,31.299999999999986,100.0));
#3847=DIRECTION('',(-3.258629E-017,-5.745842E-018,-1.000000000000000));
#3848=DIRECTION('',(-0.984807753012209,-0.173648177666928,3.308898E-017));
#3849=AXIS2_PLACEMENT_3D('',#3846,#3847,#3848);
#3850=CIRCLE('',#3849,0.899999999999997);
#3851=EDGE_CURVE('',#3837,#3845,#3850,.T.);
#3852=ORIENTED_EDGE('',*,*,#3851,.T.);
#3853=CARTESIAN_POINT('',(-18.096527080208986,32.163175911166526,100.0));
#3854=VERTEX_POINT('',#3853);
#3855=CARTESIAN_POINT('',(-17.916768904986537,31.143716640099750,100.0));
#3856=DIRECTION('',(-0.173648177666923,0.984807753012209,0.0));
#3857=VECTOR('',#3856,1.035186073574846);
#3858=LINE('',#3855,#3857);
#3859=EDGE_CURVE('',#3845,#3854,#3858,.T.);
#3860=ORIENTED_EDGE('',*,*,#3859,.T.);
#3861=CARTESIAN_POINT('',(-17.604123203702883,32.749999999999993,100.0));
#3862=VERTEX_POINT('',#3861);
#3863=CARTESIAN_POINT('',(-17.604123203702883,32.249999999999986,100.0));
#3864=DIRECTION('',(0.0,0.0,-1.0));
#3865=DIRECTION('',(0.0,1.0,0.0));
#3866=AXIS2_PLACEMENT_3D('',#3863,#3864,#3865);
#3867=CIRCLE('',#3866,0.500000000000000);
#3868=EDGE_CURVE('',#3854,#3862,#3867,.T.);
#3869=ORIENTED_EDGE('',*,*,#3868,.T.);
#3870=CARTESIAN_POINT('',(-15.999999999999993,32.749999999999993,100.0));
#3871=VERTEX_POINT('',#3870);
#3872=CARTESIAN_POINT('',(-17.604123203702883,32.749999999999986,100.0));
#3873=DIRECTION('',(1.0,0.0,0.0));
#3874=VECTOR('',#3873,1.604123203702892);
#3875=LINE('',#3872,#3874);
#3876=EDGE_CURVE('',#3862,#3871,#3875,.T.);
#3877=ORIENTED_EDGE('',*,*,#3876,.T.);
#3878=CARTESIAN_POINT('',(-15.999999999999993,35.749999999999993,100.0));
#3879=VERTEX_POINT('',#3878);
#3880=CARTESIAN_POINT('',(-15.999999999999993,32.749999999999986,100.0));
#3881=DIRECTION('',(0.0,1.0,0.0));
#3882=VECTOR('',#3881,3.000000000000007);
#3883=LINE('',#3880,#3882);
#3884=EDGE_CURVE('',#3871,#3879,#3883,.T.);
#3885=ORIENTED_EDGE('',*,*,#3884,.T.);
#3886=CARTESIAN_POINT('',(-18.999999999999989,35.749999999999993,100.0));
#3887=VERTEX_POINT('',#3886);
#3888=CARTESIAN_POINT('',(-15.999999999999993,35.749999999999993,100.0));
#3889=DIRECTION('',(-1.0,0.0,0.0));
#3890=VECTOR('',#3889,3.0);
#3891=LINE('',#3888,#3890);
#3892=EDGE_CURVE('',#3879,#3887,#3891,.T.);
#3893=ORIENTED_EDGE('',*,*,#3892,.T.);
#3894=CARTESIAN_POINT('',(-19.999999999999986,34.750000000000000,100.0));
#3895=VERTEX_POINT('',#3894);
#3896=CARTESIAN_POINT('',(-19.999999999999989,34.750000000000000,100.0));
#3897=DIRECTION('',(0.707106781186550,0.707106781186545,0.0));
#3898=VECTOR('',#3897,1.414213562373090);
#3899=LINE('',#3896,#3898);
#3900=EDGE_CURVE('',#3895,#3887,#3899,.T.);
#3901=ORIENTED_EDGE('',*,*,#3900,.F.);
#3902=CARTESIAN_POINT('',(-19.999999999999993,5.249999999999996,100.0));
#3903=VERTEX_POINT('',#3902);
#3904=CARTESIAN_POINT('',(-19.999999999999986,34.750000000000000,100.0));
#3905=DIRECTION('',(0.0,-1.0,0.0));
#3906=VECTOR('',#3905,29.500000000000007);
#3907=LINE('',#3904,#3906);
#3908=EDGE_CURVE('',#3895,#3903,#3907,.T.);
#3909=ORIENTED_EDGE('',*,*,#3908,.T.);
#3910=CARTESIAN_POINT('',(-18.999999999999989,4.249999999999999,100.0));
#3911=VERTEX_POINT('',#3910);
#3912=CARTESIAN_POINT('',(-18.999999999999993,4.249999999999998,100.0));
#3913=DIRECTION('',(-0.707106781186548,0.707106781186547,0.0));
#3914=VECTOR('',#3913,1.414213562373095);
#3915=LINE('',#3912,#3914);
#3916=EDGE_CURVE('',#3911,#3903,#3915,.T.);
#3917=ORIENTED_EDGE('',*,*,#3916,.F.);
#3918=CARTESIAN_POINT('',(-15.999999999999996,4.249999999999998,100.0));
#3919=VERTEX_POINT('',#3918);
#3920=CARTESIAN_POINT('',(-18.999999999999993,4.249999999999999,100.0));
#3921=DIRECTION('',(1.0,0.0,0.0));
#3922=VECTOR('',#3921,2.999999999999996);
#3923=LINE('',#3920,#3922);
#3924=EDGE_CURVE('',#3911,#3919,#3923,.T.);
#3925=ORIENTED_EDGE('',*,*,#3924,.T.);
#3926=CARTESIAN_POINT('',(-15.999999999999996,7.249999999999998,100.0));
#3927=VERTEX_POINT('',#3926);
#3928=CARTESIAN_POINT('',(-15.999999999999998,4.249999999999998,100.0));
#3929=DIRECTION('',(0.0,1.0,0.0));
#3930=VECTOR('',#3929,3.0);
#3931=LINE('',#3928,#3930);
#3932=EDGE_CURVE('',#3919,#3927,#3931,.T.);
#3933=ORIENTED_EDGE('',*,*,#3932,.T.);
#3934=CARTESIAN_POINT('',(-17.604123203702887,7.250000000000000,100.0));
#3935=VERTEX_POINT('',#3934);
#3936=CARTESIAN_POINT('',(-15.999999999999996,7.249999999999997,100.0));
#3937=DIRECTION('',(-1.0,0.0,0.0));
#3938=VECTOR('',#3937,1.604123203702894);
#3939=LINE('',#3936,#3938);
#3940=EDGE_CURVE('',#3927,#3935,#3939,.T.);
#3941=ORIENTED_EDGE('',*,*,#3940,.T.);
#3942=CARTESIAN_POINT('',(-18.096527080208990,7.836824088833465,100.0));
#3943=VERTEX_POINT('',#3942);
#3944=CARTESIAN_POINT('',(-17.604123203702887,7.750000000000000,100.0));
#3945=DIRECTION('',(0.0,0.0,-1.0));
#3946=DIRECTION('',(0.0,-1.0,0.0));
#3947=AXIS2_PLACEMENT_3D('',#3944,#3945,#3946);
#3948=CIRCLE('',#3947,0.500000000000000);
#3949=EDGE_CURVE('',#3935,#3943,#3948,.T.);
#3950=ORIENTED_EDGE('',*,*,#3949,.T.);
#3951=CARTESIAN_POINT('',(-17.916768904986537,8.856283359900239,100.0));
#3952=VERTEX_POINT('',#3951);
#3953=CARTESIAN_POINT('',(-18.096527080208986,7.836824088833465,100.0));
#3954=DIRECTION('',(0.173648177666924,0.984807753012209,0.0));
#3955=VECTOR('',#3954,1.035186073574844);
#3956=LINE('',#3953,#3955);
#3957=EDGE_CURVE('',#3943,#3952,#3956,.T.);
#3958=ORIENTED_EDGE('',*,*,#3957,.T.);
#3959=CARTESIAN_POINT('',(-17.030441927275554,9.600000000000001,100.0));
#3960=VERTEX_POINT('',#3959);
#3961=CARTESIAN_POINT('',(-17.030441927275554,8.700000000000005,100.0));
#3962=DIRECTION('',(-3.258629E-017,5.745842E-018,-1.0));
#3963=DIRECTION('',(-0.984807753012208,0.173648177666928,3.308898E-017));
#3964=AXIS2_PLACEMENT_3D('',#3961,#3962,#3963);
#3965=CIRCLE('',#3964,0.899999999999997);
#3966=EDGE_CURVE('',#3952,#3960,#3965,.T.);
#3967=ORIENTED_EDGE('',*,*,#3966,.T.);
#3968=CARTESIAN_POINT('',(-12.333865619795848,9.600000000000001,100.0));
#3969=VERTEX_POINT('',#3968);
#3970=CARTESIAN_POINT('',(-17.030441927275554,9.600000000000001,100.0));
#3971=DIRECTION('',(1.0,0.0,0.0));
#3972=VECTOR('',#3971,4.696576307479706);
#3973=LINE('',#3970,#3972);
#3974=EDGE_CURVE('',#3960,#3969,#3973,.T.);
#3975=ORIENTED_EDGE('',*,*,#3974,.T.);
#3976=CARTESIAN_POINT('',(-10.212545276236199,8.721320343559640,100.0));
#3977=VERTEX_POINT('',#3976);
#3978=CARTESIAN_POINT('',(-12.333865619795848,6.599999999999992,100.0));
#3979=DIRECTION('',(0.0,0.0,-1.0));
#3980=DIRECTION('',(0.0,1.0,0.0));
#3981=AXIS2_PLACEMENT_3D('',#3978,#3979,#3980);
#3982=CIRCLE('',#3981,2.999999999999987);
#3983=EDGE_CURVE('',#3969,#3977,#3982,.T.);
#3984=ORIENTED_EDGE('',*,*,#3983,.T.);
#3985=CARTESIAN_POINT('',(-9.678679656440355,8.187454723763796,100.0));
#3986=VERTEX_POINT('',#3985);
#3987=CARTESIAN_POINT('',(-10.212545276236197,8.721320343559642,100.0));
#3988=DIRECTION('',(0.707106781186547,-0.707106781186547,0.0));
#3989=VECTOR('',#3988,0.755000000000000);
#3990=LINE('',#3987,#3989);
#3991=EDGE_CURVE('',#3977,#3986,#3990,.T.);
#3992=ORIENTED_EDGE('',*,*,#3991,.T.);
#3993=CARTESIAN_POINT('',(-8.799999999999994,6.066134380204148,100.0));
#3994=VERTEX_POINT('',#3993);
#3995=CARTESIAN_POINT('',(-11.800000000000004,6.066134380204148,100.0));
#3996=DIRECTION('',(-4.079220E-017,-4.079220E-017,-1.0));
#3997=DIRECTION('',(0.707106781186548,0.707106781186547,-5.768888E-017));
#3998=AXIS2_PLACEMENT_3D('',#3995,#3996,#3997);
#3999=CIRCLE('',#3998,3.000000000000010);
#4000=EDGE_CURVE('',#3986,#3994,#3999,.T.);
#4001=ORIENTED_EDGE('',*,*,#4000,.T.);
#4002=CARTESIAN_POINT('',(-8.799999999999997,-6.066134380204144,100.0));
#4003=VERTEX_POINT('',#4002);
#4004=CARTESIAN_POINT('',(-8.799999999999995,6.066134380204148,100.0));
#4005=DIRECTION('',(0.0,-1.0,0.0));
#4006=VECTOR('',#4005,12.132268760408291);
#4007=LINE('',#4004,#4006);
#4008=EDGE_CURVE('',#3994,#4003,#4007,.T.);
#4009=ORIENTED_EDGE('',*,*,#4008,.T.);
#4010=CARTESIAN_POINT('',(-9.678679656440357,-8.187454723763791,100.0));
#4011=VERTEX_POINT('',#4010);
#4012=CARTESIAN_POINT('',(-11.800000000000006,-6.066134380204141,100.0));
#4013=DIRECTION('',(0.0,0.0,-1.0));
#4014=DIRECTION('',(0.707106781186547,-0.707106781186548,0.0));
#4015=AXIS2_PLACEMENT_3D('',#4012,#4013,#4014);
#4016=CIRCLE('',#4015,3.000000000000010);
#4017=EDGE_CURVE('',#4003,#4011,#4016,.T.);
#4018=ORIENTED_EDGE('',*,*,#4017,.T.);
#4019=CARTESIAN_POINT('',(-10.212545276236202,-8.721320343559635,100.0));
#4020=VERTEX_POINT('',#4019);
#4021=CARTESIAN_POINT('',(-9.678679656440359,-8.187454723763789,100.0));
#4022=DIRECTION('',(-0.707106781186546,-0.707106781186549,0.0));
#4023=VECTOR('',#4022,0.755000000000002);
#4024=LINE('',#4021,#4023);
#4025=EDGE_CURVE('',#4011,#4020,#4024,.T.);
#4026=ORIENTED_EDGE('',*,*,#4025,.T.);
#4027=CARTESIAN_POINT('',(-12.333865619795851,-9.599999999999994,100.0));
#4028=VERTEX_POINT('',#4027);
#4029=CARTESIAN_POINT('',(-12.333865619795850,-6.599999999999985,100.0));
#4030=DIRECTION('',(0.0,0.0,-1.0));
#4031=DIRECTION('',(0.0,-1.0,0.0));
#4032=AXIS2_PLACEMENT_3D('',#4029,#4030,#4031);
#4033=CIRCLE('',#4032,2.999999999999987);
#4034=EDGE_CURVE('',#4020,#4028,#4033,.T.);
#4035=ORIENTED_EDGE('',*,*,#4034,.T.);
#4036=CARTESIAN_POINT('',(-17.030441927275557,-9.599999999999993,100.0));
#4037=VERTEX_POINT('',#4036);
#4038=CARTESIAN_POINT('',(-12.333865619795851,-9.599999999999994,100.0));
#4039=DIRECTION('',(-1.0,0.0,0.0));
#4040=VECTOR('',#4039,4.696576307479706);
#4041=LINE('',#4038,#4040);
#4042=EDGE_CURVE('',#4028,#4037,#4041,.T.);
#4043=ORIENTED_EDGE('',*,*,#4042,.T.);
#4044=CARTESIAN_POINT('',(-17.916768904986540,-8.856283359900230,100.0));
#4045=VERTEX_POINT('',#4044);
#4046=CARTESIAN_POINT('',(-17.030441927275557,-8.699999999999996,100.0));
#4047=DIRECTION('',(0.0,0.0,-1.0));
#4048=DIRECTION('',(-0.984807753012209,-0.173648177666928,0.0));
#4049=AXIS2_PLACEMENT_3D('',#4046,#4047,#4048);
#4050=CIRCLE('',#4049,0.899999999999997);
#4051=EDGE_CURVE('',#4037,#4045,#4050,.T.);
#4052=ORIENTED_EDGE('',*,*,#4051,.T.);
#4053=CARTESIAN_POINT('',(-18.096527080208993,-7.836824088833456,100.0));
#4054=VERTEX_POINT('',#4053);
#4055=CARTESIAN_POINT('',(-17.916768904986540,-8.856283359900230,100.0));
#4056=DIRECTION('',(-0.173648177666924,0.984807753012209,0.0));
#4057=VECTOR('',#4056,1.035186073574843);
#4058=LINE('',#4055,#4057);
#4059=EDGE_CURVE('',#4045,#4054,#4058,.T.);
#4060=ORIENTED_EDGE('',*,*,#4059,.T.);
#4061=CARTESIAN_POINT('',(-17.604123203702891,-7.249999999999991,100.0));
#4062=VERTEX_POINT('',#4061);
#4063=CARTESIAN_POINT('',(-17.604123203702891,-7.749999999999991,100.0));
#4064=DIRECTION('',(0.0,0.0,-1.0));
#4065=DIRECTION('',(0.0,1.0,0.0));
#4066=AXIS2_PLACEMENT_3D('',#4063,#4064,#4065);
#4067=CIRCLE('',#4066,0.500000000000000);
#4068=EDGE_CURVE('',#4054,#4062,#4067,.T.);
#4069=ORIENTED_EDGE('',*,*,#4068,.T.);
#4070=CARTESIAN_POINT('',(-15.999999999999998,-7.249999999999991,100.0));
#4071=VERTEX_POINT('',#4070);
#4072=CARTESIAN_POINT('',(-17.604123203702891,-7.249999999999991,100.0));
#4073=DIRECTION('',(1.0,0.0,0.0));
#4074=VECTOR('',#4073,1.604123203702891);
#4075=LINE('',#4072,#4074);
#4076=EDGE_CURVE('',#4062,#4071,#4075,.T.);
#4077=ORIENTED_EDGE('',*,*,#4076,.T.);
#4078=CARTESIAN_POINT('',(-15.999999999999998,-4.249999999999990,100.0));
#4079=VERTEX_POINT('',#4078);
#4080=CARTESIAN_POINT('',(-15.999999999999996,-7.249999999999990,100.0));
#4081=DIRECTION('',(0.0,1.0,0.0));
#4082=VECTOR('',#4081,3.0);
#4083=LINE('',#4080,#4082);
#4084=EDGE_CURVE('',#4071,#4079,#4083,.T.);
#4085=ORIENTED_EDGE('',*,*,#4084,.T.);
#4086=CARTESIAN_POINT('',(-18.999999999999996,-4.249999999999989,100.0));
#4087=VERTEX_POINT('',#4086);
#4088=CARTESIAN_POINT('',(-15.999999999999998,-4.249999999999989,100.0));
#4089=DIRECTION('',(-1.0,0.0,0.0));
#4090=VECTOR('',#4089,2.999999999999998);
#4091=LINE('',#4088,#4090);
#4092=EDGE_CURVE('',#4079,#4087,#4091,.T.);
#4093=ORIENTED_EDGE('',*,*,#4092,.T.);
#4094=CARTESIAN_POINT('',(-19.999999999999996,-5.249999999999986,100.0));
#4095=VERTEX_POINT('',#4094);
#4096=CARTESIAN_POINT('',(-20.0,-5.249999999999989,100.0));
#4097=DIRECTION('',(0.707106781186550,0.707106781186545,0.0));
#4098=VECTOR('',#4097,1.414213562373096);
#4099=LINE('',#4096,#4098);
#4100=EDGE_CURVE('',#4095,#4087,#4099,.T.);
#4101=ORIENTED_EDGE('',*,*,#4100,.F.);
#4102=CARTESIAN_POINT('',(-19.999999999999996,-18.999999999999989,100.0));
#4103=VERTEX_POINT('',#4102);
#4104=CARTESIAN_POINT('',(-19.999999999999996,-18.999999999999989,100.0));
#4105=DIRECTION('',(0.0,1.0,0.0));
#4106=VECTOR('',#4105,13.750000000000004);
#4107=LINE('',#4104,#4106);
#4108=EDGE_CURVE('',#4103,#4095,#4107,.T.);
#4109=ORIENTED_EDGE('',*,*,#4108,.F.);
#4110=CARTESIAN_POINT('',(-18.999999999999996,-19.999999999999989,100.0));
#4111=VERTEX_POINT('',#4110);
#4112=CARTESIAN_POINT('',(-18.999999999999996,-18.999999999999989,100.0));
#4113=DIRECTION('',(0.0,0.0,-1.000000000000000));
#4114=DIRECTION('',(-0.707106781186548,-0.707106781186548,0.0));
#4115=AXIS2_PLACEMENT_3D('',#4112,#4113,#4114);
#4116=CIRCLE('',#4115,1.000000000000000);
#4117=EDGE_CURVE('',#4111,#4103,#4116,.T.);
#4118=ORIENTED_EDGE('',*,*,#4117,.F.);
#4119=CARTESIAN_POINT('',(-5.250000000000004,-19.999999999999989,100.0));
#4120=VERTEX_POINT('',#4119);
#4121=CARTESIAN_POINT('',(-5.250000000000002,-19.999999999999989,100.0));
#4122=DIRECTION('',(-1.0,0.0,0.0));
#4123=VECTOR('',#4122,13.749999999999995);
#4124=LINE('',#4121,#4123);
#4125=EDGE_CURVE('',#4120,#4111,#4124,.T.);
#4126=ORIENTED_EDGE('',*,*,#4125,.F.);
#4127=CARTESIAN_POINT('',(-4.250000000000003,-18.999999999999989,100.0));
#4128=VERTEX_POINT('',#4127);
#4129=CARTESIAN_POINT('',(-4.250000000000000,-18.999999999999993,100.0));
#4130=DIRECTION('',(-0.707106781186546,-0.707106781186549,0.0));
#4131=VECTOR('',#4130,1.414213562373098);
#4132=LINE('',#4129,#4131);
#4133=EDGE_CURVE('',#4128,#4120,#4132,.T.);
#4134=ORIENTED_EDGE('',*,*,#4133,.F.);
#4135=CARTESIAN_POINT('',(-4.250000000000002,-15.999999999999996,100.0));
#4136=VERTEX_POINT('',#4135);
#4137=CARTESIAN_POINT('',(-4.250000000000003,-18.999999999999989,100.0));
#4138=DIRECTION('',(0.0,1.0,0.0));
#4139=VECTOR('',#4138,2.999999999999993);
#4140=LINE('',#4137,#4139);
#4141=EDGE_CURVE('',#4128,#4136,#4140,.T.);
#4142=ORIENTED_EDGE('',*,*,#4141,.T.);
#4143=CARTESIAN_POINT('',(-7.250000000000004,-15.999999999999995,100.0));
#4144=VERTEX_POINT('',#4143);
#4145=CARTESIAN_POINT('',(-4.250000000000002,-15.999999999999996,100.0));
#4146=DIRECTION('',(-1.0,0.0,0.0));
#4147=VECTOR('',#4146,3.000000000000002);
#4148=LINE('',#4145,#4147);
#4149=EDGE_CURVE('',#4136,#4144,#4148,.T.);
#4150=ORIENTED_EDGE('',*,*,#4149,.T.);
#4151=CARTESIAN_POINT('',(-7.250000000000004,-17.604123203702887,100.0));
#4152=VERTEX_POINT('',#4151);
#4153=CARTESIAN_POINT('',(-7.250000000000004,-15.999999999999995,100.0));
#4154=DIRECTION('',(0.0,-1.0,0.0));
#4155=VECTOR('',#4154,1.604123203702892);
#4156=LINE('',#4153,#4155);
#4157=EDGE_CURVE('',#4144,#4152,#4156,.T.);
#4158=ORIENTED_EDGE('',*,*,#4157,.T.);
#4159=CARTESIAN_POINT('',(-7.836824088833470,-18.096527080208990,100.0));
#4160=VERTEX_POINT('',#4159);
#4161=CARTESIAN_POINT('',(-7.750000000000004,-17.604123203702887,100.0));
#4162=DIRECTION('',(0.0,0.0,-1.0));
#4163=DIRECTION('',(1.0,0.0,0.0));
#4164=AXIS2_PLACEMENT_3D('',#4161,#4162,#4163);
#4165=CIRCLE('',#4164,0.500000000000000);
#4166=EDGE_CURVE('',#4152,#4160,#4165,.T.);
#4167=ORIENTED_EDGE('',*,*,#4166,.T.);
#4168=CARTESIAN_POINT('',(-8.856283359900242,-17.916768904986537,100.0));
#4169=VERTEX_POINT('',#4168);
#4170=CARTESIAN_POINT('',(-7.836824088833470,-18.096527080208990,100.0));
#4171=DIRECTION('',(-0.984807753012209,0.173648177666927,0.0));
#4172=VECTOR('',#4171,1.035186073574845);
#4173=LINE('',#4170,#4172);
#4174=EDGE_CURVE('',#4160,#4169,#4173,.T.);
#4175=ORIENTED_EDGE('',*,*,#4174,.T.);
#4176=CARTESIAN_POINT('',(-9.600000000000005,-17.030441927275550,100.0));
#4177=VERTEX_POINT('',#4176);
#4178=CARTESIAN_POINT('',(-8.700000000000008,-17.030441927275550,100.0));
#4179=DIRECTION('',(-5.745842E-018,-3.258629E-017,-1.000000000000000));
#4180=DIRECTION('',(-0.173648177666928,-0.984807753012208,3.308898E-017));
#4181=AXIS2_PLACEMENT_3D('',#4178,#4179,#4180);
#4182=CIRCLE('',#4181,0.899999999999997);
#4183=EDGE_CURVE('',#4169,#4177,#4182,.T.);
#4184=ORIENTED_EDGE('',*,*,#4183,.T.);
#4185=CARTESIAN_POINT('',(-9.600000000000003,-12.333865619795844,100.0));
#4186=VERTEX_POINT('',#4185);
#4187=CARTESIAN_POINT('',(-9.600000000000007,-17.030441927275550,100.0));
#4188=DIRECTION('',(0.0,1.0,0.0));
#4189=VECTOR('',#4188,4.696576307479706);
#4190=LINE('',#4187,#4189);
#4191=EDGE_CURVE('',#4177,#4186,#4190,.T.);
#4192=ORIENTED_EDGE('',*,*,#4191,.T.);
#4193=CARTESIAN_POINT('',(-8.721320343559642,-10.212545276236195,100.0));
#4194=VERTEX_POINT('',#4193);
#4195=CARTESIAN_POINT('',(-6.599999999999993,-12.333865619795844,100.0));
#4196=DIRECTION('',(0.0,0.0,-1.0));
#4197=DIRECTION('',(-1.0,0.0,0.0));
#4198=AXIS2_PLACEMENT_3D('',#4195,#4196,#4197);
#4199=CIRCLE('',#4198,2.999999999999987);
#4200=EDGE_CURVE('',#4186,#4194,#4199,.T.);
#4201=ORIENTED_EDGE('',*,*,#4200,.T.);
#4202=CARTESIAN_POINT('',(-8.187454723763798,-9.678679656440352,100.0));
#4203=VERTEX_POINT('',#4202);
#4204=CARTESIAN_POINT('',(-8.721320343559643,-10.212545276236195,100.0));
#4205=DIRECTION('',(0.707106781186549,0.707106781186546,0.0));
#4206=VECTOR('',#4205,0.755000000000002);
#4207=LINE('',#4204,#4206);
#4208=EDGE_CURVE('',#4194,#4203,#4207,.T.);
#4209=ORIENTED_EDGE('',*,*,#4208,.T.);
#4210=CARTESIAN_POINT('',(-6.066134380204149,-8.799999999999992,100.0));
#4211=VERTEX_POINT('',#4210);
#4212=CARTESIAN_POINT('',(-6.066134380204150,-11.800000000000001,100.0));
#4213=DIRECTION('',(4.079220E-017,-4.079220E-017,-1.0));
#4214=DIRECTION('',(-0.707106781186547,0.707106781186548,-5.768888E-017));
#4215=AXIS2_PLACEMENT_3D('',#4212,#4213,#4214);
#4216=CIRCLE('',#4215,3.000000000000010);
#4217=EDGE_CURVE('',#4203,#4211,#4216,.T.);
#4218=ORIENTED_EDGE('',*,*,#4217,.T.);
#4219=CARTESIAN_POINT('',(6.066134380204144,-8.799999999999997,100.0));
#4220=VERTEX_POINT('',#4219);
#4221=CARTESIAN_POINT('',(-6.066134380204149,-8.800000000000001,100.0));
#4222=DIRECTION('',(1.0,0.0,0.0));
#4223=VECTOR('',#4222,12.132268760408293);
#4224=LINE('',#4221,#4223);
#4225=EDGE_CURVE('',#4211,#4220,#4224,.T.);
#4226=ORIENTED_EDGE('',*,*,#4225,.T.);
#4227=CARTESIAN_POINT('',(8.187454723763789,-9.678679656440357,100.0));
#4228=VERTEX_POINT('',#4227);
#4229=CARTESIAN_POINT('',(6.066134380204140,-11.800000000000006,100.0));
#4230=DIRECTION('',(0.0,0.0,-1.0));
#4231=DIRECTION('',(0.707106781186548,0.707106781186547,0.0));
#4232=AXIS2_PLACEMENT_3D('',#4229,#4230,#4231);
#4233=CIRCLE('',#4232,3.000000000000010);
#4234=EDGE_CURVE('',#4220,#4228,#4233,.T.);
#4235=ORIENTED_EDGE('',*,*,#4234,.T.);
#4236=CARTESIAN_POINT('',(8.721320343559633,-10.212545276236202,100.0));
#4237=VERTEX_POINT('',#4236);
#4238=CARTESIAN_POINT('',(8.187454723763789,-9.678679656440357,100.0));
#4239=DIRECTION('',(0.707106781186546,-0.707106781186549,0.0));
#4240=VECTOR('',#4239,0.755000000000004);
#4241=LINE('',#4238,#4240);
#4242=EDGE_CURVE('',#4228,#4237,#4241,.T.);
#4243=ORIENTED_EDGE('',*,*,#4242,.T.);
#4244=CARTESIAN_POINT('',(9.599999999999993,-12.333865619795851,100.0));
#4245=VERTEX_POINT('',#4244);
#4246=CARTESIAN_POINT('',(6.599999999999984,-12.333865619795850,100.0));
#4247=DIRECTION('',(0.0,0.0,-1.0));
#4248=DIRECTION('',(1.0,0.0,0.0));
#4249=AXIS2_PLACEMENT_3D('',#4246,#4247,#4248);
#4250=CIRCLE('',#4249,2.999999999999987);
#4251=EDGE_CURVE('',#4237,#4245,#4250,.T.);
#4252=ORIENTED_EDGE('',*,*,#4251,.T.);
#4253=CARTESIAN_POINT('',(9.599999999999993,-17.030441927275557,100.0));
#4254=VERTEX_POINT('',#4253);
#4255=CARTESIAN_POINT('',(9.599999999999991,-12.333865619795851,100.0));
#4256=DIRECTION('',(0.0,-1.0,0.0));
#4257=VECTOR('',#4256,4.696576307479706);
#4258=LINE('',#4255,#4257);
#4259=EDGE_CURVE('',#4245,#4254,#4258,.T.);
#4260=ORIENTED_EDGE('',*,*,#4259,.T.);
#4261=CARTESIAN_POINT('',(8.856283359900228,-17.916768904986540,100.0));
#4262=VERTEX_POINT('',#4261);
#4263=CARTESIAN_POINT('',(8.699999999999994,-17.030441927275557,100.0));
#4264=DIRECTION('',(0.0,0.0,-1.0));
#4265=DIRECTION('',(0.173648177666928,-0.984807753012209,0.0));
#4266=AXIS2_PLACEMENT_3D('',#4263,#4264,#4265);
#4267=CIRCLE('',#4266,0.899999999999997);
#4268=EDGE_CURVE('',#4254,#4262,#4267,.T.);
#4269=ORIENTED_EDGE('',*,*,#4268,.T.);
#4270=CARTESIAN_POINT('',(7.836824088833455,-18.096527080208993,100.0));
#4271=VERTEX_POINT('',#4270);
#4272=CARTESIAN_POINT('',(8.856283359900232,-17.916768904986540,100.0));
#4273=DIRECTION('',(-0.984807753012209,-0.173648177666923,0.0));
#4274=VECTOR('',#4273,1.035186073574845);
#4275=LINE('',#4272,#4274);
#4276=EDGE_CURVE('',#4262,#4271,#4275,.T.);
#4277=ORIENTED_EDGE('',*,*,#4276,.T.);
#4278=CARTESIAN_POINT('',(7.249999999999989,-17.604123203702891,100.0));
#4279=VERTEX_POINT('',#4278);
#4280=CARTESIAN_POINT('',(7.749999999999990,-17.604123203702891,100.0));
#4281=DIRECTION('',(0.0,0.0,-1.0));
#4282=DIRECTION('',(-1.0,0.0,0.0));
#4283=AXIS2_PLACEMENT_3D('',#4280,#4281,#4282);
#4284=CIRCLE('',#4283,0.500000000000000);
#4285=EDGE_CURVE('',#4271,#4279,#4284,.T.);
#4286=ORIENTED_EDGE('',*,*,#4285,.T.);
#4287=CARTESIAN_POINT('',(7.249999999999989,-15.999999999999998,100.0));
#4288=VERTEX_POINT('',#4287);
#4289=CARTESIAN_POINT('',(7.249999999999988,-17.604123203702891,100.0));
#4290=DIRECTION('',(0.0,1.0,0.0));
#4291=VECTOR('',#4290,1.604123203702891);
#4292=LINE('',#4289,#4291);
#4293=EDGE_CURVE('',#4279,#4288,#4292,.T.);
#4294=ORIENTED_EDGE('',*,*,#4293,.T.);
#4295=CARTESIAN_POINT('',(4.249999999999989,-15.999999999999998,100.0));
#4296=VERTEX_POINT('',#4295);
#4297=CARTESIAN_POINT('',(7.249999999999989,-16.0,100.0));
#4298=DIRECTION('',(-1.0,0.0,0.0));
#4299=VECTOR('',#4298,3.0);
#4300=LINE('',#4297,#4299);
#4301=EDGE_CURVE('',#4288,#4296,#4300,.T.);
#4302=ORIENTED_EDGE('',*,*,#4301,.T.);
#4303=CARTESIAN_POINT('',(4.249999999999987,-18.999999999999989,100.0));
#4304=VERTEX_POINT('',#4303);
#4305=CARTESIAN_POINT('',(4.249999999999989,-16.0,100.0));
#4306=DIRECTION('',(0.0,-1.0,0.0));
#4307=VECTOR('',#4306,2.999999999999989);
#4308=LINE('',#4305,#4307);
#4309=EDGE_CURVE('',#4296,#4304,#4308,.T.);
#4310=ORIENTED_EDGE('',*,*,#4309,.T.);
#4311=CARTESIAN_POINT('',(5.249999999999988,-19.999999999999993,100.0));
#4312=VERTEX_POINT('',#4311);
#4313=CARTESIAN_POINT('',(5.249999999999986,-19.999999999999993,100.0));
#4314=DIRECTION('',(-0.707106781186547,0.707106781186548,0.0));
#4315=VECTOR('',#4314,1.414213562373094);
#4316=LINE('',#4313,#4315);
#4317=EDGE_CURVE('',#4312,#4304,#4316,.T.);
#4318=ORIENTED_EDGE('',*,*,#4317,.F.);
#4319=CARTESIAN_POINT('',(34.749999999999986,-19.999999999999993,100.0));
#4320=VERTEX_POINT('',#4319);
#4321=CARTESIAN_POINT('',(34.749999999999986,-19.999999999999993,100.0));
#4322=DIRECTION('',(-1.0,0.0,0.0));
#4323=VECTOR('',#4322,29.499999999999996);
#4324=LINE('',#4321,#4323);
#4325=EDGE_CURVE('',#4320,#4312,#4324,.T.);
#4326=ORIENTED_EDGE('',*,*,#4325,.F.);
#4327=CARTESIAN_POINT('',(35.749999999999986,-18.999999999999989,100.0));
#4328=VERTEX_POINT('',#4327);
#4329=CARTESIAN_POINT('',(35.749999999999986,-18.999999999999989,100.0));
#4330=DIRECTION('',(-0.707106781186546,-0.707106781186549,0.0));
#4331=VECTOR('',#4330,1.414213562373098);
#4332=LINE('',#4329,#4331);
#4333=EDGE_CURVE('',#4328,#4320,#4332,.T.);
#4334=ORIENTED_EDGE('',*,*,#4333,.F.);
#4335=CARTESIAN_POINT('',(35.749999999999986,-16.000000000000004,100.0));
#4336=VERTEX_POINT('',#4335);
#4337=CARTESIAN_POINT('',(35.749999999999993,-18.999999999999993,100.0));
#4338=DIRECTION('',(0.0,1.0,0.0));
#4339=VECTOR('',#4338,2.999999999999989);
#4340=LINE('',#4337,#4339);
#4341=EDGE_CURVE('',#4328,#4336,#4340,.T.);
#4342=ORIENTED_EDGE('',*,*,#4341,.T.);
#4343=CARTESIAN_POINT('',(32.749999999999986,-16.0,100.0));
#4344=VERTEX_POINT('',#4343);
#4345=CARTESIAN_POINT('',(35.749999999999986,-16.000000000000004,100.0));
#4346=DIRECTION('',(-1.0,0.0,0.0));
#4347=VECTOR('',#4346,3.0);
#4348=LINE('',#4345,#4347);
#4349=EDGE_CURVE('',#4336,#4344,#4348,.T.);
#4350=ORIENTED_EDGE('',*,*,#4349,.T.);
#4351=CARTESIAN_POINT('',(32.749999999999986,-17.604123203702894,100.0));
#4352=VERTEX_POINT('',#4351);
#4353=CARTESIAN_POINT('',(32.749999999999986,-16.0,100.0));
#4354=DIRECTION('',(0.0,-1.0,0.0));
#4355=VECTOR('',#4354,1.604123203702894);
#4356=LINE('',#4353,#4355);
#4357=EDGE_CURVE('',#4344,#4352,#4356,.T.);
#4358=ORIENTED_EDGE('',*,*,#4357,.T.);
#4359=CARTESIAN_POINT('',(32.163175911166519,-18.096527080208993,100.0));
#4360=VERTEX_POINT('',#4359);
#4361=CARTESIAN_POINT('',(32.249999999999986,-17.604123203702894,100.0));
#4362=DIRECTION('',(0.0,0.0,-1.0));
#4363=DIRECTION('',(1.0,0.0,0.0));
#4364=AXIS2_PLACEMENT_3D('',#4361,#4362,#4363);
#4365=CIRCLE('',#4364,0.500000000000000);
#4366=EDGE_CURVE('',#4352,#4360,#4365,.T.);
#4367=ORIENTED_EDGE('',*,*,#4366,.T.);
#4368=CARTESIAN_POINT('',(31.143716640099747,-17.916768904986544,100.0));
#4369=VERTEX_POINT('',#4368);
#4370=CARTESIAN_POINT('',(32.163175911166519,-18.096527080208993,100.0));
#4371=DIRECTION('',(-0.984807753012209,0.173648177666927,0.0));
#4372=VECTOR('',#4371,1.035186073574843);
#4373=LINE('',#4370,#4372);
#4374=EDGE_CURVE('',#4360,#4369,#4373,.T.);
#4375=ORIENTED_EDGE('',*,*,#4374,.T.);
#4376=CARTESIAN_POINT('',(30.399999999999988,-17.030441927275561,100.0));
#4377=VERTEX_POINT('',#4376);
#4378=CARTESIAN_POINT('',(31.299999999999983,-17.030441927275561,100.0));
#4379=DIRECTION('',(0.0,0.0,-1.000000000000000));
#4380=DIRECTION('',(-0.173648177666928,-0.984807753012209,0.0));
#4381=AXIS2_PLACEMENT_3D('',#4378,#4379,#4380);
#4382=CIRCLE('',#4381,0.899999999999997);
#4383=EDGE_CURVE('',#4369,#4377,#4382,.T.);
#4384=ORIENTED_EDGE('',*,*,#4383,.T.);
#4385=CARTESIAN_POINT('',(30.399999999999988,-12.333865619795855,100.0));
#4386=VERTEX_POINT('',#4385);
#4387=CARTESIAN_POINT('',(30.399999999999977,-17.030441927275561,100.0));
#4388=DIRECTION('',(0.0,1.0,0.0));
#4389=VECTOR('',#4388,4.696576307479708);
#4390=LINE('',#4387,#4389);
#4391=EDGE_CURVE('',#4377,#4386,#4390,.T.);
#4392=ORIENTED_EDGE('',*,*,#4391,.T.);
#4393=CARTESIAN_POINT('',(31.278679656440346,-10.212545276236204,100.0));
#4394=VERTEX_POINT('',#4393);
#4395=CARTESIAN_POINT('',(33.399999999999991,-12.333865619795851,100.0));
#4396=DIRECTION('',(0.0,0.0,-1.0));
#4397=DIRECTION('',(-1.0,0.0,0.0));
#4398=AXIS2_PLACEMENT_3D('',#4395,#4396,#4397);
#4399=CIRCLE('',#4398,2.999999999999987);
#4400=EDGE_CURVE('',#4386,#4394,#4399,.T.);
#4401=ORIENTED_EDGE('',*,*,#4400,.T.);
#4402=CARTESIAN_POINT('',(31.812545276236190,-9.678679656440361,100.0));
#4403=VERTEX_POINT('',#4402);
#4404=CARTESIAN_POINT('',(31.278679656440353,-10.212545276236204,100.0));
#4405=DIRECTION('',(0.707106781186545,0.707106781186550,0.0));
#4406=VECTOR('',#4405,0.754999999999998);
#4407=LINE('',#4404,#4406);
#4408=EDGE_CURVE('',#4394,#4403,#4407,.T.);
#4409=ORIENTED_EDGE('',*,*,#4408,.T.);
#4410=CARTESIAN_POINT('',(33.933865619795839,-8.800000000000001,100.0));
#4411=VERTEX_POINT('',#4410);
#4412=CARTESIAN_POINT('',(33.933865619795839,-11.800000000000008,100.0));
#4413=DIRECTION('',(0.0,0.0,-1.0));
#4414=DIRECTION('',(-0.707106781186548,0.707106781186547,0.0));
#4415=AXIS2_PLACEMENT_3D('',#4412,#4413,#4414);
#4416=CIRCLE('',#4415,3.000000000000010);
#4417=EDGE_CURVE('',#4403,#4411,#4416,.T.);
#4418=ORIENTED_EDGE('',*,*,#4417,.T.);
#4419=CARTESIAN_POINT('',(46.066134380204133,-8.799999999999999,100.0));
#4420=VERTEX_POINT('',#4419);
#4421=CARTESIAN_POINT('',(33.933865619795839,-8.800000000000001,100.0));
#4422=DIRECTION('',(1.0,0.0,0.0));
#4423=VECTOR('',#4422,12.132268760408294);
#4424=LINE('',#4421,#4423);
#4425=EDGE_CURVE('',#4411,#4420,#4424,.T.);
#4426=ORIENTED_EDGE('',*,*,#4425,.T.);
#4427=CARTESIAN_POINT('',(48.187454723763778,-9.678679656440359,100.0));
#4428=VERTEX_POINT('',#4427);
#4429=CARTESIAN_POINT('',(46.066134380204133,-11.800000000000008,100.0));
#4430=DIRECTION('',(-4.079220E-017,-4.079220E-017,-1.0));
#4431=DIRECTION('',(0.707106781186547,0.707106781186548,-5.768888E-017));
#4432=AXIS2_PLACEMENT_3D('',#4429,#4430,#4431);
#4433=CIRCLE('',#4432,3.000000000000010);
#4434=EDGE_CURVE('',#4420,#4428,#4433,.T.);
#4435=ORIENTED_EDGE('',*,*,#4434,.T.);
#4436=CARTESIAN_POINT('',(48.721320343559626,-10.212545276236202,100.0));
#4437=VERTEX_POINT('',#4436);
#4438=CARTESIAN_POINT('',(48.187454723763786,-9.678679656440357,100.0));
#4439=DIRECTION('',(0.707106781186545,-0.707106781186550,0.0));
#4440=VECTOR('',#4439,0.754999999999998);
#4441=LINE('',#4438,#4440);
#4442=EDGE_CURVE('',#4428,#4437,#4441,.T.);
#4443=ORIENTED_EDGE('',*,*,#4442,.T.);
#4444=CARTESIAN_POINT('',(49.599999999999980,-12.333865619795851,100.0));
#4445=VERTEX_POINT('',#4444);
#4446=CARTESIAN_POINT('',(46.599999999999973,-12.333865619795851,100.0));
#4447=DIRECTION('',(0.0,0.0,-1.0));
#4448=DIRECTION('',(1.0,0.0,0.0));
#4449=AXIS2_PLACEMENT_3D('',#4446,#4447,#4448);
#4450=CIRCLE('',#4449,2.999999999999987);
#4451=EDGE_CURVE('',#4437,#4445,#4450,.T.);
#4452=ORIENTED_EDGE('',*,*,#4451,.T.);
#4453=CARTESIAN_POINT('',(49.599999999999980,-17.030441927275557,100.0));
#4454=VERTEX_POINT('',#4453);
#4455=CARTESIAN_POINT('',(49.599999999999987,-12.333865619795851,100.0));
#4456=DIRECTION('',(0.0,-1.0,0.0));
#4457=VECTOR('',#4456,4.696576307479706);
#4458=LINE('',#4455,#4457);
#4459=EDGE_CURVE('',#4445,#4454,#4458,.T.);
#4460=ORIENTED_EDGE('',*,*,#4459,.T.);
#4461=CARTESIAN_POINT('',(48.856283359900218,-17.916768904986540,100.0));
#4462=VERTEX_POINT('',#4461);
#4463=CARTESIAN_POINT('',(48.699999999999982,-17.030441927275557,100.0));
#4464=DIRECTION('',(5.745842E-018,-3.258629E-017,-1.0));
#4465=DIRECTION('',(0.173648177666928,-0.984807753012208,3.308898E-017));
#4466=AXIS2_PLACEMENT_3D('',#4463,#4464,#4465);
#4467=CIRCLE('',#4466,0.899999999999997);
#4468=EDGE_CURVE('',#4454,#4462,#4467,.T.);
#4469=ORIENTED_EDGE('',*,*,#4468,.T.);
#4470=CARTESIAN_POINT('',(47.836824088833446,-18.096527080208993,100.0));
#4471=VERTEX_POINT('',#4470);
#4472=CARTESIAN_POINT('',(48.856283359900218,-17.916768904986547,100.0));
#4473=DIRECTION('',(-0.984807753012209,-0.173648177666924,0.0));
#4474=VECTOR('',#4473,1.035186073574842);
#4475=LINE('',#4472,#4474);
#4476=EDGE_CURVE('',#4462,#4471,#4475,.T.);
#4477=ORIENTED_EDGE('',*,*,#4476,.T.);
#4478=CARTESIAN_POINT('',(47.249999999999979,-17.604123203702894,100.0));
#4479=VERTEX_POINT('',#4478);
#4480=CARTESIAN_POINT('',(47.749999999999986,-17.604123203702894,100.0));
#4481=DIRECTION('',(0.0,0.0,-1.0));
#4482=DIRECTION('',(-1.0,0.0,0.0));
#4483=AXIS2_PLACEMENT_3D('',#4480,#4481,#4482);
#4484=CIRCLE('',#4483,0.500000000000000);
#4485=EDGE_CURVE('',#4471,#4479,#4484,.T.);
#4486=ORIENTED_EDGE('',*,*,#4485,.T.);
#4487=CARTESIAN_POINT('',(47.249999999999979,-16.0,100.0));
#4488=VERTEX_POINT('',#4487);
#4489=CARTESIAN_POINT('',(47.249999999999979,-17.604123203702891,100.0));
#4490=DIRECTION('',(0.0,1.0,0.0));
#4491=VECTOR('',#4490,1.604123203702891);
#4492=LINE('',#4489,#4491);
#4493=EDGE_CURVE('',#4479,#4488,#4492,.T.);
#4494=ORIENTED_EDGE('',*,*,#4493,.T.);
#4495=CARTESIAN_POINT('',(44.249999999999979,-16.0,100.0));
#4496=VERTEX_POINT('',#4495);
#4497=CARTESIAN_POINT('',(47.249999999999979,-15.999999999999998,100.0));
#4498=DIRECTION('',(-1.0,0.0,0.0));
#4499=VECTOR('',#4498,3.0);
#4500=LINE('',#4497,#4499);
#4501=EDGE_CURVE('',#4488,#4496,#4500,.T.);
#4502=ORIENTED_EDGE('',*,*,#4501,.T.);
#4503=CARTESIAN_POINT('',(44.249999999999986,-18.999999999999993,100.0));
#4504=VERTEX_POINT('',#4503);
#4505=CARTESIAN_POINT('',(44.249999999999986,-16.0,100.0));
#4506=DIRECTION('',(0.0,-1.0,0.0));
#4507=VECTOR('',#4506,2.999999999999993);
#4508=LINE('',#4505,#4507);
#4509=EDGE_CURVE('',#4496,#4504,#4508,.T.);
#4510=ORIENTED_EDGE('',*,*,#4509,.T.);
#4511=CARTESIAN_POINT('',(45.249999999999979,-19.999999999999993,100.0));
#4512=VERTEX_POINT('',#4511);
#4513=CARTESIAN_POINT('',(45.249999999999979,-19.999999999999993,100.0));
#4514=DIRECTION('',(-0.707106781186548,0.707106781186548,0.0));
#4515=VECTOR('',#4514,1.414213562373085);
#4516=LINE('',#4513,#4515);
#4517=EDGE_CURVE('',#4512,#4504,#4516,.T.);
#4518=ORIENTED_EDGE('',*,*,#4517,.F.);
#4519=CARTESIAN_POINT('',(58.999999999999972,-19.999999999999993,100.0));
#4520=DIRECTION('',(-1.0,0.0,0.0));
#4521=VECTOR('',#4520,13.750000000000000);
#4522=LINE('',#4519,#4521);
#4523=EDGE_CURVE('',#76,#4512,#4522,.T.);
#4524=ORIENTED_EDGE('',*,*,#4523,.F.);
#4525=EDGE_LOOP('',(#2891,#2892,#2900,#2908,#2916,#2924,#2933,#2941,#2950,#2958,#2967,#2975,#2984,#2992,#3001,#3009,#3018,#3026,#3035,#3043,#3052,#3060,#3068,#3076,#3084,#3092,#3100,#3108,#3116,#3124,#3133,#3141,#3150,#3158,#3167,#3175,#3184,#3192,#3201,#3209,#3218,#3226,#3235,#3243,#3252,#3260,#3268,#3276,#3282,#3283,#3284,#3292,#3300,#3308,#3316,#3324,#3333,#3341,#3350,#3358,#3367,#3375,#3384,#3392,#3401,#3409,#3418,#3426,#3435,#3443,#3452,#3460,#3468,#3476,#3484,#3492,#3500,#3508,#3516,#3524,#3533,#3541,#3550,#3558,#3567,#3575,#3584,#3592,#3601,#3609,#3618,#3626,#3635,#3643,#3652,#3660,#3668,#3676,#3684,#3692,#3701,#3709,#3717,#3725,#3733,#3741,#3750,#3758,#3767,#3775,#3784,#3792,#3801,#3809,#3818,#3826,#3835,#3843,#3852,#3860,#3869,#3877,#3885,#3893,#3901,#3909,#3917,#3925,#3933,#3941,#3950,#3958,#3967,#3975,#3984,#3992,#4001,#4009,#4018,#4026,#4035,#4043,#4052,#4060,#4069,#4077,#4085,#4093,#4101,#4109,#4118,#4126,#4134,#4142,#4150,#4158,#4167,#4175,#4184,#4192,#4201,#4209,#4218,#4226,#4235,#4243,#4252,#4260,#4269,#4277,#4286,#4294,#4302,#4310,#4318,#4326,#4334,#4342,#4350,#4358,#4367,#4375,#4384,#4392,#4401,#4409,#4418,#4426,#4435,#4443,#4452,#4460,#4469,#4477,#4486,#4494,#4502,#4510,#4518,#4524));
#4526=FACE_OUTER_BOUND('',#4525,.T.);
#4527=CARTESIAN_POINT('',(31.199999999999992,4.799999999999999,100.0));
#4528=VERTEX_POINT('',#4527);
#4529=CARTESIAN_POINT('',(35.199999999999989,8.799999999999992,100.0));
#4530=VERTEX_POINT('',#4529);
#4531=CARTESIAN_POINT('',(35.199999999999989,4.799999999999997,100.0));
#4532=DIRECTION('',(0.0,0.0,-1.0));
#4533=DIRECTION('',(-0.707106781186548,0.707106781186547,0.0));
#4534=AXIS2_PLACEMENT_3D('',#4531,#4532,#4533);
#4535=CIRCLE('',#4534,4.0);
#4536=EDGE_CURVE('',#4528,#4530,#4535,.T.);
#4537=ORIENTED_EDGE('',*,*,#4536,.F.);
#4538=CARTESIAN_POINT('',(31.199999999999992,-4.799999999999995,100.0));
#4539=VERTEX_POINT('',#4538);
#4540=CARTESIAN_POINT('',(31.199999999999992,4.799999999999999,100.0));
#4541=DIRECTION('',(0.0,-1.0,0.0));
#4542=VECTOR('',#4541,9.599999999999994);
#4543=LINE('',#4540,#4542);
#4544=EDGE_CURVE('',#4528,#4539,#4543,.T.);
#4545=ORIENTED_EDGE('',*,*,#4544,.T.);
#4546=CARTESIAN_POINT('',(29.199999999999978,-6.799999999999993,100.0));
#4547=VERTEX_POINT('',#4546);
#4548=CARTESIAN_POINT('',(29.199999999999978,-4.799999999999994,100.0));
#4549=DIRECTION('',(0.0,0.0,1.000000000000000));
#4550=DIRECTION('',(0.707106781186548,-0.707106781186548,0.0));
#4551=AXIS2_PLACEMENT_3D('',#4548,#4549,#4550);
#4552=CIRCLE('',#4551,2.000000000000000);
#4553=EDGE_CURVE('',#4547,#4539,#4552,.T.);
#4554=ORIENTED_EDGE('',*,*,#4553,.F.);
#4555=CARTESIAN_POINT('',(10.799999999999997,-6.799999999999993,100.0));
#4556=VERTEX_POINT('',#4555);
#4557=CARTESIAN_POINT('',(10.799999999999997,-6.799999999999993,100.0));
#4558=DIRECTION('',(1.0,0.0,0.0));
#4559=VECTOR('',#4558,18.399999999999981);
#4560=LINE('',#4557,#4559);
#4561=EDGE_CURVE('',#4556,#4547,#4560,.T.);
#4562=ORIENTED_EDGE('',*,*,#4561,.F.);
#4563=CARTESIAN_POINT('',(8.799999999999999,-4.799999999999994,100.0));
#4564=VERTEX_POINT('',#4563);
#4565=CARTESIAN_POINT('',(10.799999999999997,-4.799999999999993,100.0));
#4566=DIRECTION('',(0.0,0.0,1.000000000000000));
#4567=DIRECTION('',(-0.707106781186547,-0.707106781186548,0.0));
#4568=AXIS2_PLACEMENT_3D('',#4565,#4566,#4567);
#4569=CIRCLE('',#4568,2.0);
#4570=EDGE_CURVE('',#4564,#4556,#4569,.T.);
#4571=ORIENTED_EDGE('',*,*,#4570,.F.);
#4572=CARTESIAN_POINT('',(8.799999999999999,4.800000000000002,100.0));
#4573=VERTEX_POINT('',#4572);
#4574=CARTESIAN_POINT('',(8.799999999999999,-4.799999999999992,100.0));
#4575=DIRECTION('',(0.0,1.0,0.0));
#4576=VECTOR('',#4575,9.599999999999994);
#4577=LINE('',#4574,#4576);
#4578=EDGE_CURVE('',#4564,#4573,#4577,.T.);
#4579=ORIENTED_EDGE('',*,*,#4578,.T.);
#4580=CARTESIAN_POINT('',(4.799999999999995,8.799999999999997,100.0));
#4581=VERTEX_POINT('',#4580);
#4582=CARTESIAN_POINT('',(4.799999999999997,4.800000000000001,100.0));
#4583=DIRECTION('',(0.0,0.0,-1.0));
#4584=DIRECTION('',(0.707106781186547,0.707106781186548,0.0));
#4585=AXIS2_PLACEMENT_3D('',#4582,#4583,#4584);
#4586=CIRCLE('',#4585,4.000000000000000);
#4587=EDGE_CURVE('',#4581,#4573,#4586,.T.);
#4588=ORIENTED_EDGE('',*,*,#4587,.F.);
#4589=CARTESIAN_POINT('',(-4.799999999999987,8.799999999999997,100.0));
#4590=VERTEX_POINT('',#4589);
#4591=CARTESIAN_POINT('',(4.799999999999997,8.799999999999997,100.0));
#4592=DIRECTION('',(-1.0,0.0,0.0));
#4593=VECTOR('',#4592,9.599999999999984);
#4594=LINE('',#4591,#4593);
#4595=EDGE_CURVE('',#4581,#4590,#4594,.T.);
#4596=ORIENTED_EDGE('',*,*,#4595,.T.);
#4597=CARTESIAN_POINT('',(-6.799999999999985,10.799999999999997,100.0));
#4598=VERTEX_POINT('',#4597);
#4599=CARTESIAN_POINT('',(-4.799999999999985,10.799999999999997,100.0));
#4600=DIRECTION('',(0.0,0.0,1.0));
#4601=DIRECTION('',(-0.707106781186547,-0.707106781186548,0.0));
#4602=AXIS2_PLACEMENT_3D('',#4599,#4600,#4601);
#4603=CIRCLE('',#4602,2.0);
#4604=EDGE_CURVE('',#4598,#4590,#4603,.T.);
#4605=ORIENTED_EDGE('',*,*,#4604,.F.);
#4606=CARTESIAN_POINT('',(-6.799999999999990,29.199999999999985,100.0));
#4607=VERTEX_POINT('',#4606);
#4608=CARTESIAN_POINT('',(-6.799999999999991,29.199999999999989,100.0));
#4609=DIRECTION('',(0.0,-1.0,0.0));
#4610=VECTOR('',#4609,18.399999999999991);
#4611=LINE('',#4608,#4610);
#4612=EDGE_CURVE('',#4607,#4598,#4611,.T.);
#4613=ORIENTED_EDGE('',*,*,#4612,.F.);
#4614=CARTESIAN_POINT('',(-4.799999999999991,31.199999999999992,100.0));
#4615=VERTEX_POINT('',#4614);
#4616=CARTESIAN_POINT('',(-4.799999999999991,29.199999999999985,100.0));
#4617=DIRECTION('',(0.0,0.0,1.0));
#4618=DIRECTION('',(-0.707106781186547,0.707106781186548,0.0));
#4619=AXIS2_PLACEMENT_3D('',#4616,#4617,#4618);
#4620=CIRCLE('',#4619,2.0);
#4621=EDGE_CURVE('',#4615,#4607,#4620,.T.);
#4622=ORIENTED_EDGE('',*,*,#4621,.F.);
#4623=CARTESIAN_POINT('',(4.800000000000003,31.199999999999992,100.0));
#4624=VERTEX_POINT('',#4623);
#4625=CARTESIAN_POINT('',(-4.799999999999994,31.199999999999992,100.0));
#4626=DIRECTION('',(1.0,0.0,0.0));
#4627=VECTOR('',#4626,9.599999999999994);
#4628=LINE('',#4625,#4627);
#4629=EDGE_CURVE('',#4615,#4624,#4628,.T.);
#4630=ORIENTED_EDGE('',*,*,#4629,.T.);
#4631=CARTESIAN_POINT('',(8.799999999999999,35.199999999999974,100.0));
#4632=VERTEX_POINT('',#4631);
#4633=CARTESIAN_POINT('',(4.800000000000004,35.199999999999974,100.0));
#4634=DIRECTION('',(0.0,0.0,-1.0));
#4635=DIRECTION('',(0.707106781186547,-0.707106781186548,0.0));
#4636=AXIS2_PLACEMENT_3D('',#4633,#4634,#4635);
#4637=CIRCLE('',#4636,4.000000000000000);
#4638=EDGE_CURVE('',#4632,#4624,#4637,.T.);
#4639=ORIENTED_EDGE('',*,*,#4638,.F.);
#4640=CARTESIAN_POINT('',(8.799999999999999,44.799999999999969,100.0));
#4641=VERTEX_POINT('',#4640);
#4642=CARTESIAN_POINT('',(8.799999999999999,35.199999999999974,100.0));
#4643=DIRECTION('',(0.0,1.0,0.0));
#4644=VECTOR('',#4643,9.599999999999994);
#4645=LINE('',#4642,#4644);
#4646=EDGE_CURVE('',#4632,#4641,#4645,.T.);
#4647=ORIENTED_EDGE('',*,*,#4646,.T.);
#4648=CARTESIAN_POINT('',(10.800000000000010,46.799999999999969,100.0));
#4649=VERTEX_POINT('',#4648);
#4650=CARTESIAN_POINT('',(10.800000000000010,44.799999999999969,100.0));
#4651=DIRECTION('',(0.0,0.0,1.000000000000000));
#4652=DIRECTION('',(-0.707106781186549,0.707106781186546,0.0));
#4653=AXIS2_PLACEMENT_3D('',#4650,#4651,#4652);
#4654=CIRCLE('',#4653,2.000000000000000);
#4655=EDGE_CURVE('',#4649,#4641,#4654,.T.);
#4656=ORIENTED_EDGE('',*,*,#4655,.F.);
#4657=CARTESIAN_POINT('',(29.199999999999982,46.799999999999969,100.0));
#4658=VERTEX_POINT('',#4657);
#4659=CARTESIAN_POINT('',(10.800000000000011,46.799999999999969,100.0));
#4660=DIRECTION('',(1.0,0.0,0.0));
#4661=VECTOR('',#4660,18.399999999999970);
#4662=LINE('',#4659,#4661);
#4663=EDGE_CURVE('',#4649,#4658,#4662,.T.);
#4664=ORIENTED_EDGE('',*,*,#4663,.T.);
#4665=CARTESIAN_POINT('',(31.199999999999992,44.799999999999969,100.0));
#4666=VERTEX_POINT('',#4665);
#4667=CARTESIAN_POINT('',(29.199999999999982,44.799999999999969,100.0));
#4668=DIRECTION('',(0.0,0.0,1.0));
#4669=DIRECTION('',(0.707106781186549,0.707106781186546,0.0));
#4670=AXIS2_PLACEMENT_3D('',#4667,#4668,#4669);
#4671=CIRCLE('',#4670,2.000000000000000);
#4672=EDGE_CURVE('',#4666,#4658,#4671,.T.);
#4673=ORIENTED_EDGE('',*,*,#4672,.F.);
#4674=CARTESIAN_POINT('',(31.199999999999992,35.199999999999974,100.0));
#4675=VERTEX_POINT('',#4674);
#4676=CARTESIAN_POINT('',(31.199999999999992,44.799999999999969,100.0));
#4677=DIRECTION('',(0.0,-1.0,0.0));
#4678=VECTOR('',#4677,9.599999999999994);
#4679=LINE('',#4676,#4678);
#4680=EDGE_CURVE('',#4666,#4675,#4679,.T.);
#4681=ORIENTED_EDGE('',*,*,#4680,.T.);
#4682=CARTESIAN_POINT('',(35.199999999999989,31.199999999999982,100.0));
#4683=VERTEX_POINT('',#4682);
#4684=CARTESIAN_POINT('',(35.199999999999989,35.199999999999974,100.0));
#4685=DIRECTION('',(0.0,0.0,-1.000000000000000));
#4686=DIRECTION('',(-0.707106781186548,-0.707106781186548,0.0));
#4687=AXIS2_PLACEMENT_3D('',#4684,#4685,#4686);
#4688=CIRCLE('',#4687,4.000000000000000);
#4689=EDGE_CURVE('',#4683,#4675,#4688,.T.);
#4690=ORIENTED_EDGE('',*,*,#4689,.F.);
#4691=CARTESIAN_POINT('',(44.799999999999976,31.199999999999982,100.0));
#4692=VERTEX_POINT('',#4691);
#4693=CARTESIAN_POINT('',(35.199999999999982,31.199999999999982,100.0));
#4694=DIRECTION('',(1.0,0.0,0.0));
#4695=VECTOR('',#4694,9.599999999999994);
#4696=LINE('',#4693,#4695);
#4697=EDGE_CURVE('',#4683,#4692,#4696,.T.);
#4698=ORIENTED_EDGE('',*,*,#4697,.T.);
#4699=CARTESIAN_POINT('',(46.799999999999983,29.199999999999982,100.0));
#4700=VERTEX_POINT('',#4699);
#4701=CARTESIAN_POINT('',(44.799999999999976,29.199999999999982,100.0));
#4702=DIRECTION('',(0.0,0.0,1.0));
#4703=DIRECTION('',(0.707106781186549,0.707106781186546,0.0));
#4704=AXIS2_PLACEMENT_3D('',#4701,#4702,#4703);
#4705=CIRCLE('',#4704,2.000000000000000);
#4706=EDGE_CURVE('',#4700,#4692,#4705,.T.);
#4707=ORIENTED_EDGE('',*,*,#4706,.F.);
#4708=CARTESIAN_POINT('',(46.799999999999983,10.799999999999992,100.0));
#4709=VERTEX_POINT('',#4708);
#4710=CARTESIAN_POINT('',(46.799999999999983,29.199999999999982,100.0));
#4711=DIRECTION('',(0.0,-1.0,0.0));
#4712=VECTOR('',#4711,18.399999999999991);
#4713=LINE('',#4710,#4712);
#4714=EDGE_CURVE('',#4700,#4709,#4713,.T.);
#4715=ORIENTED_EDGE('',*,*,#4714,.T.);
#4716=CARTESIAN_POINT('',(44.799999999999976,8.799999999999992,100.0));
#4717=VERTEX_POINT('',#4716);
#4718=CARTESIAN_POINT('',(44.799999999999976,10.799999999999992,100.0));
#4719=DIRECTION('',(0.0,0.0,1.0));
#4720=DIRECTION('',(0.707106781186549,-0.707106781186546,0.0));
#4721=AXIS2_PLACEMENT_3D('',#4718,#4719,#4720);
#4722=CIRCLE('',#4721,2.0);
#4723=EDGE_CURVE('',#4717,#4709,#4722,.T.);
#4724=ORIENTED_EDGE('',*,*,#4723,.F.);
#4725=CARTESIAN_POINT('',(44.799999999999976,8.799999999999992,100.0));
#4726=DIRECTION('',(-1.0,0.0,0.0));
#4727=VECTOR('',#4726,9.599999999999987);
#4728=LINE('',#4725,#4727);
#4729=EDGE_CURVE('',#4717,#4530,#4728,.T.);
#4730=ORIENTED_EDGE('',*,*,#4729,.T.);
#4731=EDGE_LOOP('',(#4537,#4545,#4554,#4562,#4571,#4579,#4588,#4596,#4605,#4613,#4622,#4630,#4639,#4647,#4656,#4664,#4673,#4681,#4690,#4698,#4707,#4715,#4724,#4730));
#4732=FACE_BOUND('',#4731,.T.);
#4733=CARTESIAN_POINT('',(11.900000000000006,49.599999999999973,100.0));
#4734=VERTEX_POINT('',#4733);
#4735=CARTESIAN_POINT('',(11.900000000000004,57.999999999999979,100.0));
#4736=VERTEX_POINT('',#4735);
#4737=CARTESIAN_POINT('',(11.900000000000006,49.599999999999973,100.0));
#4738=DIRECTION('',(0.0,1.0,0.0));
#4739=VECTOR('',#4738,8.400000000000013);
#4740=LINE('',#4737,#4739);
#4741=EDGE_CURVE('',#4734,#4736,#4740,.T.);
#4742=ORIENTED_EDGE('',*,*,#4741,.T.);
#4743=CARTESIAN_POINT('',(28.099999999999991,57.999999999999986,100.0));
#4744=VERTEX_POINT('',#4743);
#4745=CARTESIAN_POINT('',(11.900000000000004,57.999999999999979,100.0));
#4746=DIRECTION('',(1.0,0.0,0.0));
#4747=VECTOR('',#4746,16.199999999999989);
#4748=LINE('',#4745,#4747);
#4749=EDGE_CURVE('',#4736,#4744,#4748,.T.);
#4750=ORIENTED_EDGE('',*,*,#4749,.T.);
#4751=CARTESIAN_POINT('',(28.099999999999991,49.599999999999973,100.0));
#4752=VERTEX_POINT('',#4751);
#4753=CARTESIAN_POINT('',(28.099999999999991,57.999999999999993,100.0));
#4754=DIRECTION('',(0.0,-1.0,0.0));
#4755=VECTOR('',#4754,8.400000000000006);
#4756=LINE('',#4753,#4755);
#4757=EDGE_CURVE('',#4744,#4752,#4756,.T.);
#4758=ORIENTED_EDGE('',*,*,#4757,.T.);
#4759=CARTESIAN_POINT('',(28.099999999999991,49.599999999999973,100.0));
#4760=DIRECTION('',(-1.0,0.0,0.0));
#4761=VECTOR('',#4760,16.199999999999985);
#4762=LINE('',#4759,#4761);
#4763=EDGE_CURVE('',#4752,#4734,#4762,.T.);
#4764=ORIENTED_EDGE('',*,*,#4763,.T.);
#4765=EDGE_LOOP('',(#4742,#4750,#4758,#4764));
#4766=FACE_BOUND('',#4765,.T.);
#4767=CARTESIAN_POINT('',(-9.599999999999987,11.900000000000002,100.0));
#4768=VERTEX_POINT('',#4767);
#4769=CARTESIAN_POINT('',(-9.599999999999989,28.099999999999987,100.0));
#4770=VERTEX_POINT('',#4769);
#4771=CARTESIAN_POINT('',(-9.599999999999987,11.900000000000002,100.0));
#4772=DIRECTION('',(0.0,1.0,0.0));
#4773=VECTOR('',#4772,16.199999999999985);
#4774=LINE('',#4771,#4773);
#4775=EDGE_CURVE('',#4768,#4770,#4774,.T.);
#4776=ORIENTED_EDGE('',*,*,#4775,.F.);
#4777=CARTESIAN_POINT('',(-17.999999999999996,11.899999999999999,100.0));
#4778=VERTEX_POINT('',#4777);
#4779=CARTESIAN_POINT('',(-9.599999999999987,11.900000000000002,100.0));
#4780=DIRECTION('',(-1.0,0.0,0.0));
#4781=VECTOR('',#4780,8.400000000000009);
#4782=LINE('',#4779,#4781);
#4783=EDGE_CURVE('',#4768,#4778,#4782,.T.);
#4784=ORIENTED_EDGE('',*,*,#4783,.T.);
#4785=CARTESIAN_POINT('',(-17.999999999999996,28.099999999999987,100.0));
#4786=VERTEX_POINT('',#4785);
#4787=CARTESIAN_POINT('',(-17.999999999999996,11.899999999999999,100.0));
#4788=DIRECTION('',(0.0,1.0,0.0));
#4789=VECTOR('',#4788,16.199999999999989);
#4790=LINE('',#4787,#4789);
#4791=EDGE_CURVE('',#4778,#4786,#4790,.T.);
#4792=ORIENTED_EDGE('',*,*,#4791,.T.);
#4793=CARTESIAN_POINT('',(-17.999999999999996,28.099999999999987,100.0));
#4794=DIRECTION('',(1.0,0.0,0.0));
#4795=VECTOR('',#4794,8.400000000000004);
#4796=LINE('',#4793,#4795);
#4797=EDGE_CURVE('',#4786,#4770,#4796,.T.);
#4798=ORIENTED_EDGE('',*,*,#4797,.T.);
#4799=EDGE_LOOP('',(#4776,#4784,#4792,#4798));
#4800=FACE_BOUND('',#4799,.T.);
#4801=CARTESIAN_POINT('',(49.599999999999966,11.900000000000006,100.0));
#4802=VERTEX_POINT('',#4801);
#4803=CARTESIAN_POINT('',(49.599999999999966,28.099999999999987,100.0));
#4804=VERTEX_POINT('',#4803);
#4805=CARTESIAN_POINT('',(49.599999999999980,11.900000000000006,100.0));
#4806=DIRECTION('',(0.0,1.0,0.0));
#4807=VECTOR('',#4806,16.199999999999982);
#4808=LINE('',#4805,#4807);
#4809=EDGE_CURVE('',#4802,#4804,#4808,.T.);
#4810=ORIENTED_EDGE('',*,*,#4809,.T.);
#4811=CARTESIAN_POINT('',(57.999999999999972,28.099999999999991,100.0));
#4812=VERTEX_POINT('',#4811);
#4813=CARTESIAN_POINT('',(57.999999999999972,28.099999999999991,100.0));
#4814=DIRECTION('',(-1.0,0.0,0.0));
#4815=VECTOR('',#4814,8.400000000000006);
#4816=LINE('',#4813,#4815);
#4817=EDGE_CURVE('',#4812,#4804,#4816,.T.);
#4818=ORIENTED_EDGE('',*,*,#4817,.F.);
#4819=CARTESIAN_POINT('',(57.999999999999972,11.900000000000004,100.0));
#4820=VERTEX_POINT('',#4819);
#4821=CARTESIAN_POINT('',(57.999999999999972,11.900000000000004,100.0));
#4822=DIRECTION('',(0.0,1.0,0.0));
#4823=VECTOR('',#4822,16.199999999999989);
#4824=LINE('',#4821,#4823);
#4825=EDGE_CURVE('',#4820,#4812,#4824,.T.);
#4826=ORIENTED_EDGE('',*,*,#4825,.F.);
#4827=CARTESIAN_POINT('',(49.599999999999966,11.900000000000006,100.0));
#4828=DIRECTION('',(1.0,0.0,0.0));
#4829=VECTOR('',#4828,8.400000000000006);
#4830=LINE('',#4827,#4829);
#4831=EDGE_CURVE('',#4802,#4820,#4830,.T.);
#4832=ORIENTED_EDGE('',*,*,#4831,.F.);
#4833=EDGE_LOOP('',(#4810,#4818,#4826,#4832));
#4834=FACE_BOUND('',#4833,.T.);
#4835=CARTESIAN_POINT('',(58.399999999999977,51.199999999999974,100.0));
#4836=VERTEX_POINT('',#4835);
#4837=CARTESIAN_POINT('',(51.199999999999982,51.199999999999967,100.0));
#4838=VERTEX_POINT('',#4837);
#4839=CARTESIAN_POINT('',(58.399999999999984,51.199999999999967,100.0));
#4840=DIRECTION('',(-1.0,0.0,0.0));
#4841=VECTOR('',#4840,7.199999999999996);
#4842=LINE('',#4839,#4841);
#4843=EDGE_CURVE('',#4836,#4838,#4842,.T.);
#4844=ORIENTED_EDGE('',*,*,#4843,.T.);
#4845=CARTESIAN_POINT('',(51.199999999999974,58.399999999999963,100.0));
#4846=VERTEX_POINT('',#4845);
#4847=CARTESIAN_POINT('',(51.199999999999974,51.199999999999960,100.0));
#4848=DIRECTION('',(0.0,1.0,0.0));
#4849=VECTOR('',#4848,7.200000000000003);
#4850=LINE('',#4847,#4849);
#4851=EDGE_CURVE('',#4838,#4846,#4850,.T.);
#4852=ORIENTED_EDGE('',*,*,#4851,.T.);
#4853=CARTESIAN_POINT('',(58.399999999999977,58.399999999999970,100.0));
#4854=VERTEX_POINT('',#4853);
#4855=CARTESIAN_POINT('',(51.199999999999974,58.399999999999970,100.0));
#4856=DIRECTION('',(1.0,0.0,0.0));
#4857=VECTOR('',#4856,7.200000000000010);
#4858=LINE('',#4855,#4857);
#4859=EDGE_CURVE('',#4846,#4854,#4858,.T.);
#4860=ORIENTED_EDGE('',*,*,#4859,.T.);
#4861=CARTESIAN_POINT('',(58.399999999999977,58.399999999999977,100.0));
#4862=DIRECTION('',(0.0,-1.0,0.0));
#4863=VECTOR('',#4862,7.200000000000003);
#4864=LINE('',#4861,#4863);
#4865=EDGE_CURVE('',#4854,#4836,#4864,.T.);
#4866=ORIENTED_EDGE('',*,*,#4865,.T.);
#4867=EDGE_LOOP('',(#4844,#4852,#4860,#4866));
#4868=FACE_BOUND('',#4867,.T.);
#4869=CARTESIAN_POINT('',(42.772819993737947,34.398752881515826,100.0));
#4870=VERTEX_POINT('',#4869);
#4871=CARTESIAN_POINT('',(37.227180006262024,34.398752881515826,100.0));
#4872=VERTEX_POINT('',#4871);
#4873=CARTESIAN_POINT('',(39.999999999999986,39.999999999999979,100.0));
#4874=DIRECTION('',(0.0,0.0,-1.0));
#4875=DIRECTION('',(0.0,-1.0,0.0));
#4876=AXIS2_PLACEMENT_3D('',#4873,#4874,#4875);
#4877=CIRCLE('',#4876,6.250000000000000);
#4878=EDGE_CURVE('',#4870,#4872,#4877,.T.);
#4879=ORIENTED_EDGE('',*,*,#4878,.T.);
#4880=CARTESIAN_POINT('',(36.641242789363886,33.812815664617688,100.0));
#4881=VERTEX_POINT('',#4880);
#4882=CARTESIAN_POINT('',(37.227180006262031,34.398752881515819,100.0));
#4883=DIRECTION('',(-0.707106781186548,-0.707106781186548,0.0));
#4884=VECTOR('',#4883,0.828640358836493);
#4885=LINE('',#4882,#4884);
#4886=EDGE_CURVE('',#4872,#4881,#4885,.T.);
#4887=ORIENTED_EDGE('',*,*,#4886,.T.);
#4888=CARTESIAN_POINT('',(33.812815664617695,36.641242789363879,100.0));
#4889=VERTEX_POINT('',#4888);
#4890=CARTESIAN_POINT('',(35.227029226990794,35.227029226990780,100.0));
#4891=DIRECTION('',(0.0,0.0,-1.0));
#4892=DIRECTION('',(-0.707106781186547,0.707106781186548,0.0));
#4893=AXIS2_PLACEMENT_3D('',#4890,#4891,#4892);
#4894=CIRCLE('',#4893,2.000000000000000);
#4895=EDGE_CURVE('',#4881,#4889,#4894,.T.);
#4896=ORIENTED_EDGE('',*,*,#4895,.T.);
#4897=CARTESIAN_POINT('',(34.398752881515833,37.227180006262017,100.0));
#4898=VERTEX_POINT('',#4897);
#4899=CARTESIAN_POINT('',(33.812815664617695,36.641242789363886,100.0));
#4900=DIRECTION('',(0.707106781186548,0.707106781186548,0.0));
#4901=VECTOR('',#4900,0.828640358836493);
#4902=LINE('',#4899,#4901);
#4903=EDGE_CURVE('',#4889,#4898,#4902,.T.);
#4904=ORIENTED_EDGE('',*,*,#4903,.T.);
#4905=CARTESIAN_POINT('',(34.398752881515833,42.772819993737940,100.0));
#4906=VERTEX_POINT('',#4905);
#4907=CARTESIAN_POINT('',(39.999999999999986,39.999999999999979,100.0));
#4908=DIRECTION('',(0.0,0.0,-1.0));
#4909=DIRECTION('',(-0.896199538957464,0.443651198998074,0.0));
#4910=AXIS2_PLACEMENT_3D('',#4907,#4908,#4909);
#4911=CIRCLE('',#4910,6.249999999999999);
#4912=EDGE_CURVE('',#4898,#4906,#4911,.T.);
#4913=ORIENTED_EDGE('',*,*,#4912,.T.);
#4914=CARTESIAN_POINT('',(33.812815664617695,43.358757210636078,100.0));
#4915=VERTEX_POINT('',#4914);
#4916=CARTESIAN_POINT('',(34.398752881515833,42.772819993737940,100.0));
#4917=DIRECTION('',(-0.707106781186548,0.707106781186548,0.0));
#4918=VECTOR('',#4917,0.828640358836493);
#4919=LINE('',#4916,#4918);
#4920=EDGE_CURVE('',#4906,#4915,#4919,.T.);
#4921=ORIENTED_EDGE('',*,*,#4920,.T.);
#4922=CARTESIAN_POINT('',(36.641242789363886,46.187184335382270,100.0));
#4923=VERTEX_POINT('',#4922);
#4924=CARTESIAN_POINT('',(35.227029226990794,44.772970773009177,100.0));
#4925=DIRECTION('',(0.0,0.0,-1.000000000000000));
#4926=DIRECTION('',(0.707106781186548,0.707106781186547,0.0));
#4927=AXIS2_PLACEMENT_3D('',#4924,#4925,#4926);
#4928=CIRCLE('',#4927,2.0);
#4929=EDGE_CURVE('',#4915,#4923,#4928,.T.);
#4930=ORIENTED_EDGE('',*,*,#4929,.T.);
#4931=CARTESIAN_POINT('',(37.227180006262024,45.601247118484132,100.0));
#4932=VERTEX_POINT('',#4931);
#4933=CARTESIAN_POINT('',(36.641242789363886,46.187184335382277,100.0));
#4934=DIRECTION('',(0.707106781186552,-0.707106781186543,0.0));
#4935=VECTOR('',#4934,0.828640358836498);
#4936=LINE('',#4933,#4935);
#4937=EDGE_CURVE('',#4923,#4932,#4936,.T.);
#4938=ORIENTED_EDGE('',*,*,#4937,.T.);
#4939=CARTESIAN_POINT('',(42.772819993737947,45.601247118484132,100.0));
#4940=VERTEX_POINT('',#4939);
#4941=CARTESIAN_POINT('',(39.999999999999986,39.999999999999979,100.0));
#4942=DIRECTION('',(0.0,0.0,-1.0));
#4943=DIRECTION('',(0.443651198998074,0.896199538957464,0.0));
#4944=AXIS2_PLACEMENT_3D('',#4941,#4942,#4943);
#4945=CIRCLE('',#4944,6.249999999999999);
#4946=EDGE_CURVE('',#4932,#4940,#4945,.T.);
#4947=ORIENTED_EDGE('',*,*,#4946,.T.);
#4948=CARTESIAN_POINT('',(43.358757210636085,46.187184335382270,100.0));
#4949=VERTEX_POINT('',#4948);
#4950=CARTESIAN_POINT('',(42.772819993737947,45.601247118484132,100.0));
#4951=DIRECTION('',(0.707106781186548,0.707106781186548,0.0));
#4952=VECTOR('',#4951,0.828640358836493);
#4953=LINE('',#4950,#4952);
#4954=EDGE_CURVE('',#4940,#4949,#4953,.T.);
#4955=ORIENTED_EDGE('',*,*,#4954,.T.);
#4956=CARTESIAN_POINT('',(46.187184335382277,43.358757210636078,100.0));
#4957=VERTEX_POINT('',#4956);
#4958=CARTESIAN_POINT('',(44.772970773009185,44.772970773009177,100.0));
#4959=DIRECTION('',(0.0,0.0,-1.000000000000000));
#4960=DIRECTION('',(0.707106781186547,-0.707106781186548,0.0));
#4961=AXIS2_PLACEMENT_3D('',#4958,#4959,#4960);
#4962=CIRCLE('',#4961,2.0);
#4963=EDGE_CURVE('',#4949,#4957,#4962,.T.);
#4964=ORIENTED_EDGE('',*,*,#4963,.T.);
#4965=CARTESIAN_POINT('',(45.601247118484139,42.772819993737940,100.0));
#4966=VERTEX_POINT('',#4965);
#4967=CARTESIAN_POINT('',(46.187184335382277,43.358757210636078,100.0));
#4968=DIRECTION('',(-0.707106781186548,-0.707106781186548,0.0));
#4969=VECTOR('',#4968,0.828640358836493);
#4970=LINE('',#4967,#4969);
#4971=EDGE_CURVE('',#4957,#4966,#4970,.T.);
#4972=ORIENTED_EDGE('',*,*,#4971,.T.);
#4973=CARTESIAN_POINT('',(45.601247118484139,37.227180006262017,100.0));
#4974=VERTEX_POINT('',#4973);
#4975=CARTESIAN_POINT('',(39.999999999999986,39.999999999999979,100.0));
#4976=DIRECTION('',(0.0,0.0,-1.0));
#4977=DIRECTION('',(0.896199538957464,-0.443651198998074,0.0));
#4978=AXIS2_PLACEMENT_3D('',#4975,#4976,#4977);
#4979=CIRCLE('',#4978,6.249999999999999);
#4980=EDGE_CURVE('',#4966,#4974,#4979,.T.);
#4981=ORIENTED_EDGE('',*,*,#4980,.T.);
#4982=CARTESIAN_POINT('',(46.187184335382277,36.641242789363879,100.0));
#4983=VERTEX_POINT('',#4982);
#4984=CARTESIAN_POINT('',(45.601247118484139,37.227180006262024,100.0));
#4985=DIRECTION('',(0.707106781186552,-0.707106781186543,0.0));
#4986=VECTOR('',#4985,0.828640358836498);
#4987=LINE('',#4984,#4986);
#4988=EDGE_CURVE('',#4974,#4983,#4987,.T.);
#4989=ORIENTED_EDGE('',*,*,#4988,.T.);
#4990=CARTESIAN_POINT('',(43.358757210636085,33.812815664617688,100.0));
#4991=VERTEX_POINT('',#4990);
#4992=CARTESIAN_POINT('',(44.772970773009185,35.227029226990780,100.0));
#4993=DIRECTION('',(0.0,0.0,-1.000000000000000));
#4994=DIRECTION('',(-0.707106781186548,-0.707106781186548,0.0));
#4995=AXIS2_PLACEMENT_3D('',#4992,#4993,#4994);
#4996=CIRCLE('',#4995,2.000000000000000);
#4997=EDGE_CURVE('',#4983,#4991,#4996,.T.);
#4998=ORIENTED_EDGE('',*,*,#4997,.T.);
#4999=CARTESIAN_POINT('',(43.358757210636085,33.812815664617688,100.0));
#5000=DIRECTION('',(-0.707106781186543,0.707106781186552,0.0));
#5001=VECTOR('',#5000,0.828640358836498);
#5002=LINE('',#4999,#5001);
#5003=EDGE_CURVE('',#4991,#4870,#5002,.T.);
#5004=ORIENTED_EDGE('',*,*,#5003,.T.);
#5005=EDGE_LOOP('',(#4879,#4887,#4896,#4904,#4913,#4921,#4930,#4938,#4947,#4955,#4964,#4972,#4981,#4989,#4998,#5004));
#5006=FACE_BOUND('',#5005,.T.);
#5007=CARTESIAN_POINT('',(-18.399999999999995,-11.199999999999989,100.0));
#5008=VERTEX_POINT('',#5007);
#5009=CARTESIAN_POINT('',(-11.199999999999994,-11.199999999999989,100.0));
#5010=VERTEX_POINT('',#5009);
#5011=CARTESIAN_POINT('',(-18.399999999999991,-11.199999999999990,100.0));
#5012=DIRECTION('',(1.0,0.0,0.0));
#5013=VECTOR('',#5012,7.199999999999998);
#5014=LINE('',#5011,#5013);
#5015=EDGE_CURVE('',#5008,#5010,#5014,.T.);
#5016=ORIENTED_EDGE('',*,*,#5015,.T.);
#5017=CARTESIAN_POINT('',(-11.199999999999996,-18.399999999999988,100.0));
#5018=VERTEX_POINT('',#5017);
#5019=CARTESIAN_POINT('',(-11.199999999999996,-11.199999999999987,100.0));
#5020=DIRECTION('',(0.0,-1.0,0.0));
#5021=VECTOR('',#5020,7.199999999999998);
#5022=LINE('',#5019,#5021);
#5023=EDGE_CURVE('',#5010,#5018,#5022,.T.);
#5024=ORIENTED_EDGE('',*,*,#5023,.T.);
#5025=CARTESIAN_POINT('',(-18.399999999999995,-18.399999999999988,100.0));
#5026=VERTEX_POINT('',#5025);
#5027=CARTESIAN_POINT('',(-11.199999999999996,-18.399999999999988,100.0));
#5028=DIRECTION('',(-1.0,0.0,0.0));
#5029=VECTOR('',#5028,7.200000000000003);
#5030=LINE('',#5027,#5029);
#5031=EDGE_CURVE('',#5018,#5026,#5030,.T.);
#5032=ORIENTED_EDGE('',*,*,#5031,.T.);
#5033=CARTESIAN_POINT('',(-18.399999999999995,-18.399999999999988,100.0));
#5034=DIRECTION('',(0.0,1.0,0.0));
#5035=VECTOR('',#5034,7.199999999999999);
#5036=LINE('',#5033,#5035);
#5037=EDGE_CURVE('',#5026,#5008,#5036,.T.);
#5038=ORIENTED_EDGE('',*,*,#5037,.T.);
#5039=EDGE_LOOP('',(#5016,#5024,#5032,#5038));
#5040=FACE_BOUND('',#5039,.T.);
#5041=CARTESIAN_POINT('',(-2.772819993737961,5.601247118484151,100.0));
#5042=VERTEX_POINT('',#5041);
#5043=CARTESIAN_POINT('',(2.772819993737963,5.601247118484153,100.0));
#5044=VERTEX_POINT('',#5043);
#5045=CARTESIAN_POINT('',(0.0,0.0,100.0));
#5046=DIRECTION('',(0.0,0.0,-1.0));
#5047=DIRECTION('',(0.0,1.0,0.0));
#5048=AXIS2_PLACEMENT_3D('',#5045,#5046,#5047);
#5049=CIRCLE('',#5048,6.250000000000000);
#5050=EDGE_CURVE('',#5042,#5044,#5049,.T.);
#5051=ORIENTED_EDGE('',*,*,#5050,.T.);
#5052=CARTESIAN_POINT('',(3.358757210636102,6.187184335382292,100.0));
#5053=VERTEX_POINT('',#5052);
#5054=CARTESIAN_POINT('',(2.772819993737963,5.601247118484153,100.0));
#5055=DIRECTION('',(0.707106781186547,0.707106781186548,0.0));
#5056=VECTOR('',#5055,0.828640358836495);
#5057=LINE('',#5054,#5056);
#5058=EDGE_CURVE('',#5044,#5053,#5057,.T.);
#5059=ORIENTED_EDGE('',*,*,#5058,.T.);
#5060=CARTESIAN_POINT('',(6.187184335382291,3.358757210636099,100.0));
#5061=VERTEX_POINT('',#5060);
#5062=CARTESIAN_POINT('',(4.772970773009198,4.772970773009194,100.0));
#5063=DIRECTION('',(0.0,0.0,-1.0));
#5064=DIRECTION('',(0.707106781186547,-0.707106781186548,0.0));
#5065=AXIS2_PLACEMENT_3D('',#5062,#5063,#5064);
#5066=CIRCLE('',#5065,2.000000000000000);
#5067=EDGE_CURVE('',#5053,#5061,#5066,.T.);
#5068=ORIENTED_EDGE('',*,*,#5067,.T.);
#5069=CARTESIAN_POINT('',(5.601247118484151,2.772819993737961,100.0));
#5070=VERTEX_POINT('',#5069);
#5071=CARTESIAN_POINT('',(6.187184335382293,3.358757210636099,100.0));
#5072=DIRECTION('',(-0.707106781186548,-0.707106781186548,0.0));
#5073=VECTOR('',#5072,0.828640358836495);
#5074=LINE('',#5071,#5073);
#5075=EDGE_CURVE('',#5061,#5070,#5074,.T.);
#5076=ORIENTED_EDGE('',*,*,#5075,.T.);
#5077=CARTESIAN_POINT('',(5.601247118484153,-2.772819993737963,100.0));
#5078=VERTEX_POINT('',#5077);
#5079=CARTESIAN_POINT('',(0.0,0.0,100.0));
#5080=DIRECTION('',(0.0,0.0,-1.0));
#5081=DIRECTION('',(0.896199538957464,-0.443651198998074,0.0));
#5082=AXIS2_PLACEMENT_3D('',#5079,#5080,#5081);
#5083=CIRCLE('',#5082,6.250000000000000);
#5084=EDGE_CURVE('',#5070,#5078,#5083,.T.);
#5085=ORIENTED_EDGE('',*,*,#5084,.T.);
#5086=CARTESIAN_POINT('',(6.187184335382292,-3.358757210636102,100.0));
#5087=VERTEX_POINT('',#5086);
#5088=CARTESIAN_POINT('',(5.601247118484155,-2.772819993737963,100.0));
#5089=DIRECTION('',(0.707106781186547,-0.707106781186548,0.0));
#5090=VECTOR('',#5089,0.828640358836493);
#5091=LINE('',#5088,#5090);
#5092=EDGE_CURVE('',#5078,#5087,#5091,.T.);
#5093=ORIENTED_EDGE('',*,*,#5092,.T.);
#5094=CARTESIAN_POINT('',(3.358757210636099,-6.187184335382291,100.0));
#5095=VERTEX_POINT('',#5094);
#5096=CARTESIAN_POINT('',(4.772970773009194,-4.772970773009198,100.0));
#5097=DIRECTION('',(0.0,0.0,-1.000000000000000));
#5098=DIRECTION('',(-0.707106781186548,-0.707106781186547,0.0));
#5099=AXIS2_PLACEMENT_3D('',#5096,#5097,#5098);
#5100=CIRCLE('',#5099,2.0);
#5101=EDGE_CURVE('',#5087,#5095,#5100,.T.);
#5102=ORIENTED_EDGE('',*,*,#5101,.T.);
#5103=CARTESIAN_POINT('',(2.772819993737961,-5.601247118484151,100.0));
#5104=VERTEX_POINT('',#5103);
#5105=CARTESIAN_POINT('',(3.358757210636103,-6.187184335382293,100.0));
#5106=DIRECTION('',(-0.707106781186548,0.707106781186547,0.0));
#5107=VECTOR('',#5106,0.828640358836498);
#5108=LINE('',#5105,#5107);
#5109=EDGE_CURVE('',#5095,#5104,#5108,.T.);
#5110=ORIENTED_EDGE('',*,*,#5109,.T.);
#5111=CARTESIAN_POINT('',(-2.772819993737962,-5.601247118484153,100.0));
#5112=VERTEX_POINT('',#5111);
#5113=CARTESIAN_POINT('',(0.0,0.0,100.0));
#5114=DIRECTION('',(0.0,0.0,-1.0));
#5115=DIRECTION('',(-0.443651198998074,-0.896199538957464,0.0));
#5116=AXIS2_PLACEMENT_3D('',#5113,#5114,#5115);
#5117=CIRCLE('',#5116,6.249999999999999);
#5118=EDGE_CURVE('',#5104,#5112,#5117,.T.);
#5119=ORIENTED_EDGE('',*,*,#5118,.T.);
#5120=CARTESIAN_POINT('',(-3.358757210636101,-6.187184335382292,100.0));
#5121=VERTEX_POINT('',#5120);
#5122=CARTESIAN_POINT('',(-2.772819993737962,-5.601247118484153,100.0));
#5123=DIRECTION('',(-0.707106781186548,-0.707106781186548,0.0));
#5124=VECTOR('',#5123,0.828640358836495);
#5125=LINE('',#5122,#5124);
#5126=EDGE_CURVE('',#5112,#5121,#5125,.T.);
#5127=ORIENTED_EDGE('',*,*,#5126,.T.);
#5128=CARTESIAN_POINT('',(-6.187184335382291,-3.358757210636100,100.0));
#5129=VERTEX_POINT('',#5128);
#5130=CARTESIAN_POINT('',(-4.772970773009197,-4.772970773009194,100.0));
#5131=DIRECTION('',(0.0,0.0,-1.000000000000000));
#5132=DIRECTION('',(-0.707106781186547,0.707106781186548,0.0));
#5133=AXIS2_PLACEMENT_3D('',#5130,#5131,#5132);
#5134=CIRCLE('',#5133,2.0);
#5135=EDGE_CURVE('',#5121,#5129,#5134,.T.);
#5136=ORIENTED_EDGE('',*,*,#5135,.T.);
#5137=CARTESIAN_POINT('',(-5.601247118484151,-2.772819993737961,100.0));
#5138=VERTEX_POINT('',#5137);
#5139=CARTESIAN_POINT('',(-6.187184335382289,-3.358757210636101,100.0));
#5140=DIRECTION('',(0.707106781186547,0.707106781186547,0.0));
#5141=VECTOR('',#5140,0.828640358836494);
#5142=LINE('',#5139,#5141);
#5143=EDGE_CURVE('',#5129,#5138,#5142,.T.);
#5144=ORIENTED_EDGE('',*,*,#5143,.T.);
#5145=CARTESIAN_POINT('',(-5.601247118484153,2.772819993737961,100.0));
#5146=VERTEX_POINT('',#5145);
#5147=CARTESIAN_POINT('',(0.0,0.0,100.0));
#5148=DIRECTION('',(0.0,0.0,-1.0));
#5149=DIRECTION('',(-0.896199538957464,0.443651198998074,0.0));
#5150=AXIS2_PLACEMENT_3D('',#5147,#5148,#5149);
#5151=CIRCLE('',#5150,6.249999999999999);
#5152=EDGE_CURVE('',#5138,#5146,#5151,.T.);
#5153=ORIENTED_EDGE('',*,*,#5152,.T.);
#5154=CARTESIAN_POINT('',(-6.187184335382292,3.358757210636101,100.0));
#5155=VERTEX_POINT('',#5154);
#5156=CARTESIAN_POINT('',(-5.601247118484154,2.772819993737961,100.0));
#5157=DIRECTION('',(-0.707106781186547,0.707106781186547,0.0));
#5158=VECTOR('',#5157,0.828640358836494);
#5159=LINE('',#5156,#5158);
#5160=EDGE_CURVE('',#5146,#5155,#5159,.T.);
#5161=ORIENTED_EDGE('',*,*,#5160,.T.);
#5162=CARTESIAN_POINT('',(-3.358757210636101,6.187184335382291,100.0));
#5163=VERTEX_POINT('',#5162);
#5164=CARTESIAN_POINT('',(-4.772970773009195,4.772970773009197,100.0));
#5165=DIRECTION('',(0.0,0.0,-1.000000000000000));
#5166=DIRECTION('',(0.707106781186548,0.707106781186547,0.0));
#5167=AXIS2_PLACEMENT_3D('',#5164,#5165,#5166);
#5168=CIRCLE('',#5167,2.0);
#5169=EDGE_CURVE('',#5155,#5163,#5168,.T.);
#5170=ORIENTED_EDGE('',*,*,#5169,.T.);
#5171=CARTESIAN_POINT('',(-3.358757210636101,6.187184335382290,100.0));
#5172=DIRECTION('',(0.707106781186548,-0.707106781186548,0.0));
#5173=VECTOR('',#5172,0.828640358836495);
#5174=LINE('',#5171,#5173);
#5175=EDGE_CURVE('',#5163,#5042,#5174,.T.);
#5176=ORIENTED_EDGE('',*,*,#5175,.T.);
#5177=EDGE_LOOP('',(#5051,#5059,#5068,#5076,#5085,#5093,#5102,#5110,#5119,#5127,#5136,#5144,#5153,#5161,#5170,#5176));
#5178=FACE_BOUND('',#5177,.T.);
#5179=CARTESIAN_POINT('',(-11.199999999999983,51.199999999999974,100.0));
#5180=VERTEX_POINT('',#5179);
#5181=CARTESIAN_POINT('',(-18.399999999999984,51.199999999999974,100.0));
#5182=VERTEX_POINT('',#5181);
#5183=CARTESIAN_POINT('',(-11.199999999999983,51.199999999999974,100.0));
#5184=DIRECTION('',(-1.0,0.0,0.0));
#5185=VECTOR('',#5184,7.200000000000001);
#5186=LINE('',#5183,#5185);
#5187=EDGE_CURVE('',#5180,#5182,#5186,.T.);
#5188=ORIENTED_EDGE('',*,*,#5187,.T.);
#5189=CARTESIAN_POINT('',(-18.399999999999981,58.399999999999977,100.0));
#5190=VERTEX_POINT('',#5189);
#5191=CARTESIAN_POINT('',(-18.399999999999984,51.199999999999974,100.0));
#5192=DIRECTION('',(0.0,1.0,0.0));
#5193=VECTOR('',#5192,7.200000000000003);
#5194=LINE('',#5191,#5193);
#5195=EDGE_CURVE('',#5182,#5190,#5194,.T.);
#5196=ORIENTED_EDGE('',*,*,#5195,.T.);
#5197=CARTESIAN_POINT('',(-11.199999999999982,58.399999999999970,100.0));
#5198=VERTEX_POINT('',#5197);
#5199=CARTESIAN_POINT('',(-18.399999999999981,58.399999999999977,100.0));
#5200=DIRECTION('',(1.0,0.0,0.0));
#5201=VECTOR('',#5200,7.199999999999999);
#5202=LINE('',#5199,#5201);
#5203=EDGE_CURVE('',#5190,#5198,#5202,.T.);
#5204=ORIENTED_EDGE('',*,*,#5203,.T.);
#5205=CARTESIAN_POINT('',(-11.199999999999982,58.399999999999977,100.0));
#5206=DIRECTION('',(0.0,-1.0,0.0));
#5207=VECTOR('',#5206,7.200000000000003);
#5208=LINE('',#5205,#5207);
#5209=EDGE_CURVE('',#5198,#5180,#5208,.T.);
#5210=ORIENTED_EDGE('',*,*,#5209,.T.);
#5211=EDGE_LOOP('',(#5188,#5196,#5204,#5210));
#5212=FACE_BOUND('',#5211,.T.);
#5213=CARTESIAN_POINT('',(2.772819993737968,34.398752881515826,100.0));
#5214=VERTEX_POINT('',#5213);
#5215=CARTESIAN_POINT('',(-2.772819993737957,34.398752881515833,100.0));
#5216=VERTEX_POINT('',#5215);
#5217=CARTESIAN_POINT('',(7.347881E-015,39.999999999999986,100.0));
#5218=DIRECTION('',(0.0,0.0,-1.0));
#5219=DIRECTION('',(0.443651198998074,-0.896199538957464,0.0));
#5220=AXIS2_PLACEMENT_3D('',#5217,#5218,#5219);
#5221=CIRCLE('',#5220,6.250000000000001);
#5222=EDGE_CURVE('',#5214,#5216,#5221,.T.);
#5223=ORIENTED_EDGE('',*,*,#5222,.T.);
#5224=CARTESIAN_POINT('',(-3.358757210636096,33.812815664617695,100.0));
#5225=VERTEX_POINT('',#5224);
#5226=CARTESIAN_POINT('',(-2.772819993737957,34.398752881515833,100.0));
#5227=DIRECTION('',(-0.707106781186548,-0.707106781186547,0.0));
#5228=VECTOR('',#5227,0.828640358836493);
#5229=LINE('',#5226,#5228);
#5230=EDGE_CURVE('',#5216,#5225,#5229,.T.);
#5231=ORIENTED_EDGE('',*,*,#5230,.T.);
#5232=CARTESIAN_POINT('',(-6.187184335382286,36.641242789363886,100.0));
#5233=VERTEX_POINT('',#5232);
#5234=CARTESIAN_POINT('',(-4.772970773009190,35.227029226990787,100.0));
#5235=DIRECTION('',(0.0,0.0,-1.000000000000000));
#5236=DIRECTION('',(0.707106781186547,-0.707106781186548,0.0));
#5237=AXIS2_PLACEMENT_3D('',#5234,#5235,#5236);
#5238=CIRCLE('',#5237,2.0);
#5239=EDGE_CURVE('',#5225,#5233,#5238,.T.);
#5240=ORIENTED_EDGE('',*,*,#5239,.T.);
#5241=CARTESIAN_POINT('',(-5.601247118484146,37.227180006262024,100.0));
#5242=VERTEX_POINT('',#5241);
#5243=CARTESIAN_POINT('',(-6.187184335382283,36.641242789363886,100.0));
#5244=DIRECTION('',(0.707106781186549,0.707106781186546,0.0));
#5245=VECTOR('',#5244,0.828640358836495);
#5246=LINE('',#5243,#5245);
#5247=EDGE_CURVE('',#5233,#5242,#5246,.T.);
#5248=ORIENTED_EDGE('',*,*,#5247,.T.);
#5249=CARTESIAN_POINT('',(-5.601247118484142,42.772819993737947,100.0));
#5250=VERTEX_POINT('',#5249);
#5251=CARTESIAN_POINT('',(7.347881E-015,39.999999999999986,100.0));
#5252=DIRECTION('',(0.0,0.0,-1.0));
#5253=DIRECTION('',(-1.0,0.0,0.0));
#5254=AXIS2_PLACEMENT_3D('',#5251,#5252,#5253);
#5255=CIRCLE('',#5254,6.250000000000000);
#5256=EDGE_CURVE('',#5242,#5250,#5255,.T.);
#5257=ORIENTED_EDGE('',*,*,#5256,.T.);
#5258=CARTESIAN_POINT('',(-6.187184335382282,43.358757210636085,100.0));
#5259=VERTEX_POINT('',#5258);
#5260=CARTESIAN_POINT('',(-5.601247118484143,42.772819993737947,100.0));
#5261=DIRECTION('',(-0.707106781186548,0.707106781186548,0.0));
#5262=VECTOR('',#5261,0.828640358836493);
#5263=LINE('',#5260,#5262);
#5264=EDGE_CURVE('',#5250,#5259,#5263,.T.);
#5265=ORIENTED_EDGE('',*,*,#5264,.T.);
#5266=CARTESIAN_POINT('',(-3.358757210636092,46.187184335382277,100.0));
#5267=VERTEX_POINT('',#5266);
#5268=CARTESIAN_POINT('',(-4.772970773009188,44.772970773009177,100.0));
#5269=DIRECTION('',(0.0,0.0,-1.000000000000000));
#5270=DIRECTION('',(-0.707106781186548,-0.707106781186547,0.0));
#5271=AXIS2_PLACEMENT_3D('',#5268,#5269,#5270);
#5272=CIRCLE('',#5271,2.0);
#5273=EDGE_CURVE('',#5259,#5267,#5272,.T.);
#5274=ORIENTED_EDGE('',*,*,#5273,.T.);
#5275=CARTESIAN_POINT('',(-2.772819993737953,45.601247118484132,100.0));
#5276=VERTEX_POINT('',#5275);
#5277=CARTESIAN_POINT('',(-3.358757210636090,46.187184335382284,100.0));
#5278=DIRECTION('',(0.707106781186545,-0.707106781186550,0.0));
#5279=VECTOR('',#5278,0.828640358836500);
#5280=LINE('',#5277,#5279);
#5281=EDGE_CURVE('',#5267,#5276,#5280,.T.);
#5282=ORIENTED_EDGE('',*,*,#5281,.T.);
#5283=CARTESIAN_POINT('',(2.772819993737970,45.601247118484132,100.0));
#5284=VERTEX_POINT('',#5283);
#5285=CARTESIAN_POINT('',(7.347881E-015,39.999999999999986,100.0));
#5286=DIRECTION('',(0.0,0.0,-1.0));
#5287=DIRECTION('',(-0.443651198998073,0.896199538957464,0.0));
#5288=AXIS2_PLACEMENT_3D('',#5285,#5286,#5287);
#5289=CIRCLE('',#5288,6.250000000000001);
#5290=EDGE_CURVE('',#5276,#5284,#5289,.T.);
#5291=ORIENTED_EDGE('',*,*,#5290,.T.);
#5292=CARTESIAN_POINT('',(3.358757210636109,46.187184335382270,100.0));
#5293=VERTEX_POINT('',#5292);
#5294=CARTESIAN_POINT('',(2.772819993737972,45.601247118484132,100.0));
#5295=DIRECTION('',(0.707106781186549,0.707106781186546,0.0));
#5296=VECTOR('',#5295,0.828640358836494);
#5297=LINE('',#5294,#5296);
#5298=EDGE_CURVE('',#5284,#5293,#5297,.T.);
#5299=ORIENTED_EDGE('',*,*,#5298,.T.);
#5300=CARTESIAN_POINT('',(6.187184335382301,43.358757210636085,100.0));
#5301=VERTEX_POINT('',#5300);
#5302=CARTESIAN_POINT('',(4.772970773009203,44.772970773009177,100.0));
#5303=DIRECTION('',(0.0,0.0,-1.000000000000000));
#5304=DIRECTION('',(-0.707106781186547,0.707106781186548,0.0));
#5305=AXIS2_PLACEMENT_3D('',#5302,#5303,#5304);
#5306=CIRCLE('',#5305,2.0);
#5307=EDGE_CURVE('',#5293,#5301,#5306,.T.);
#5308=ORIENTED_EDGE('',*,*,#5307,.T.);
#5309=CARTESIAN_POINT('',(5.601247118484162,42.772819993737947,100.0));
#5310=VERTEX_POINT('',#5309);
#5311=CARTESIAN_POINT('',(6.187184335382303,43.358757210636085,100.0));
#5312=DIRECTION('',(-0.707106781186552,-0.707106781186543,0.0));
#5313=VECTOR('',#5312,0.828640358836488);
#5314=LINE('',#5311,#5313);
#5315=EDGE_CURVE('',#5301,#5310,#5314,.T.);
#5316=ORIENTED_EDGE('',*,*,#5315,.T.);
#5317=CARTESIAN_POINT('',(5.601247118484158,37.227180006262017,100.0));
#5318=VERTEX_POINT('',#5317);
#5319=CARTESIAN_POINT('',(7.347881E-015,39.999999999999986,100.0));
#5320=DIRECTION('',(0.0,0.0,-1.0));
#5321=DIRECTION('',(0.896199538957464,0.443651198998074,0.0));
#5322=AXIS2_PLACEMENT_3D('',#5319,#5320,#5321);
#5323=CIRCLE('',#5322,6.250000000000001);
#5324=EDGE_CURVE('',#5310,#5318,#5323,.T.);
#5325=ORIENTED_EDGE('',*,*,#5324,.T.);
#5326=CARTESIAN_POINT('',(6.187184335382297,36.641242789363879,100.0));
#5327=VERTEX_POINT('',#5326);
#5328=CARTESIAN_POINT('',(5.601247118484162,37.227180006262024,100.0));
#5329=DIRECTION('',(0.707106781186544,-0.707106781186551,0.0));
#5330=VECTOR('',#5329,0.828640358836498);
#5331=LINE('',#5328,#5330);
#5332=EDGE_CURVE('',#5318,#5327,#5331,.T.);
#5333=ORIENTED_EDGE('',*,*,#5332,.T.);
#5334=CARTESIAN_POINT('',(3.358757210636107,33.812815664617688,100.0));
#5335=VERTEX_POINT('',#5334);
#5336=CARTESIAN_POINT('',(4.772970773009203,35.227029226990787,100.0));
#5337=DIRECTION('',(0.0,0.0,-1.000000000000000));
#5338=DIRECTION('',(0.707106781186548,0.707106781186548,0.0));
#5339=AXIS2_PLACEMENT_3D('',#5336,#5337,#5338);
#5340=CIRCLE('',#5339,2.000000000000000);
#5341=EDGE_CURVE('',#5327,#5335,#5340,.T.);
#5342=ORIENTED_EDGE('',*,*,#5341,.T.);
#5343=CARTESIAN_POINT('',(3.358757210636107,33.812815664617688,100.0));
#5344=DIRECTION('',(-0.707106781186548,0.707106781186547,0.0));
#5345=VECTOR('',#5344,0.828640358836493);
#5346=LINE('',#5343,#5345);
#5347=EDGE_CURVE('',#5335,#5214,#5346,.T.);
#5348=ORIENTED_EDGE('',*,*,#5347,.T.);
#5349=EDGE_LOOP('',(#5223,#5231,#5240,#5248,#5257,#5265,#5274,#5282,#5291,#5299,#5308,#5316,#5325,#5333,#5342,#5348));
#5350=FACE_BOUND('',#5349,.T.);
#5351=CARTESIAN_POINT('',(51.199999999999974,-11.199999999999994,100.0));
#5352=VERTEX_POINT('',#5351);
#5353=CARTESIAN_POINT('',(58.399999999999970,-11.199999999999999,100.0));
#5354=VERTEX_POINT('',#5353);
#5355=CARTESIAN_POINT('',(51.199999999999974,-11.199999999999994,100.0));
#5356=DIRECTION('',(1.0,0.0,0.0));
#5357=VECTOR('',#5356,7.199999999999996);
#5358=LINE('',#5355,#5357);
#5359=EDGE_CURVE('',#5352,#5354,#5358,.T.);
#5360=ORIENTED_EDGE('',*,*,#5359,.T.);
#5361=CARTESIAN_POINT('',(58.399999999999970,-18.399999999999999,100.0));
#5362=VERTEX_POINT('',#5361);
#5363=CARTESIAN_POINT('',(58.399999999999977,-11.199999999999999,100.0));
#5364=DIRECTION('',(0.0,-1.0,0.0));
#5365=VECTOR('',#5364,7.199999999999999);
#5366=LINE('',#5363,#5365);
#5367=EDGE_CURVE('',#5354,#5362,#5366,.T.);
#5368=ORIENTED_EDGE('',*,*,#5367,.T.);
#5369=CARTESIAN_POINT('',(51.199999999999974,-18.399999999999995,100.0));
#5370=VERTEX_POINT('',#5369);
#5371=CARTESIAN_POINT('',(58.399999999999977,-18.399999999999999,100.0));
#5372=DIRECTION('',(-1.0,0.0,0.0));
#5373=VECTOR('',#5372,7.200000000000003);
#5374=LINE('',#5371,#5373);
#5375=EDGE_CURVE('',#5362,#5370,#5374,.T.);
#5376=ORIENTED_EDGE('',*,*,#5375,.T.);
#5377=CARTESIAN_POINT('',(51.199999999999974,-18.399999999999991,100.0));
#5378=DIRECTION('',(0.0,1.0,0.0));
#5379=VECTOR('',#5378,7.199999999999998);
#5380=LINE('',#5377,#5379);
#5381=EDGE_CURVE('',#5370,#5352,#5380,.T.);
#5382=ORIENTED_EDGE('',*,*,#5381,.T.);
#5383=EDGE_LOOP('',(#5360,#5368,#5376,#5382));
#5384=FACE_BOUND('',#5383,.T.);
#5385=CARTESIAN_POINT('',(37.227180006262024,5.601247118484149,100.0));
#5386=VERTEX_POINT('',#5385);
#5387=CARTESIAN_POINT('',(42.772819993737947,5.601247118484146,100.0));
#5388=VERTEX_POINT('',#5387);
#5389=CARTESIAN_POINT('',(39.999999999999986,-4.898587E-015,100.0));
#5390=DIRECTION('',(0.0,0.0,-1.0));
#5391=DIRECTION('',(-0.443651198998074,0.896199538957464,0.0));
#5392=AXIS2_PLACEMENT_3D('',#5389,#5390,#5391);
#5393=CIRCLE('',#5392,6.249999999999999);
#5394=EDGE_CURVE('',#5386,#5388,#5393,.T.);
#5395=ORIENTED_EDGE('',*,*,#5394,.T.);
#5396=CARTESIAN_POINT('',(43.358757210636085,6.187184335382286,100.0));
#5397=VERTEX_POINT('',#5396);
#5398=CARTESIAN_POINT('',(42.772819993737947,5.601247118484146,100.0));
#5399=DIRECTION('',(0.707106781186548,0.707106781186548,0.0));
#5400=VECTOR('',#5399,0.828640358836493);
#5401=LINE('',#5398,#5400);
#5402=EDGE_CURVE('',#5388,#5397,#5401,.T.);
#5403=ORIENTED_EDGE('',*,*,#5402,.T.);
#5404=CARTESIAN_POINT('',(46.187184335382277,3.358757210636094,100.0));
#5405=VERTEX_POINT('',#5404);
#5406=CARTESIAN_POINT('',(44.772970773009177,4.772970773009191,100.0));
#5407=DIRECTION('',(0.0,0.0,-1.000000000000000));
#5408=DIRECTION('',(-0.707106781186548,0.707106781186548,0.0));
#5409=AXIS2_PLACEMENT_3D('',#5406,#5407,#5408);
#5410=CIRCLE('',#5409,2.000000000000000);
#5411=EDGE_CURVE('',#5397,#5405,#5410,.T.);
#5412=ORIENTED_EDGE('',*,*,#5411,.T.);
#5413=CARTESIAN_POINT('',(45.601247118484132,2.772819993737956,100.0));
#5414=VERTEX_POINT('',#5413);
#5415=CARTESIAN_POINT('',(46.187184335382277,3.358757210636093,100.0));
#5416=DIRECTION('',(-0.707106781186545,-0.707106781186550,0.0));
#5417=VECTOR('',#5416,0.828640358836496);
#5418=LINE('',#5415,#5417);
#5419=EDGE_CURVE('',#5405,#5414,#5418,.T.);
#5420=ORIENTED_EDGE('',*,*,#5419,.T.);
#5421=CARTESIAN_POINT('',(45.601247118484132,-2.772819993737968,100.0));
#5422=VERTEX_POINT('',#5421);
#5423=CARTESIAN_POINT('',(39.999999999999986,-4.898587E-015,100.0));
#5424=DIRECTION('',(0.0,0.0,-1.0));
#5425=DIRECTION('',(1.0,0.0,0.0));
#5426=AXIS2_PLACEMENT_3D('',#5423,#5424,#5425);
#5427=CIRCLE('',#5426,6.250000000000000);
#5428=EDGE_CURVE('',#5414,#5422,#5427,.T.);
#5429=ORIENTED_EDGE('',*,*,#5428,.T.);
#5430=CARTESIAN_POINT('',(46.187184335382270,-3.358757210636107,100.0));
#5431=VERTEX_POINT('',#5430);
#5432=CARTESIAN_POINT('',(45.601247118484132,-2.772819993737969,100.0));
#5433=DIRECTION('',(0.707106781186547,-0.707106781186548,0.0));
#5434=VECTOR('',#5433,0.828640358836494);
#5435=LINE('',#5432,#5434);
#5436=EDGE_CURVE('',#5422,#5431,#5435,.T.);
#5437=ORIENTED_EDGE('',*,*,#5436,.T.);
#5438=CARTESIAN_POINT('',(43.358757210636085,-6.187184335382297,100.0));
#5439=VERTEX_POINT('',#5438);
#5440=CARTESIAN_POINT('',(44.772970773009177,-4.772970773009202,100.0));
#5441=DIRECTION('',(0.0,0.0,-1.000000000000000));
#5442=DIRECTION('',(0.707106781186548,0.707106781186548,0.0));
#5443=AXIS2_PLACEMENT_3D('',#5440,#5441,#5442);
#5444=CIRCLE('',#5443,2.000000000000000);
#5445=EDGE_CURVE('',#5431,#5439,#5444,.T.);
#5446=ORIENTED_EDGE('',*,*,#5445,.T.);
#5447=CARTESIAN_POINT('',(42.772819993737947,-5.601247118484158,100.0));
#5448=VERTEX_POINT('',#5447);
#5449=CARTESIAN_POINT('',(43.358757210636085,-6.187184335382297,100.0));
#5450=DIRECTION('',(-0.707106781186547,0.707106781186548,0.0));
#5451=VECTOR('',#5450,0.828640358836493);
#5452=LINE('',#5449,#5451);
#5453=EDGE_CURVE('',#5439,#5448,#5452,.T.);
#5454=ORIENTED_EDGE('',*,*,#5453,.T.);
#5455=CARTESIAN_POINT('',(37.227180006262024,-5.601247118484157,100.0));
#5456=VERTEX_POINT('',#5455);
#5457=CARTESIAN_POINT('',(39.999999999999986,-4.898587E-015,100.0));
#5458=DIRECTION('',(0.0,0.0,-1.000000000000000));
#5459=DIRECTION('',(0.443651198998074,-0.896199538957464,0.0));
#5460=AXIS2_PLACEMENT_3D('',#5457,#5458,#5459);
#5461=CIRCLE('',#5460,6.249999999999998);
#5462=EDGE_CURVE('',#5448,#5456,#5461,.T.);
#5463=ORIENTED_EDGE('',*,*,#5462,.T.);
#5464=CARTESIAN_POINT('',(36.641242789363879,-6.187184335382295,100.0));
#5465=VERTEX_POINT('',#5464);
#5466=CARTESIAN_POINT('',(37.227180006262017,-5.601247118484157,100.0));
#5467=DIRECTION('',(-0.707106781186545,-0.707106781186550,0.0));
#5468=VECTOR('',#5467,0.828640358836495);
#5469=LINE('',#5466,#5468);
#5470=EDGE_CURVE('',#5456,#5465,#5469,.T.);
#5471=ORIENTED_EDGE('',*,*,#5470,.T.);
#5472=CARTESIAN_POINT('',(33.812815664617688,-3.358757210636105,100.0));
#5473=VERTEX_POINT('',#5472);
#5474=CARTESIAN_POINT('',(35.227029226990787,-4.772970773009202,100.0));
#5475=DIRECTION('',(0.0,0.0,-1.000000000000000));
#5476=DIRECTION('',(0.707106781186548,-0.707106781186548,0.0));
#5477=AXIS2_PLACEMENT_3D('',#5474,#5475,#5476);
#5478=CIRCLE('',#5477,2.000000000000000);
#5479=EDGE_CURVE('',#5465,#5473,#5478,.T.);
#5480=ORIENTED_EDGE('',*,*,#5479,.T.);
#5481=CARTESIAN_POINT('',(34.398752881515826,-2.772819993737966,100.0));
#5482=VERTEX_POINT('',#5481);
#5483=CARTESIAN_POINT('',(33.812815664617688,-3.358757210636109,100.0));
#5484=DIRECTION('',(0.707106781186546,0.707106781186549,0.0));
#5485=VECTOR('',#5484,0.828640358836494);
#5486=LINE('',#5483,#5485);
#5487=EDGE_CURVE('',#5473,#5482,#5486,.T.);
#5488=ORIENTED_EDGE('',*,*,#5487,.T.);
#5489=CARTESIAN_POINT('',(34.398752881515833,2.772819993737957,100.0));
#5490=VERTEX_POINT('',#5489);
#5491=CARTESIAN_POINT('',(39.999999999999986,-4.898587E-015,100.0));
#5492=DIRECTION('',(0.0,0.0,-1.0));
#5493=DIRECTION('',(-0.896199538957464,-0.443651198998074,0.0));
#5494=AXIS2_PLACEMENT_3D('',#5491,#5492,#5493);
#5495=CIRCLE('',#5494,6.249999999999999);
#5496=EDGE_CURVE('',#5482,#5490,#5495,.T.);
#5497=ORIENTED_EDGE('',*,*,#5496,.T.);
#5498=CARTESIAN_POINT('',(33.812815664617695,3.358757210636096,100.0));
#5499=VERTEX_POINT('',#5498);
#5500=CARTESIAN_POINT('',(34.398752881515833,2.772819993737958,100.0));
#5501=DIRECTION('',(-0.707106781186547,0.707106781186548,0.0));
#5502=VECTOR('',#5501,0.828640358836493);
#5503=LINE('',#5500,#5502);
#5504=EDGE_CURVE('',#5490,#5499,#5503,.T.);
#5505=ORIENTED_EDGE('',*,*,#5504,.T.);
#5506=CARTESIAN_POINT('',(36.641242789363886,6.187184335382288,100.0));
#5507=VERTEX_POINT('',#5506);
#5508=CARTESIAN_POINT('',(35.227029226990787,4.772970773009191,100.0));
#5509=DIRECTION('',(0.0,0.0,-1.000000000000000));
#5510=DIRECTION('',(-0.707106781186547,-0.707106781186548,0.0));
#5511=AXIS2_PLACEMENT_3D('',#5508,#5509,#5510);
#5512=CIRCLE('',#5511,2.0);
#5513=EDGE_CURVE('',#5499,#5507,#5512,.T.);
#5514=ORIENTED_EDGE('',*,*,#5513,.T.);
#5515=CARTESIAN_POINT('',(36.641242789363886,6.187184335382288,100.0));
#5516=DIRECTION('',(0.707106781186547,-0.707106781186548,0.0));
#5517=VECTOR('',#5516,0.828640358836493);
#5518=LINE('',#5515,#5517);
#5519=EDGE_CURVE('',#5507,#5386,#5518,.T.);
#5520=ORIENTED_EDGE('',*,*,#5519,.T.);
#5521=EDGE_LOOP('',(#5395,#5403,#5412,#5420,#5429,#5437,#5446,#5454,#5463,#5471,#5480,#5488,#5497,#5505,#5514,#5520));
#5522=FACE_BOUND('',#5521,.T.);
#5523=CARTESIAN_POINT('',(28.099999999999987,-9.599999999999994,100.0));
#5524=VERTEX_POINT('',#5523);
#5525=CARTESIAN_POINT('',(11.899999999999999,-9.599999999999987,100.0));
#5526=VERTEX_POINT('',#5525);
#5527=CARTESIAN_POINT('',(28.099999999999987,-9.599999999999989,100.0));
#5528=DIRECTION('',(-1.0,0.0,0.0));
#5529=VECTOR('',#5528,16.199999999999989);
#5530=LINE('',#5527,#5529);
#5531=EDGE_CURVE('',#5524,#5526,#5530,.T.);
#5532=ORIENTED_EDGE('',*,*,#5531,.F.);
#5533=CARTESIAN_POINT('',(28.099999999999984,-18.0,100.0));
#5534=VERTEX_POINT('',#5533);
#5535=CARTESIAN_POINT('',(28.099999999999984,-18.0,100.0));
#5536=DIRECTION('',(0.0,1.0,0.0));
#5537=VECTOR('',#5536,8.400000000000004);
#5538=LINE('',#5535,#5537);
#5539=EDGE_CURVE('',#5534,#5524,#5538,.T.);
#5540=ORIENTED_EDGE('',*,*,#5539,.F.);
#5541=CARTESIAN_POINT('',(11.899999999999995,-17.999999999999996,100.0));
#5542=VERTEX_POINT('',#5541);
#5543=CARTESIAN_POINT('',(11.899999999999995,-17.999999999999996,100.0));
#5544=DIRECTION('',(1.0,0.0,0.0));
#5545=VECTOR('',#5544,16.199999999999989);
#5546=LINE('',#5543,#5545);
#5547=EDGE_CURVE('',#5542,#5534,#5546,.T.);
#5548=ORIENTED_EDGE('',*,*,#5547,.F.);
#5549=CARTESIAN_POINT('',(11.899999999999999,-9.599999999999987,100.0));
#5550=DIRECTION('',(0.0,-1.0,0.0));
#5551=VECTOR('',#5550,8.400000000000009);
#5552=LINE('',#5549,#5551);
#5553=EDGE_CURVE('',#5526,#5542,#5552,.T.);
#5554=ORIENTED_EDGE('',*,*,#5553,.F.);
#5555=EDGE_LOOP('',(#5532,#5540,#5548,#5554));
#5556=FACE_BOUND('',#5555,.T.);
#5557=ADVANCED_FACE('',(#4526,#4732,#4766,#4800,#4834,#4868,#5006,#5040,#5178,#5212,#5350,#5384,#5522,#5556),#2890,.F.);
#5558=CARTESIAN_POINT('',(-18.999999999999982,58.999999999999979,0.0));
#5559=DIRECTION('',(0.0,0.0,1.0));
#5560=DIRECTION('',(-0.707106781186549,0.707106781186546,0.0));
#5561=AXIS2_PLACEMENT_3D('',#5558,#5559,#5560);
#5562=CYLINDRICAL_SURFACE('',#5561,1.000000000000000);
#5563=ORIENTED_EDGE('',*,*,#3700,.T.);
#5564=CARTESIAN_POINT('',(-18.999999999999982,59.999999999999986,100.0));
#5565=DIRECTION('',(0.0,0.0,-1.0));
#5566=VECTOR('',#5565,100.0);
#5567=LINE('',#5564,#5566);
#5568=EDGE_CURVE('',#3686,#973,#5567,.T.);
#5569=ORIENTED_EDGE('',*,*,#5568,.T.);
#5570=ORIENTED_EDGE('',*,*,#979,.T.);
#5571=CARTESIAN_POINT('',(-19.999999999999982,58.999999999999979,0.0));
#5572=DIRECTION('',(0.0,0.0,1.0));
#5573=VECTOR('',#5572,100.0);
#5574=LINE('',#5571,#5573);
#5575=EDGE_CURVE('',#965,#3694,#5574,.T.);
#5576=ORIENTED_EDGE('',*,*,#5575,.T.);
#5577=EDGE_LOOP('',(#5563,#5569,#5570,#5576));
#5578=FACE_OUTER_BOUND('',#5577,.T.);
#5579=ADVANCED_FACE('',(#5578),#5562,.T.);
#5580=CARTESIAN_POINT('',(-19.999999999999982,59.999999999999986,0.0));
#5581=DIRECTION('',(1.0,0.0,0.0));
#5582=DIRECTION('',(0.0,0.0,1.0));
#5583=AXIS2_PLACEMENT_3D('',#5580,#5581,#5582);
#5584=PLANE('',#5583);
#5585=ORIENTED_EDGE('',*,*,#5575,.F.);
#5586=ORIENTED_EDGE('',*,*,#970,.F.);
#5587=CARTESIAN_POINT('',(-19.999999999999989,45.249999999999986,100.0));
#5588=DIRECTION('',(0.0,0.0,-1.0));
#5589=VECTOR('',#5588,100.0);
#5590=LINE('',#5587,#5589);
#5591=EDGE_CURVE('',#3703,#957,#5590,.T.);
#5592=ORIENTED_EDGE('',*,*,#5591,.F.);
#5593=ORIENTED_EDGE('',*,*,#3708,.F.);
#5594=EDGE_LOOP('',(#5585,#5586,#5592,#5593));
#5595=FACE_OUTER_BOUND('',#5594,.T.);
#5596=ADVANCED_FACE('',(#5595),#5584,.F.);
#5597=CARTESIAN_POINT('',(-18.999999999999996,-18.999999999999989,0.0));
#5598=DIRECTION('',(0.0,0.0,1.0));
#5599=DIRECTION('',(-0.707106781186548,-0.707106781186548,0.0));
#5600=AXIS2_PLACEMENT_3D('',#5597,#5598,#5599);
#5601=CYLINDRICAL_SURFACE('',#5600,1.000000000000000);
#5602=ORIENTED_EDGE('',*,*,#4117,.T.);
#5603=CARTESIAN_POINT('',(-19.999999999999996,-18.999999999999989,100.0));
#5604=DIRECTION('',(0.0,0.0,-1.0));
#5605=VECTOR('',#5604,100.0);
#5606=LINE('',#5603,#5605);
#5607=EDGE_CURVE('',#4103,#556,#5606,.T.);
#5608=ORIENTED_EDGE('',*,*,#5607,.T.);
#5609=ORIENTED_EDGE('',*,*,#562,.T.);
#5610=CARTESIAN_POINT('',(-18.999999999999996,-19.999999999999993,0.0));
#5611=DIRECTION('',(0.0,0.0,1.0));
#5612=VECTOR('',#5611,100.0);
#5613=LINE('',#5610,#5612);
#5614=EDGE_CURVE('',#548,#4111,#5613,.T.);
#5615=ORIENTED_EDGE('',*,*,#5614,.T.);
#5616=EDGE_LOOP('',(#5602,#5608,#5609,#5615));
#5617=FACE_OUTER_BOUND('',#5616,.T.);
#5618=ADVANCED_FACE('',(#5617),#5601,.T.);
#5619=CARTESIAN_POINT('',(-19.999999999999996,-19.999999999999989,0.0));
#5620=DIRECTION('',(-1.0,0.0,0.0));
#5621=DIRECTION('',(0.0,0.0,1.0));
#5622=AXIS2_PLACEMENT_3D('',#5619,#5620,#5621);
#5623=PLANE('',#5622);
#5624=ORIENTED_EDGE('',*,*,#5607,.F.);
#5625=ORIENTED_EDGE('',*,*,#4108,.T.);
#5626=CARTESIAN_POINT('',(-19.999999999999996,-5.249999999999986,0.0));
#5627=DIRECTION('',(0.0,0.0,1.0));
#5628=VECTOR('',#5627,100.0);
#5629=LINE('',#5626,#5628);
#5630=EDGE_CURVE('',#565,#4095,#5629,.T.);
#5631=ORIENTED_EDGE('',*,*,#5630,.F.);
#5632=ORIENTED_EDGE('',*,*,#570,.T.);
#5633=EDGE_LOOP('',(#5624,#5625,#5631,#5632));
#5634=FACE_OUTER_BOUND('',#5633,.T.);
#5635=ADVANCED_FACE('',(#5634),#5623,.T.);
#5636=CARTESIAN_POINT('',(10.799999999999997,-4.799999999999993,100.0));
#5637=DIRECTION('',(0.0,0.0,-1.0));
#5638=DIRECTION('',(-0.707106781186547,-0.707106781186548,0.0));
#5639=AXIS2_PLACEMENT_3D('',#5636,#5637,#5638);
#5640=CYLINDRICAL_SURFACE('',#5639,2.0);
#5641=ORIENTED_EDGE('',*,*,#4570,.T.);
#5642=CARTESIAN_POINT('',(10.799999999999997,-6.799999999999993,100.0));
#5643=DIRECTION('',(0.0,0.0,-1.0));
#5644=VECTOR('',#5643,100.0);
#5645=LINE('',#5642,#5644);
#5646=EDGE_CURVE('',#4556,#2796,#5645,.T.);
#5647=ORIENTED_EDGE('',*,*,#5646,.T.);
#5648=ORIENTED_EDGE('',*,*,#2802,.T.);
#5649=CARTESIAN_POINT('',(8.800000000000001,-4.799999999999994,0.0));
#5650=DIRECTION('',(0.0,0.0,1.0));
#5651=VECTOR('',#5650,100.0);
#5652=LINE('',#5649,#5651);
#5653=EDGE_CURVE('',#2788,#4564,#5652,.T.);
#5654=ORIENTED_EDGE('',*,*,#5653,.T.);
#5655=EDGE_LOOP('',(#5641,#5647,#5648,#5654));
#5656=FACE_OUTER_BOUND('',#5655,.T.);
#5657=ADVANCED_FACE('',(#5656),#5640,.F.);
#5658=CARTESIAN_POINT('',(31.199999999999989,-6.799999999999993,100.0));
#5659=DIRECTION('',(0.0,1.0,0.0));
#5660=DIRECTION('',(0.0,0.0,1.0));
#5661=AXIS2_PLACEMENT_3D('',#5658,#5659,#5660);
#5662=PLANE('',#5661);
#5663=ORIENTED_EDGE('',*,*,#5646,.F.);
#5664=ORIENTED_EDGE('',*,*,#4561,.T.);
#5665=CARTESIAN_POINT('',(29.199999999999978,-6.799999999999993,0.0));
#5666=DIRECTION('',(0.0,0.0,1.0));
#5667=VECTOR('',#5666,100.0);
#5668=LINE('',#5665,#5667);
#5669=EDGE_CURVE('',#2805,#4547,#5668,.T.);
#5670=ORIENTED_EDGE('',*,*,#5669,.F.);
#5671=ORIENTED_EDGE('',*,*,#2810,.F.);
#5672=EDGE_LOOP('',(#5663,#5664,#5670,#5671));
#5673=FACE_OUTER_BOUND('',#5672,.T.);
#5674=ADVANCED_FACE('',(#5673),#5662,.T.);
#5675=CARTESIAN_POINT('',(29.199999999999978,-4.799999999999994,100.0));
#5676=DIRECTION('',(0.0,0.0,-1.0));
#5677=DIRECTION('',(0.707106781186548,-0.707106781186548,0.0));
#5678=AXIS2_PLACEMENT_3D('',#5675,#5676,#5677);
#5679=CYLINDRICAL_SURFACE('',#5678,2.000000000000000);
#5680=ORIENTED_EDGE('',*,*,#4553,.T.);
#5681=CARTESIAN_POINT('',(31.199999999999978,-4.799999999999995,100.0));
#5682=DIRECTION('',(0.0,0.0,-1.0));
#5683=VECTOR('',#5682,100.0);
#5684=LINE('',#5681,#5683);
#5685=EDGE_CURVE('',#4539,#2813,#5684,.T.);
#5686=ORIENTED_EDGE('',*,*,#5685,.T.);
#5687=ORIENTED_EDGE('',*,*,#2819,.T.);
#5688=ORIENTED_EDGE('',*,*,#5669,.T.);
#5689=EDGE_LOOP('',(#5680,#5686,#5687,#5688));
#5690=FACE_OUTER_BOUND('',#5689,.T.);
#5691=ADVANCED_FACE('',(#5690),#5679,.F.);
#5692=CARTESIAN_POINT('',(31.199999999999982,6.066134380204139,100.0));
#5693=DIRECTION('',(-1.0,0.0,0.0));
#5694=DIRECTION('',(0.0,0.0,-1.0));
#5695=AXIS2_PLACEMENT_3D('',#5692,#5693,#5694);
#5696=PLANE('',#5695);
#5697=ORIENTED_EDGE('',*,*,#5685,.F.);
#5698=ORIENTED_EDGE('',*,*,#4544,.F.);
#5699=CARTESIAN_POINT('',(31.199999999999982,4.799999999999999,0.0));
#5700=DIRECTION('',(0.0,0.0,1.0));
#5701=VECTOR('',#5700,100.0);
#5702=LINE('',#5699,#5701);
#5703=EDGE_CURVE('',#2626,#4528,#5702,.T.);
#5704=ORIENTED_EDGE('',*,*,#5703,.F.);
#5705=ORIENTED_EDGE('',*,*,#2825,.F.);
#5706=EDGE_LOOP('',(#5697,#5698,#5704,#5705));
#5707=FACE_OUTER_BOUND('',#5706,.T.);
#5708=ADVANCED_FACE('',(#5707),#5696,.T.);
#5709=CARTESIAN_POINT('',(44.799999999999976,10.799999999999992,100.0));
#5710=DIRECTION('',(0.0,0.0,-1.0));
#5711=DIRECTION('',(0.707106781186549,-0.707106781186546,0.0));
#5712=AXIS2_PLACEMENT_3D('',#5709,#5710,#5711);
#5713=CYLINDRICAL_SURFACE('',#5712,2.0);
#5714=ORIENTED_EDGE('',*,*,#4723,.T.);
#5715=CARTESIAN_POINT('',(46.799999999999983,10.799999999999992,100.0));
#5716=DIRECTION('',(0.0,0.0,-1.0));
#5717=VECTOR('',#5716,100.0);
#5718=LINE('',#5715,#5717);
#5719=EDGE_CURVE('',#4709,#2643,#5718,.T.);
#5720=ORIENTED_EDGE('',*,*,#5719,.T.);
#5721=ORIENTED_EDGE('',*,*,#2649,.T.);
#5722=CARTESIAN_POINT('',(44.799999999999976,8.799999999999992,0.0));
#5723=DIRECTION('',(0.0,0.0,1.0));
#5724=VECTOR('',#5723,100.0);
#5725=LINE('',#5722,#5724);
#5726=EDGE_CURVE('',#2635,#4717,#5725,.T.);
#5727=ORIENTED_EDGE('',*,*,#5726,.T.);
#5728=EDGE_LOOP('',(#5714,#5720,#5721,#5727));
#5729=FACE_OUTER_BOUND('',#5728,.T.);
#5730=ADVANCED_FACE('',(#5729),#5713,.F.);
#5731=CARTESIAN_POINT('',(46.799999999999983,31.199999999999982,100.0));
#5732=DIRECTION('',(-1.0,0.0,0.0));
#5733=DIRECTION('',(0.0,0.0,1.0));
#5734=AXIS2_PLACEMENT_3D('',#5731,#5732,#5733);
#5735=PLANE('',#5734);
#5736=ORIENTED_EDGE('',*,*,#5719,.F.);
#5737=ORIENTED_EDGE('',*,*,#4714,.F.);
#5738=CARTESIAN_POINT('',(46.799999999999983,29.199999999999982,0.0));
#5739=DIRECTION('',(0.0,0.0,1.0));
#5740=VECTOR('',#5739,100.0);
#5741=LINE('',#5738,#5740);
#5742=EDGE_CURVE('',#2652,#4700,#5741,.T.);
#5743=ORIENTED_EDGE('',*,*,#5742,.F.);
#5744=ORIENTED_EDGE('',*,*,#2657,.F.);
#5745=EDGE_LOOP('',(#5736,#5737,#5743,#5744));
#5746=FACE_OUTER_BOUND('',#5745,.T.);
#5747=ADVANCED_FACE('',(#5746),#5735,.T.);
#5748=CARTESIAN_POINT('',(44.799999999999976,29.199999999999982,100.0));
#5749=DIRECTION('',(0.0,0.0,-1.0));
#5750=DIRECTION('',(0.707106781186549,0.707106781186546,0.0));
#5751=AXIS2_PLACEMENT_3D('',#5748,#5749,#5750);
#5752=CYLINDRICAL_SURFACE('',#5751,2.000000000000000);
#5753=ORIENTED_EDGE('',*,*,#4706,.T.);
#5754=CARTESIAN_POINT('',(44.799999999999976,31.199999999999982,100.0));
#5755=DIRECTION('',(0.0,0.0,-1.0));
#5756=VECTOR('',#5755,100.0);
#5757=LINE('',#5754,#5756);
#5758=EDGE_CURVE('',#4692,#2660,#5757,.T.);
#5759=ORIENTED_EDGE('',*,*,#5758,.T.);
#5760=ORIENTED_EDGE('',*,*,#2666,.T.);
#5761=ORIENTED_EDGE('',*,*,#5742,.T.);
#5762=EDGE_LOOP('',(#5753,#5759,#5760,#5761));
#5763=FACE_OUTER_BOUND('',#5762,.T.);
#5764=ADVANCED_FACE('',(#5763),#5752,.F.);
#5765=CARTESIAN_POINT('',(46.066134380204133,31.199999999999982,100.0));
#5766=DIRECTION('',(0.0,1.0,0.0));
#5767=DIRECTION('',(0.0,0.0,-1.0));
#5768=AXIS2_PLACEMENT_3D('',#5765,#5766,#5767);
#5769=PLANE('',#5768);
#5770=ORIENTED_EDGE('',*,*,#5758,.F.);
#5771=ORIENTED_EDGE('',*,*,#4697,.F.);
#5772=CARTESIAN_POINT('',(35.199999999999989,31.199999999999978,0.0));
#5773=DIRECTION('',(0.0,0.0,1.0));
#5774=VECTOR('',#5773,100.0);
#5775=LINE('',#5772,#5774);
#5776=EDGE_CURVE('',#2669,#4683,#5775,.T.);
#5777=ORIENTED_EDGE('',*,*,#5776,.F.);
#5778=ORIENTED_EDGE('',*,*,#2674,.F.);
#5779=EDGE_LOOP('',(#5770,#5771,#5777,#5778));
#5780=FACE_OUTER_BOUND('',#5779,.T.);
#5781=ADVANCED_FACE('',(#5780),#5769,.F.);
#5782=CARTESIAN_POINT('',(29.199999999999982,44.799999999999969,100.0));
#5783=DIRECTION('',(0.0,0.0,-1.0));
#5784=DIRECTION('',(0.707106781186549,0.707106781186546,0.0));
#5785=AXIS2_PLACEMENT_3D('',#5782,#5783,#5784);
#5786=CYLINDRICAL_SURFACE('',#5785,2.000000000000000);
#5787=ORIENTED_EDGE('',*,*,#4672,.T.);
#5788=CARTESIAN_POINT('',(29.199999999999982,46.799999999999969,100.0));
#5789=DIRECTION('',(0.0,0.0,-1.0));
#5790=VECTOR('',#5789,100.0);
#5791=LINE('',#5788,#5790);
#5792=EDGE_CURVE('',#4658,#2694,#5791,.T.);
#5793=ORIENTED_EDGE('',*,*,#5792,.T.);
#5794=ORIENTED_EDGE('',*,*,#2700,.T.);
#5795=CARTESIAN_POINT('',(31.199999999999982,44.799999999999969,0.0));
#5796=DIRECTION('',(0.0,0.0,1.0));
#5797=VECTOR('',#5796,100.0);
#5798=LINE('',#5795,#5797);
#5799=EDGE_CURVE('',#2686,#4666,#5798,.T.);
#5800=ORIENTED_EDGE('',*,*,#5799,.T.);
#5801=EDGE_LOOP('',(#5787,#5793,#5794,#5800));
#5802=FACE_OUTER_BOUND('',#5801,.T.);
#5803=ADVANCED_FACE('',(#5802),#5786,.F.);
#5804=CARTESIAN_POINT('',(8.800000000000003,46.799999999999969,100.0));
#5805=DIRECTION('',(0.0,-1.0,0.0));
#5806=DIRECTION('',(0.0,0.0,-1.0));
#5807=AXIS2_PLACEMENT_3D('',#5804,#5805,#5806);
#5808=PLANE('',#5807);
#5809=ORIENTED_EDGE('',*,*,#5792,.F.);
#5810=ORIENTED_EDGE('',*,*,#4663,.F.);
#5811=CARTESIAN_POINT('',(10.800000000000010,46.799999999999969,0.0));
#5812=DIRECTION('',(0.0,0.0,1.0));
#5813=VECTOR('',#5812,100.0);
#5814=LINE('',#5811,#5813);
#5815=EDGE_CURVE('',#2703,#4649,#5814,.T.);
#5816=ORIENTED_EDGE('',*,*,#5815,.F.);
#5817=ORIENTED_EDGE('',*,*,#2708,.F.);
#5818=EDGE_LOOP('',(#5809,#5810,#5816,#5817));
#5819=FACE_OUTER_BOUND('',#5818,.T.);
#5820=ADVANCED_FACE('',(#5819),#5808,.T.);
#5821=CARTESIAN_POINT('',(10.800000000000010,44.799999999999969,100.0));
#5822=DIRECTION('',(0.0,0.0,-1.0));
#5823=DIRECTION('',(-0.707106781186549,0.707106781186546,0.0));
#5824=AXIS2_PLACEMENT_3D('',#5821,#5822,#5823);
#5825=CYLINDRICAL_SURFACE('',#5824,2.000000000000000);
#5826=ORIENTED_EDGE('',*,*,#4655,.T.);
#5827=CARTESIAN_POINT('',(8.800000000000010,44.799999999999969,100.0));
#5828=DIRECTION('',(0.0,0.0,-1.0));
#5829=VECTOR('',#5828,100.0);
#5830=LINE('',#5827,#5829);
#5831=EDGE_CURVE('',#4641,#2711,#5830,.T.);
#5832=ORIENTED_EDGE('',*,*,#5831,.T.);
#5833=ORIENTED_EDGE('',*,*,#2717,.T.);
#5834=ORIENTED_EDGE('',*,*,#5815,.T.);
#5835=EDGE_LOOP('',(#5826,#5832,#5833,#5834));
#5836=FACE_OUTER_BOUND('',#5835,.T.);
#5837=ADVANCED_FACE('',(#5836),#5825,.F.);
#5838=CARTESIAN_POINT('',(8.800000000000004,33.933865619795839,100.0));
#5839=DIRECTION('',(1.0,0.0,0.0));
#5840=DIRECTION('',(0.0,0.0,-1.0));
#5841=AXIS2_PLACEMENT_3D('',#5838,#5839,#5840);
#5842=PLANE('',#5841);
#5843=ORIENTED_EDGE('',*,*,#5831,.F.);
#5844=ORIENTED_EDGE('',*,*,#4646,.F.);
#5845=CARTESIAN_POINT('',(8.800000000000004,35.199999999999974,0.0));
#5846=DIRECTION('',(0.0,0.0,1.0));
#5847=VECTOR('',#5846,100.0);
#5848=LINE('',#5845,#5847);
#5849=EDGE_CURVE('',#2720,#4632,#5848,.T.);
#5850=ORIENTED_EDGE('',*,*,#5849,.F.);
#5851=ORIENTED_EDGE('',*,*,#2725,.F.);
#5852=EDGE_LOOP('',(#5843,#5844,#5850,#5851));
#5853=FACE_OUTER_BOUND('',#5852,.T.);
#5854=ADVANCED_FACE('',(#5853),#5842,.T.);
#5855=CARTESIAN_POINT('',(-4.799999999999991,29.199999999999985,100.0));
#5856=DIRECTION('',(0.0,0.0,-1.0));
#5857=DIRECTION('',(-0.707106781186547,0.707106781186548,0.0));
#5858=AXIS2_PLACEMENT_3D('',#5855,#5856,#5857);
#5859=CYLINDRICAL_SURFACE('',#5858,2.0);
#5860=ORIENTED_EDGE('',*,*,#4621,.T.);
#5861=CARTESIAN_POINT('',(-6.799999999999990,29.199999999999985,100.0));
#5862=DIRECTION('',(0.0,0.0,-1.0));
#5863=VECTOR('',#5862,100.0);
#5864=LINE('',#5861,#5863);
#5865=EDGE_CURVE('',#4607,#2745,#5864,.T.);
#5866=ORIENTED_EDGE('',*,*,#5865,.T.);
#5867=ORIENTED_EDGE('',*,*,#2751,.T.);
#5868=CARTESIAN_POINT('',(-4.799999999999989,31.199999999999989,0.0));
#5869=DIRECTION('',(0.0,0.0,1.0));
#5870=VECTOR('',#5869,100.0);
#5871=LINE('',#5868,#5870);
#5872=EDGE_CURVE('',#2737,#4615,#5871,.T.);
#5873=ORIENTED_EDGE('',*,*,#5872,.T.);
#5874=EDGE_LOOP('',(#5860,#5866,#5867,#5873));
#5875=FACE_OUTER_BOUND('',#5874,.T.);
#5876=ADVANCED_FACE('',(#5875),#5859,.F.);
#5877=CARTESIAN_POINT('',(-6.799999999999984,8.799999999999997,100.0));
#5878=DIRECTION('',(1.0,0.0,0.0));
#5879=DIRECTION('',(0.0,0.0,-1.0));
#5880=AXIS2_PLACEMENT_3D('',#5877,#5878,#5879);
#5881=PLANE('',#5880);
#5882=ORIENTED_EDGE('',*,*,#5865,.F.);
#5883=ORIENTED_EDGE('',*,*,#4612,.T.);
#5884=CARTESIAN_POINT('',(-6.799999999999984,10.799999999999997,0.0));
#5885=DIRECTION('',(0.0,0.0,1.0));
#5886=VECTOR('',#5885,100.0);
#5887=LINE('',#5884,#5886);
#5888=EDGE_CURVE('',#2754,#4598,#5887,.T.);
#5889=ORIENTED_EDGE('',*,*,#5888,.F.);
#5890=ORIENTED_EDGE('',*,*,#2759,.F.);
#5891=EDGE_LOOP('',(#5882,#5883,#5889,#5890));
#5892=FACE_OUTER_BOUND('',#5891,.T.);
#5893=ADVANCED_FACE('',(#5892),#5881,.T.);
#5894=CARTESIAN_POINT('',(-4.799999999999985,10.799999999999997,100.0));
#5895=DIRECTION('',(0.0,0.0,-1.0));
#5896=DIRECTION('',(-0.707106781186547,-0.707106781186548,0.0));
#5897=AXIS2_PLACEMENT_3D('',#5894,#5895,#5896);
#5898=CYLINDRICAL_SURFACE('',#5897,2.0);
#5899=ORIENTED_EDGE('',*,*,#4604,.T.);
#5900=CARTESIAN_POINT('',(-4.799999999999985,8.799999999999997,100.0));
#5901=DIRECTION('',(0.0,0.0,-1.0));
#5902=VECTOR('',#5901,100.0);
#5903=LINE('',#5900,#5902);
#5904=EDGE_CURVE('',#4590,#2762,#5903,.T.);
#5905=ORIENTED_EDGE('',*,*,#5904,.T.);
#5906=ORIENTED_EDGE('',*,*,#2768,.T.);
#5907=ORIENTED_EDGE('',*,*,#5888,.T.);
#5908=EDGE_LOOP('',(#5899,#5905,#5906,#5907));
#5909=FACE_OUTER_BOUND('',#5908,.T.);
#5910=ADVANCED_FACE('',(#5909),#5898,.F.);
#5911=CARTESIAN_POINT('',(-6.066134380204144,8.799999999999997,100.0));
#5912=DIRECTION('',(0.0,-1.0,0.0));
#5913=DIRECTION('',(0.0,0.0,-1.0));
#5914=AXIS2_PLACEMENT_3D('',#5911,#5912,#5913);
#5915=PLANE('',#5914);
#5916=ORIENTED_EDGE('',*,*,#5904,.F.);
#5917=ORIENTED_EDGE('',*,*,#4595,.F.);
#5918=CARTESIAN_POINT('',(4.799999999999996,8.800000000000001,0.0));
#5919=DIRECTION('',(0.0,0.0,1.0));
#5920=VECTOR('',#5919,100.0);
#5921=LINE('',#5918,#5920);
#5922=EDGE_CURVE('',#2771,#4581,#5921,.T.);
#5923=ORIENTED_EDGE('',*,*,#5922,.F.);
#5924=ORIENTED_EDGE('',*,*,#2776,.F.);
#5925=EDGE_LOOP('',(#5916,#5917,#5923,#5924));
#5926=FACE_OUTER_BOUND('',#5925,.T.);
#5927=ADVANCED_FACE('',(#5926),#5915,.F.);
#5928=CARTESIAN_POINT('',(35.199999999999989,4.799999999999997,100.0));
#5929=DIRECTION('',(0.0,0.0,-1.0));
#5930=DIRECTION('',(-0.707106781186548,0.707106781186547,0.0));
#5931=AXIS2_PLACEMENT_3D('',#5928,#5929,#5930);
#5932=CYLINDRICAL_SURFACE('',#5931,4.0);
#5933=ORIENTED_EDGE('',*,*,#2632,.T.);
#5934=ORIENTED_EDGE('',*,*,#5703,.T.);
#5935=ORIENTED_EDGE('',*,*,#4536,.T.);
#5936=CARTESIAN_POINT('',(35.199999999999989,8.799999999999997,100.0));
#5937=DIRECTION('',(0.0,0.0,-1.0));
#5938=VECTOR('',#5937,100.0);
#5939=LINE('',#5936,#5938);
#5940=EDGE_CURVE('',#4530,#2624,#5939,.T.);
#5941=ORIENTED_EDGE('',*,*,#5940,.T.);
#5942=EDGE_LOOP('',(#5933,#5934,#5935,#5941));
#5943=FACE_OUTER_BOUND('',#5942,.T.);
#5944=ADVANCED_FACE('',(#5943),#5932,.T.);
#5945=CARTESIAN_POINT('',(35.199999999999989,35.199999999999974,100.0));
#5946=DIRECTION('',(0.0,0.0,-1.0));
#5947=DIRECTION('',(-0.707106781186548,-0.707106781186548,0.0));
#5948=AXIS2_PLACEMENT_3D('',#5945,#5946,#5947);
#5949=CYLINDRICAL_SURFACE('',#5948,4.000000000000000);
#5950=ORIENTED_EDGE('',*,*,#2683,.T.);
#5951=ORIENTED_EDGE('',*,*,#5776,.T.);
#5952=ORIENTED_EDGE('',*,*,#4689,.T.);
#5953=CARTESIAN_POINT('',(31.199999999999989,35.199999999999974,100.0));
#5954=DIRECTION('',(0.0,0.0,-1.0));
#5955=VECTOR('',#5954,100.0);
#5956=LINE('',#5953,#5955);
#5957=EDGE_CURVE('',#4675,#2677,#5956,.T.);
#5958=ORIENTED_EDGE('',*,*,#5957,.T.);
#5959=EDGE_LOOP('',(#5950,#5951,#5952,#5958));
#5960=FACE_OUTER_BOUND('',#5959,.T.);
#5961=ADVANCED_FACE('',(#5960),#5949,.T.);
#5962=CARTESIAN_POINT('',(31.199999999999989,33.933865619795831,100.0));
#5963=DIRECTION('',(1.0,0.0,0.0));
#5964=DIRECTION('',(0.0,0.0,-1.0));
#5965=AXIS2_PLACEMENT_3D('',#5962,#5963,#5964);
#5966=PLANE('',#5965);
#5967=ORIENTED_EDGE('',*,*,#5799,.F.);
#5968=ORIENTED_EDGE('',*,*,#2691,.F.);
#5969=ORIENTED_EDGE('',*,*,#5957,.F.);
#5970=ORIENTED_EDGE('',*,*,#4680,.F.);
#5971=EDGE_LOOP('',(#5967,#5968,#5969,#5970));
#5972=FACE_OUTER_BOUND('',#5971,.T.);
#5973=ADVANCED_FACE('',(#5972),#5966,.F.);
#5974=CARTESIAN_POINT('',(4.800000000000004,35.199999999999974,100.0));
#5975=DIRECTION('',(0.0,0.0,-1.0));
#5976=DIRECTION('',(0.707106781186547,-0.707106781186548,0.0));
#5977=AXIS2_PLACEMENT_3D('',#5974,#5975,#5976);
#5978=CYLINDRICAL_SURFACE('',#5977,4.000000000000000);
#5979=ORIENTED_EDGE('',*,*,#2734,.T.);
#5980=ORIENTED_EDGE('',*,*,#5849,.T.);
#5981=ORIENTED_EDGE('',*,*,#4638,.T.);
#5982=CARTESIAN_POINT('',(4.800000000000002,31.199999999999978,100.0));
#5983=DIRECTION('',(0.0,0.0,-1.0));
#5984=VECTOR('',#5983,100.0);
#5985=LINE('',#5982,#5984);
#5986=EDGE_CURVE('',#4624,#2728,#5985,.T.);
#5987=ORIENTED_EDGE('',*,*,#5986,.T.);
#5988=EDGE_LOOP('',(#5979,#5980,#5981,#5987));
#5989=FACE_OUTER_BOUND('',#5988,.T.);
#5990=ADVANCED_FACE('',(#5989),#5978,.T.);
#5991=CARTESIAN_POINT('',(4.799999999999997,4.800000000000001,100.0));
#5992=DIRECTION('',(0.0,0.0,-1.0));
#5993=DIRECTION('',(0.707106781186547,0.707106781186548,0.0));
#5994=AXIS2_PLACEMENT_3D('',#5991,#5992,#5993);
#5995=CYLINDRICAL_SURFACE('',#5994,4.000000000000000);
#5996=ORIENTED_EDGE('',*,*,#2785,.T.);
#5997=ORIENTED_EDGE('',*,*,#5922,.T.);
#5998=ORIENTED_EDGE('',*,*,#4587,.T.);
#5999=CARTESIAN_POINT('',(8.799999999999997,4.800000000000002,100.0));
#6000=DIRECTION('',(0.0,0.0,-1.0));
#6001=VECTOR('',#6000,100.0);
#6002=LINE('',#5999,#6001);
#6003=EDGE_CURVE('',#4573,#2779,#6002,.T.);
#6004=ORIENTED_EDGE('',*,*,#6003,.T.);
#6005=EDGE_LOOP('',(#5996,#5997,#5998,#6004));
#6006=FACE_OUTER_BOUND('',#6005,.T.);
#6007=ADVANCED_FACE('',(#6006),#5995,.T.);
#6008=CARTESIAN_POINT('',(8.799999999999997,6.066134380204142,100.0));
#6009=DIRECTION('',(-1.0,0.0,0.0));
#6010=DIRECTION('',(0.0,0.0,-1.0));
#6011=AXIS2_PLACEMENT_3D('',#6008,#6009,#6010);
#6012=PLANE('',#6011);
#6013=ORIENTED_EDGE('',*,*,#5653,.F.);
#6014=ORIENTED_EDGE('',*,*,#2793,.F.);
#6015=ORIENTED_EDGE('',*,*,#6003,.F.);
#6016=ORIENTED_EDGE('',*,*,#4578,.F.);
#6017=EDGE_LOOP('',(#6013,#6014,#6015,#6016));
#6018=FACE_OUTER_BOUND('',#6017,.T.);
#6019=ADVANCED_FACE('',(#6018),#6012,.F.);
#6020=CARTESIAN_POINT('',(11.900000000000006,49.599999999999973,100.0));
#6021=DIRECTION('',(1.0,0.0,0.0));
#6022=DIRECTION('',(0.0,0.0,1.0));
#6023=AXIS2_PLACEMENT_3D('',#6020,#6021,#6022);
#6024=PLANE('',#6023);
#6025=ORIENTED_EDGE('',*,*,#1829,.F.);
#6026=CARTESIAN_POINT('',(11.900000000000004,57.999999999999979,100.0));
#6027=DIRECTION('',(0.0,0.0,-1.0));
#6028=VECTOR('',#6027,100.0);
#6029=LINE('',#6026,#6028);
#6030=EDGE_CURVE('',#4736,#1818,#6029,.T.);
#6031=ORIENTED_EDGE('',*,*,#6030,.F.);
#6032=ORIENTED_EDGE('',*,*,#4741,.F.);
#6033=CARTESIAN_POINT('',(11.900000000000004,49.599999999999973,0.0));
#6034=DIRECTION('',(0.0,0.0,1.0));
#6035=VECTOR('',#6034,100.0);
#6036=LINE('',#6033,#6035);
#6037=EDGE_CURVE('',#1800,#4734,#6036,.T.);
#6038=ORIENTED_EDGE('',*,*,#6037,.F.);
#6039=EDGE_LOOP('',(#6025,#6031,#6032,#6038));
#6040=FACE_OUTER_BOUND('',#6039,.T.);
#6041=ADVANCED_FACE('',(#6040),#6024,.T.);
#6042=CARTESIAN_POINT('',(11.900000000000004,57.999999999999979,100.0));
#6043=DIRECTION('',(0.0,-1.0,0.0));
#6044=DIRECTION('',(0.0,0.0,-1.0));
#6045=AXIS2_PLACEMENT_3D('',#6042,#6043,#6044);
#6046=PLANE('',#6045);
#6047=ORIENTED_EDGE('',*,*,#1823,.F.);
#6048=CARTESIAN_POINT('',(28.099999999999991,57.999999999999986,100.0));
#6049=DIRECTION('',(0.0,0.0,-1.0));
#6050=VECTOR('',#6049,100.0);
#6051=LINE('',#6048,#6050);
#6052=EDGE_CURVE('',#4744,#1810,#6051,.T.);
#6053=ORIENTED_EDGE('',*,*,#6052,.F.);
#6054=ORIENTED_EDGE('',*,*,#4749,.F.);
#6055=ORIENTED_EDGE('',*,*,#6030,.T.);
#6056=EDGE_LOOP('',(#6047,#6053,#6054,#6055));
#6057=FACE_OUTER_BOUND('',#6056,.T.);
#6058=ADVANCED_FACE('',(#6057),#6046,.T.);
#6059=CARTESIAN_POINT('',(28.099999999999991,57.999999999999986,100.0));
#6060=DIRECTION('',(-1.0,0.0,0.0));
#6061=DIRECTION('',(0.0,0.0,-1.0));
#6062=AXIS2_PLACEMENT_3D('',#6059,#6060,#6061);
#6063=PLANE('',#6062);
#6064=ORIENTED_EDGE('',*,*,#1815,.F.);
#6065=CARTESIAN_POINT('',(28.099999999999991,49.599999999999973,100.0));
#6066=DIRECTION('',(0.0,0.0,-1.0));
#6067=VECTOR('',#6066,100.0);
#6068=LINE('',#6065,#6067);
#6069=EDGE_CURVE('',#4752,#1802,#6068,.T.);
#6070=ORIENTED_EDGE('',*,*,#6069,.F.);
#6071=ORIENTED_EDGE('',*,*,#4757,.F.);
#6072=ORIENTED_EDGE('',*,*,#6052,.T.);
#6073=EDGE_LOOP('',(#6064,#6070,#6071,#6072));
#6074=FACE_OUTER_BOUND('',#6073,.T.);
#6075=ADVANCED_FACE('',(#6074),#6063,.T.);
#6076=CARTESIAN_POINT('',(31.199999999999992,49.599999999999973,100.0));
#6077=DIRECTION('',(0.0,1.0,0.0));
#6078=DIRECTION('',(0.0,0.0,1.0));
#6079=AXIS2_PLACEMENT_3D('',#6076,#6077,#6078);
#6080=PLANE('',#6079);
#6081=ORIENTED_EDGE('',*,*,#6069,.T.);
#6082=ORIENTED_EDGE('',*,*,#1807,.F.);
#6083=ORIENTED_EDGE('',*,*,#6037,.T.);
#6084=ORIENTED_EDGE('',*,*,#4763,.F.);
#6085=EDGE_LOOP('',(#6081,#6082,#6083,#6084));
#6086=FACE_OUTER_BOUND('',#6085,.T.);
#6087=ADVANCED_FACE('',(#6086),#6080,.T.);
#6088=CARTESIAN_POINT('',(1.565765E-014,59.999999999999972,0.0));
#6089=DIRECTION('',(0.0,-1.0,0.0));
#6090=DIRECTION('',(0.0,0.0,1.0));
#6091=AXIS2_PLACEMENT_3D('',#6088,#6089,#6090);
#6092=PLANE('',#6091);
#6093=ORIENTED_EDGE('',*,*,#1187,.F.);
#6094=CARTESIAN_POINT('',(5.250000000000002,59.999999999999972,100.0));
#6095=DIRECTION('',(0.0,0.0,-1.0));
#6096=VECTOR('',#6095,100.0);
#6097=LINE('',#6094,#6096);
#6098=EDGE_CURVE('',#3486,#1174,#6097,.T.);
#6099=ORIENTED_EDGE('',*,*,#6098,.F.);
#6100=ORIENTED_EDGE('',*,*,#3491,.T.);
#6101=CARTESIAN_POINT('',(34.750000000000000,59.999999999999964,0.0));
#6102=DIRECTION('',(0.0,0.0,1.0));
#6103=VECTOR('',#6102,100.0);
#6104=LINE('',#6101,#6103);
#6105=EDGE_CURVE('',#1182,#3478,#6104,.T.);
#6106=ORIENTED_EDGE('',*,*,#6105,.F.);
#6107=EDGE_LOOP('',(#6093,#6099,#6100,#6106));
#6108=FACE_OUTER_BOUND('',#6107,.T.);
#6109=ADVANCED_FACE('',(#6108),#6092,.F.);
#6110=CARTESIAN_POINT('',(-19.999999999999993,-2.186538E-015,0.0));
#6111=DIRECTION('',(-1.0,0.0,0.0));
#6112=DIRECTION('',(0.0,0.0,1.0));
#6113=AXIS2_PLACEMENT_3D('',#6110,#6111,#6112);
#6114=PLANE('',#6113);
#6115=ORIENTED_EDGE('',*,*,#3908,.F.);
#6116=CARTESIAN_POINT('',(-19.999999999999993,34.750000000000000,0.0));
#6117=DIRECTION('',(0.0,0.0,1.0));
#6118=VECTOR('',#6117,100.0);
#6119=LINE('',#6116,#6118);
#6120=EDGE_CURVE('',#765,#3895,#6119,.T.);
#6121=ORIENTED_EDGE('',*,*,#6120,.F.);
#6122=ORIENTED_EDGE('',*,*,#770,.F.);
#6123=CARTESIAN_POINT('',(-19.999999999999993,5.249999999999997,100.0));
#6124=DIRECTION('',(0.0,0.0,-1.0));
#6125=VECTOR('',#6124,100.0);
#6126=LINE('',#6123,#6125);
#6127=EDGE_CURVE('',#3903,#757,#6126,.T.);
#6128=ORIENTED_EDGE('',*,*,#6127,.F.);
#6129=EDGE_LOOP('',(#6115,#6121,#6122,#6128));
#6130=FACE_OUTER_BOUND('',#6129,.T.);
#6131=ADVANCED_FACE('',(#6130),#6114,.T.);
#6132=CARTESIAN_POINT('',(11.899999999999999,-9.599999999999987,100.0));
#6133=DIRECTION('',(-1.0,0.0,0.0));
#6134=DIRECTION('',(0.0,0.0,1.0));
#6135=AXIS2_PLACEMENT_3D('',#6132,#6133,#6134);
#6136=PLANE('',#6135);
#6137=ORIENTED_EDGE('',*,*,#2563,.T.);
#6138=CARTESIAN_POINT('',(11.899999999999999,-9.599999999999993,100.0));
#6139=DIRECTION('',(0.0,0.0,-1.0));
#6140=VECTOR('',#6139,100.0);
#6141=LINE('',#6138,#6140);
#6142=EDGE_CURVE('',#5526,#2558,#6141,.T.);
#6143=ORIENTED_EDGE('',*,*,#6142,.F.);
#6144=ORIENTED_EDGE('',*,*,#5553,.T.);
#6145=CARTESIAN_POINT('',(11.899999999999995,-17.999999999999996,100.0));
#6146=DIRECTION('',(0.0,0.0,-1.0));
#6147=VECTOR('',#6146,100.0);
#6148=LINE('',#6145,#6147);
#6149=EDGE_CURVE('',#5542,#2556,#6148,.T.);
#6150=ORIENTED_EDGE('',*,*,#6149,.T.);
#6151=EDGE_LOOP('',(#6137,#6143,#6144,#6150));
#6152=FACE_OUTER_BOUND('',#6151,.T.);
#6153=ADVANCED_FACE('',(#6152),#6136,.F.);
#6154=CARTESIAN_POINT('',(11.899999999999995,-17.999999999999996,100.0));
#6155=DIRECTION('',(0.0,-1.0,0.0));
#6156=DIRECTION('',(0.0,0.0,-1.0));
#6157=AXIS2_PLACEMENT_3D('',#6154,#6155,#6156);
#6158=PLANE('',#6157);
#6159=ORIENTED_EDGE('',*,*,#2571,.T.);
#6160=ORIENTED_EDGE('',*,*,#6149,.F.);
#6161=ORIENTED_EDGE('',*,*,#5547,.T.);
#6162=CARTESIAN_POINT('',(28.099999999999984,-18.0,100.0));
#6163=DIRECTION('',(0.0,0.0,-1.0));
#6164=VECTOR('',#6163,100.0);
#6165=LINE('',#6162,#6164);
#6166=EDGE_CURVE('',#5534,#2566,#6165,.T.);
#6167=ORIENTED_EDGE('',*,*,#6166,.T.);
#6168=EDGE_LOOP('',(#6159,#6160,#6161,#6167));
#6169=FACE_OUTER_BOUND('',#6168,.T.);
#6170=ADVANCED_FACE('',(#6169),#6158,.F.);
#6171=CARTESIAN_POINT('',(28.099999999999984,-18.0,100.0));
#6172=DIRECTION('',(1.0,0.0,0.0));
#6173=DIRECTION('',(0.0,0.0,-1.0));
#6174=AXIS2_PLACEMENT_3D('',#6171,#6172,#6173);
#6175=PLANE('',#6174);
#6176=ORIENTED_EDGE('',*,*,#2579,.T.);
#6177=ORIENTED_EDGE('',*,*,#6166,.F.);
#6178=ORIENTED_EDGE('',*,*,#5539,.T.);
#6179=CARTESIAN_POINT('',(28.099999999999984,-9.599999999999991,0.0));
#6180=DIRECTION('',(0.0,0.0,1.0));
#6181=VECTOR('',#6180,100.0);
#6182=LINE('',#6179,#6181);
#6183=EDGE_CURVE('',#2574,#5524,#6182,.T.);
#6184=ORIENTED_EDGE('',*,*,#6183,.F.);
#6185=EDGE_LOOP('',(#6176,#6177,#6178,#6184));
#6186=FACE_OUTER_BOUND('',#6185,.T.);
#6187=ADVANCED_FACE('',(#6186),#6175,.F.);
#6188=CARTESIAN_POINT('',(49.599999999999966,11.900000000000006,100.0));
#6189=DIRECTION('',(0.0,-1.0,0.0));
#6190=DIRECTION('',(0.0,0.0,1.0));
#6191=AXIS2_PLACEMENT_3D('',#6188,#6189,#6190);
#6192=PLANE('',#6191);
#6193=ORIENTED_EDGE('',*,*,#2529,.T.);
#6194=CARTESIAN_POINT('',(49.599999999999980,11.900000000000004,100.0));
#6195=DIRECTION('',(0.0,0.0,-1.0));
#6196=VECTOR('',#6195,100.0);
#6197=LINE('',#6194,#6196);
#6198=EDGE_CURVE('',#4802,#2524,#6197,.T.);
#6199=ORIENTED_EDGE('',*,*,#6198,.F.);
#6200=ORIENTED_EDGE('',*,*,#4831,.T.);
#6201=CARTESIAN_POINT('',(57.999999999999972,11.900000000000004,100.0));
#6202=DIRECTION('',(0.0,0.0,-1.0));
#6203=VECTOR('',#6202,100.0);
#6204=LINE('',#6201,#6203);
#6205=EDGE_CURVE('',#4820,#2522,#6204,.T.);
#6206=ORIENTED_EDGE('',*,*,#6205,.T.);
#6207=EDGE_LOOP('',(#6193,#6199,#6200,#6206));
#6208=FACE_OUTER_BOUND('',#6207,.T.);
#6209=ADVANCED_FACE('',(#6208),#6192,.F.);
#6210=CARTESIAN_POINT('',(57.999999999999972,11.900000000000004,100.0));
#6211=DIRECTION('',(1.0,0.0,0.0));
#6212=DIRECTION('',(0.0,0.0,-1.0));
#6213=AXIS2_PLACEMENT_3D('',#6210,#6211,#6212);
#6214=PLANE('',#6213);
#6215=ORIENTED_EDGE('',*,*,#2537,.T.);
#6216=ORIENTED_EDGE('',*,*,#6205,.F.);
#6217=ORIENTED_EDGE('',*,*,#4825,.T.);
#6218=CARTESIAN_POINT('',(57.999999999999972,28.099999999999991,100.0));
#6219=DIRECTION('',(0.0,0.0,-1.0));
#6220=VECTOR('',#6219,100.0);
#6221=LINE('',#6218,#6220);
#6222=EDGE_CURVE('',#4812,#2532,#6221,.T.);
#6223=ORIENTED_EDGE('',*,*,#6222,.T.);
#6224=EDGE_LOOP('',(#6215,#6216,#6217,#6223));
#6225=FACE_OUTER_BOUND('',#6224,.T.);
#6226=ADVANCED_FACE('',(#6225),#6214,.F.);
#6227=CARTESIAN_POINT('',(57.999999999999972,28.099999999999991,100.0));
#6228=DIRECTION('',(0.0,1.0,0.0));
#6229=DIRECTION('',(0.0,0.0,-1.0));
#6230=AXIS2_PLACEMENT_3D('',#6227,#6228,#6229);
#6231=PLANE('',#6230);
#6232=ORIENTED_EDGE('',*,*,#2545,.T.);
#6233=ORIENTED_EDGE('',*,*,#6222,.F.);
#6234=ORIENTED_EDGE('',*,*,#4817,.T.);
#6235=CARTESIAN_POINT('',(49.599999999999980,28.099999999999991,0.0));
#6236=DIRECTION('',(0.0,0.0,1.0));
#6237=VECTOR('',#6236,100.0);
#6238=LINE('',#6235,#6237);
#6239=EDGE_CURVE('',#2540,#4804,#6238,.T.);
#6240=ORIENTED_EDGE('',*,*,#6239,.F.);
#6241=EDGE_LOOP('',(#6232,#6233,#6234,#6240));
#6242=FACE_OUTER_BOUND('',#6241,.T.);
#6243=ADVANCED_FACE('',(#6242),#6231,.F.);
#6244=CARTESIAN_POINT('',(49.599999999999980,8.799999999999990,100.0));
#6245=DIRECTION('',(1.0,0.0,0.0));
#6246=DIRECTION('',(0.0,0.0,-1.0));
#6247=AXIS2_PLACEMENT_3D('',#6244,#6245,#6246);
#6248=PLANE('',#6247);
#6249=ORIENTED_EDGE('',*,*,#6239,.T.);
#6250=ORIENTED_EDGE('',*,*,#4809,.F.);
#6251=ORIENTED_EDGE('',*,*,#6198,.T.);
#6252=ORIENTED_EDGE('',*,*,#2551,.F.);
#6253=EDGE_LOOP('',(#6249,#6250,#6251,#6252));
#6254=FACE_OUTER_BOUND('',#6253,.T.);
#6255=ADVANCED_FACE('',(#6254),#6248,.T.);
#6256=CARTESIAN_POINT('',(-9.599999999999987,11.900000000000002,100.0));
#6257=DIRECTION('',(0.0,1.0,0.0));
#6258=DIRECTION('',(0.0,0.0,1.0));
#6259=AXIS2_PLACEMENT_3D('',#6256,#6257,#6258);
#6260=PLANE('',#6259);
#6261=ORIENTED_EDGE('',*,*,#2613,.F.);
#6262=CARTESIAN_POINT('',(-17.999999999999996,11.899999999999999,100.0));
#6263=DIRECTION('',(0.0,0.0,-1.0));
#6264=VECTOR('',#6263,100.0);
#6265=LINE('',#6262,#6264);
#6266=EDGE_CURVE('',#4778,#2600,#6265,.T.);
#6267=ORIENTED_EDGE('',*,*,#6266,.F.);
#6268=ORIENTED_EDGE('',*,*,#4783,.F.);
#6269=CARTESIAN_POINT('',(-9.599999999999987,11.899999999999999,0.0));
#6270=DIRECTION('',(0.0,0.0,1.0));
#6271=VECTOR('',#6270,100.0);
#6272=LINE('',#6269,#6271);
#6273=EDGE_CURVE('',#2608,#4768,#6272,.T.);
#6274=ORIENTED_EDGE('',*,*,#6273,.F.);
#6275=EDGE_LOOP('',(#6261,#6267,#6268,#6274));
#6276=FACE_OUTER_BOUND('',#6275,.T.);
#6277=ADVANCED_FACE('',(#6276),#6260,.T.);
#6278=CARTESIAN_POINT('',(-17.999999999999996,11.899999999999999,100.0));
#6279=DIRECTION('',(1.0,0.0,0.0));
#6280=DIRECTION('',(0.0,0.0,-1.0));
#6281=AXIS2_PLACEMENT_3D('',#6278,#6279,#6280);
#6282=PLANE('',#6281);
#6283=ORIENTED_EDGE('',*,*,#2605,.F.);
#6284=CARTESIAN_POINT('',(-17.999999999999996,28.099999999999987,100.0));
#6285=DIRECTION('',(0.0,0.0,-1.0));
#6286=VECTOR('',#6285,100.0);
#6287=LINE('',#6284,#6286);
#6288=EDGE_CURVE('',#4786,#2592,#6287,.T.);
#6289=ORIENTED_EDGE('',*,*,#6288,.F.);
#6290=ORIENTED_EDGE('',*,*,#4791,.F.);
#6291=ORIENTED_EDGE('',*,*,#6266,.T.);
#6292=EDGE_LOOP('',(#6283,#6289,#6290,#6291));
#6293=FACE_OUTER_BOUND('',#6292,.T.);
#6294=ADVANCED_FACE('',(#6293),#6282,.T.);
#6295=CARTESIAN_POINT('',(-17.999999999999996,28.099999999999987,100.0));
#6296=DIRECTION('',(0.0,-1.0,0.0));
#6297=DIRECTION('',(0.0,0.0,-1.0));
#6298=AXIS2_PLACEMENT_3D('',#6295,#6296,#6297);
#6299=PLANE('',#6298);
#6300=ORIENTED_EDGE('',*,*,#2597,.F.);
#6301=CARTESIAN_POINT('',(-9.599999999999991,28.099999999999987,100.0));
#6302=DIRECTION('',(0.0,0.0,-1.0));
#6303=VECTOR('',#6302,100.0);
#6304=LINE('',#6301,#6303);
#6305=EDGE_CURVE('',#4770,#2590,#6304,.T.);
#6306=ORIENTED_EDGE('',*,*,#6305,.F.);
#6307=ORIENTED_EDGE('',*,*,#4797,.F.);
#6308=ORIENTED_EDGE('',*,*,#6288,.T.);
#6309=EDGE_LOOP('',(#6300,#6306,#6307,#6308));
#6310=FACE_OUTER_BOUND('',#6309,.T.);
#6311=ADVANCED_FACE('',(#6310),#6299,.T.);
#6312=CARTESIAN_POINT('',(-9.599999999999991,31.199999999999989,100.0));
#6313=DIRECTION('',(-1.0,0.0,0.0));
#6314=DIRECTION('',(0.0,0.0,1.0));
#6315=AXIS2_PLACEMENT_3D('',#6312,#6313,#6314);
#6316=PLANE('',#6315);
#6317=ORIENTED_EDGE('',*,*,#6305,.T.);
#6318=ORIENTED_EDGE('',*,*,#2619,.F.);
#6319=ORIENTED_EDGE('',*,*,#6273,.T.);
#6320=ORIENTED_EDGE('',*,*,#4775,.T.);
#6321=EDGE_LOOP('',(#6317,#6318,#6319,#6320));
#6322=FACE_OUTER_BOUND('',#6321,.T.);
#6323=ADVANCED_FACE('',(#6322),#6316,.T.);
#6324=CARTESIAN_POINT('',(8.799999999999994,-9.599999999999993,100.0));
#6325=DIRECTION('',(0.0,-1.0,0.0));
#6326=DIRECTION('',(0.0,0.0,-1.0));
#6327=AXIS2_PLACEMENT_3D('',#6324,#6325,#6326);
#6328=PLANE('',#6327);
#6329=ORIENTED_EDGE('',*,*,#6183,.T.);
#6330=ORIENTED_EDGE('',*,*,#5531,.T.);
#6331=ORIENTED_EDGE('',*,*,#6142,.T.);
#6332=ORIENTED_EDGE('',*,*,#2585,.F.);
#6333=EDGE_LOOP('',(#6329,#6330,#6331,#6332));
#6334=FACE_OUTER_BOUND('',#6333,.T.);
#6335=ADVANCED_FACE('',(#6334),#6328,.T.);
#6336=CARTESIAN_POINT('',(-6.066134380204139,31.199999999999989,100.0));
#6337=DIRECTION('',(0.0,-1.0,0.0));
#6338=DIRECTION('',(0.0,0.0,-1.0));
#6339=AXIS2_PLACEMENT_3D('',#6336,#6337,#6338);
#6340=PLANE('',#6339);
#6341=ORIENTED_EDGE('',*,*,#5872,.F.);
#6342=ORIENTED_EDGE('',*,*,#2742,.F.);
#6343=ORIENTED_EDGE('',*,*,#5986,.F.);
#6344=ORIENTED_EDGE('',*,*,#4629,.F.);
#6345=EDGE_LOOP('',(#6341,#6342,#6343,#6344));
#6346=FACE_OUTER_BOUND('',#6345,.T.);
#6347=ADVANCED_FACE('',(#6346),#6340,.T.);
#6348=CARTESIAN_POINT('',(35.249999999999993,59.499999999999957,50.0));
#6349=DIRECTION('',(0.707106781186549,0.707106781186546,0.0));
#6350=DIRECTION('',(0.0,0.0,-1.0));
#6351=AXIS2_PLACEMENT_3D('',#6348,#6349,#6350);
#6352=PLANE('',#6351);
#6353=ORIENTED_EDGE('',*,*,#1195,.T.);
#6354=ORIENTED_EDGE('',*,*,#6105,.T.);
#6355=ORIENTED_EDGE('',*,*,#3483,.T.);
#6356=CARTESIAN_POINT('',(35.750000000000000,58.999999999999957,100.0));
#6357=DIRECTION('',(0.0,0.0,-1.0));
#6358=VECTOR('',#6357,100.0);
#6359=LINE('',#6356,#6358);
#6360=EDGE_CURVE('',#3470,#1190,#6359,.T.);
#6361=ORIENTED_EDGE('',*,*,#6360,.T.);
#6362=EDGE_LOOP('',(#6353,#6354,#6355,#6361));
#6363=FACE_OUTER_BOUND('',#6362,.T.);
#6364=ADVANCED_FACE('',(#6363),#6352,.T.);
#6365=CARTESIAN_POINT('',(35.750000000000000,59.999999999999972,100.0));
#6366=DIRECTION('',(-1.0,0.0,0.0));
#6367=DIRECTION('',(0.0,0.0,1.0));
#6368=AXIS2_PLACEMENT_3D('',#6365,#6366,#6367);
#6369=PLANE('',#6368);
#6370=ORIENTED_EDGE('',*,*,#6360,.F.);
#6371=ORIENTED_EDGE('',*,*,#3475,.F.);
#6372=CARTESIAN_POINT('',(35.750000000000000,55.999999999999979,100.0));
#6373=DIRECTION('',(0.0,0.0,-1.0));
#6374=VECTOR('',#6373,100.0);
#6375=LINE('',#6372,#6374);
#6376=EDGE_CURVE('',#3462,#1198,#6375,.T.);
#6377=ORIENTED_EDGE('',*,*,#6376,.T.);
#6378=ORIENTED_EDGE('',*,*,#1203,.F.);
#6379=EDGE_LOOP('',(#6370,#6371,#6377,#6378));
#6380=FACE_OUTER_BOUND('',#6379,.T.);
#6381=ADVANCED_FACE('',(#6380),#6369,.F.);
#6382=CARTESIAN_POINT('',(44.749999999999986,59.499999999999957,50.0));
#6383=DIRECTION('',(-0.707106781186548,0.707106781186548,2.884444E-017));
#6384=DIRECTION('',(0.0,0.0,1.0));
#6385=AXIS2_PLACEMENT_3D('',#6382,#6383,#6384);
#6386=PLANE('',#6385);
#6387=ORIENTED_EDGE('',*,*,#3299,.T.);
#6388=CARTESIAN_POINT('',(45.249999999999986,59.999999999999957,100.0));
#6389=DIRECTION('',(0.0,0.0,-1.0));
#6390=VECTOR('',#6389,100.0);
#6391=LINE('',#6388,#6390);
#6392=EDGE_CURVE('',#3286,#1374,#6391,.T.);
#6393=ORIENTED_EDGE('',*,*,#6392,.T.);
#6394=ORIENTED_EDGE('',*,*,#1379,.T.);
#6395=CARTESIAN_POINT('',(44.249999999999986,58.999999999999957,0.0));
#6396=DIRECTION('',(0.0,0.0,1.0));
#6397=VECTOR('',#6396,100.0);
#6398=LINE('',#6395,#6397);
#6399=EDGE_CURVE('',#1366,#3294,#6398,.T.);
#6400=ORIENTED_EDGE('',*,*,#6399,.T.);
#6401=EDGE_LOOP('',(#6387,#6393,#6394,#6400));
#6402=FACE_OUTER_BOUND('',#6401,.T.);
#6403=ADVANCED_FACE('',(#6402),#6386,.T.);
#6404=CARTESIAN_POINT('',(44.249999999999986,59.999999999999972,100.0));
#6405=DIRECTION('',(-1.0,0.0,0.0));
#6406=DIRECTION('',(0.0,0.0,1.0));
#6407=AXIS2_PLACEMENT_3D('',#6404,#6405,#6406);
#6408=PLANE('',#6407);
#6409=ORIENTED_EDGE('',*,*,#6399,.F.);
#6410=ORIENTED_EDGE('',*,*,#1371,.F.);
#6411=CARTESIAN_POINT('',(44.249999999999986,55.999999999999979,100.0));
#6412=DIRECTION('',(0.0,0.0,-1.0));
#6413=VECTOR('',#6412,100.0);
#6414=LINE('',#6411,#6413);
#6415=EDGE_CURVE('',#3302,#1358,#6414,.T.);
#6416=ORIENTED_EDGE('',*,*,#6415,.F.);
#6417=ORIENTED_EDGE('',*,*,#3307,.F.);
#6418=EDGE_LOOP('',(#6409,#6410,#6416,#6417));
#6419=FACE_OUTER_BOUND('',#6418,.T.);
#6420=ADVANCED_FACE('',(#6419),#6408,.T.);
#6421=CARTESIAN_POINT('',(59.499999999999986,44.749999999999972,50.0));
#6422=DIRECTION('',(0.707106781186548,-0.707106781186548,0.0));
#6423=DIRECTION('',(0.0,0.0,-1.0));
#6424=AXIS2_PLACEMENT_3D('',#6421,#6422,#6423);
#6425=PLANE('',#6424);
#6426=ORIENTED_EDGE('',*,*,#1412,.T.);
#6427=ORIENTED_EDGE('',*,*,#2880,.T.);
#6428=ORIENTED_EDGE('',*,*,#3281,.T.);
#6429=CARTESIAN_POINT('',(58.999999999999986,44.249999999999972,100.0));
#6430=DIRECTION('',(0.0,0.0,-1.0));
#6431=VECTOR('',#6430,100.0);
#6432=LINE('',#6429,#6431);
#6433=EDGE_CURVE('',#3270,#1407,#6432,.T.);
#6434=ORIENTED_EDGE('',*,*,#6433,.T.);
#6435=EDGE_LOOP('',(#6426,#6427,#6428,#6434));
#6436=FACE_OUTER_BOUND('',#6435,.T.);
#6437=ADVANCED_FACE('',(#6436),#6425,.T.);
#6438=CARTESIAN_POINT('',(59.999999999999986,44.249999999999972,100.0));
#6439=DIRECTION('',(0.0,1.0,0.0));
#6440=DIRECTION('',(0.0,0.0,1.0));
#6441=AXIS2_PLACEMENT_3D('',#6438,#6439,#6440);
#6442=PLANE('',#6441);
#6443=ORIENTED_EDGE('',*,*,#6433,.F.);
#6444=ORIENTED_EDGE('',*,*,#3275,.F.);
#6445=CARTESIAN_POINT('',(55.999999999999986,44.249999999999972,100.0));
#6446=DIRECTION('',(0.0,0.0,-1.0));
#6447=VECTOR('',#6446,100.0);
#6448=LINE('',#6445,#6447);
#6449=EDGE_CURVE('',#3262,#1415,#6448,.T.);
#6450=ORIENTED_EDGE('',*,*,#6449,.T.);
#6451=ORIENTED_EDGE('',*,*,#1420,.F.);
#6452=EDGE_LOOP('',(#6443,#6444,#6450,#6451));
#6453=FACE_OUTER_BOUND('',#6452,.T.);
#6454=ADVANCED_FACE('',(#6453),#6442,.F.);
#6455=CARTESIAN_POINT('',(48.699999999999989,57.030441927275533,100.0));
#6456=DIRECTION('',(4.079220E-017,-4.079220E-017,1.0));
#6457=DIRECTION('',(0.173648177666928,0.984807753012208,3.308898E-017));
#6458=AXIS2_PLACEMENT_3D('',#6455,#6456,#6457);
#6459=CYLINDRICAL_SURFACE('',#6458,0.899999999999997);
#6460=ORIENTED_EDGE('',*,*,#1330,.F.);
#6461=CARTESIAN_POINT('',(49.599999999999994,57.030441927275533,100.0));
#6462=DIRECTION('',(0.0,0.0,-1.0));
#6463=VECTOR('',#6462,100.0);
#6464=LINE('',#6461,#6463);
#6465=EDGE_CURVE('',#3343,#1316,#6464,.T.);
#6466=ORIENTED_EDGE('',*,*,#6465,.F.);
#6467=ORIENTED_EDGE('',*,*,#3349,.F.);
#6468=CARTESIAN_POINT('',(48.856283359900232,57.916768904986512,100.0));
#6469=DIRECTION('',(0.0,0.0,-1.0));
#6470=VECTOR('',#6469,100.0);
#6471=LINE('',#6468,#6470);
#6472=EDGE_CURVE('',#3335,#1324,#6471,.T.);
#6473=ORIENTED_EDGE('',*,*,#6472,.T.);
#6474=EDGE_LOOP('',(#6460,#6466,#6467,#6473));
#6475=FACE_OUTER_BOUND('',#6474,.T.);
#6476=ADVANCED_FACE('',(#6475),#6459,.F.);
#6477=CARTESIAN_POINT('',(49.599999999999994,56.088163490354205,100.0));
#6478=DIRECTION('',(-1.0,0.0,0.0));
#6479=DIRECTION('',(0.0,0.0,1.0));
#6480=AXIS2_PLACEMENT_3D('',#6477,#6478,#6479);
#6481=PLANE('',#6480);
#6482=ORIENTED_EDGE('',*,*,#1321,.F.);
#6483=CARTESIAN_POINT('',(49.599999999999994,52.333865619795823,100.0));
#6484=DIRECTION('',(0.0,0.0,-1.0));
#6485=VECTOR('',#6484,100.0);
#6486=LINE('',#6483,#6485);
#6487=EDGE_CURVE('',#3352,#1307,#6486,.T.);
#6488=ORIENTED_EDGE('',*,*,#6487,.F.);
#6489=ORIENTED_EDGE('',*,*,#3357,.F.);
#6490=ORIENTED_EDGE('',*,*,#6465,.T.);
#6491=EDGE_LOOP('',(#6482,#6488,#6489,#6490));
#6492=FACE_OUTER_BOUND('',#6491,.T.);
#6493=ADVANCED_FACE('',(#6492),#6481,.T.);
#6494=CARTESIAN_POINT('',(46.599999999999980,52.333865619795823,100.0));
#6495=DIRECTION('',(4.079220E-017,-4.079220E-017,1.0));
#6496=DIRECTION('',(1.0,0.0,0.0));
#6497=AXIS2_PLACEMENT_3D('',#6494,#6495,#6496);
#6498=CYLINDRICAL_SURFACE('',#6497,2.999999999999987);
#6499=ORIENTED_EDGE('',*,*,#1313,.F.);
#6500=CARTESIAN_POINT('',(48.721320343559633,50.212545276236177,100.0));
#6501=DIRECTION('',(0.0,0.0,-1.0));
#6502=VECTOR('',#6501,100.0);
#6503=LINE('',#6500,#6502);
#6504=EDGE_CURVE('',#3360,#1299,#6503,.T.);
#6505=ORIENTED_EDGE('',*,*,#6504,.F.);
#6506=ORIENTED_EDGE('',*,*,#3366,.F.);
#6507=ORIENTED_EDGE('',*,*,#6487,.T.);
#6508=EDGE_LOOP('',(#6499,#6505,#6506,#6507));
#6509=FACE_OUTER_BOUND('',#6508,.T.);
#6510=ADVANCED_FACE('',(#6509),#6498,.F.);
#6511=CARTESIAN_POINT('',(48.721320343559633,50.212545276236177,100.0));
#6512=DIRECTION('',(-0.707106781186548,0.707106781186547,5.768888E-017));
#6513=DIRECTION('',(0.0,0.0,1.0));
#6514=AXIS2_PLACEMENT_3D('',#6511,#6512,#6513);
#6515=PLANE('',#6514);
#6516=ORIENTED_EDGE('',*,*,#1304,.F.);
#6517=CARTESIAN_POINT('',(48.187454723763786,49.678679656440330,100.0));
#6518=DIRECTION('',(0.0,0.0,-1.0));
#6519=VECTOR('',#6518,100.0);
#6520=LINE('',#6517,#6519);
#6521=EDGE_CURVE('',#3369,#1290,#6520,.T.);
#6522=ORIENTED_EDGE('',*,*,#6521,.F.);
#6523=ORIENTED_EDGE('',*,*,#3374,.F.);
#6524=ORIENTED_EDGE('',*,*,#6504,.T.);
#6525=EDGE_LOOP('',(#6516,#6522,#6523,#6524));
#6526=FACE_OUTER_BOUND('',#6525,.T.);
#6527=ADVANCED_FACE('',(#6526),#6515,.T.);
#6528=CARTESIAN_POINT('',(46.066134380204140,51.799999999999983,100.0));
#6529=DIRECTION('',(4.079220E-017,-4.079220E-017,1.0));
#6530=DIRECTION('',(0.707106781186547,-0.707106781186548,-5.768888E-017));
#6531=AXIS2_PLACEMENT_3D('',#6528,#6529,#6530);
#6532=CYLINDRICAL_SURFACE('',#6531,3.000000000000010);
#6533=ORIENTED_EDGE('',*,*,#1296,.F.);
#6534=CARTESIAN_POINT('',(46.066134380204133,48.799999999999969,100.0));
#6535=DIRECTION('',(0.0,0.0,-1.0));
#6536=VECTOR('',#6535,100.0);
#6537=LINE('',#6534,#6536);
#6538=EDGE_CURVE('',#3377,#1282,#6537,.T.);
#6539=ORIENTED_EDGE('',*,*,#6538,.F.);
#6540=ORIENTED_EDGE('',*,*,#3383,.F.);
#6541=ORIENTED_EDGE('',*,*,#6521,.T.);
#6542=EDGE_LOOP('',(#6533,#6539,#6540,#6541));
#6543=FACE_OUTER_BOUND('',#6542,.T.);
#6544=ADVANCED_FACE('',(#6543),#6532,.F.);
#6545=CARTESIAN_POINT('',(44.249999999999986,55.999999999999979,100.0));
#6546=DIRECTION('',(0.0,-1.0,0.0));
#6547=DIRECTION('',(0.0,0.0,1.0));
#6548=AXIS2_PLACEMENT_3D('',#6545,#6546,#6547);
#6549=PLANE('',#6548);
#6550=ORIENTED_EDGE('',*,*,#1363,.F.);
#6551=CARTESIAN_POINT('',(47.249999999999986,55.999999999999972,100.0));
#6552=DIRECTION('',(0.0,0.0,-1.0));
#6553=VECTOR('',#6552,100.0);
#6554=LINE('',#6551,#6553);
#6555=EDGE_CURVE('',#3310,#1350,#6554,.T.);
#6556=ORIENTED_EDGE('',*,*,#6555,.F.);
#6557=ORIENTED_EDGE('',*,*,#3315,.F.);
#6558=ORIENTED_EDGE('',*,*,#6415,.T.);
#6559=EDGE_LOOP('',(#6550,#6556,#6557,#6558));
#6560=FACE_OUTER_BOUND('',#6559,.T.);
#6561=ADVANCED_FACE('',(#6560),#6549,.T.);
#6562=CARTESIAN_POINT('',(47.249999999999986,55.999999999999972,100.0));
#6563=DIRECTION('',(1.0,0.0,0.0));
#6564=DIRECTION('',(0.0,0.0,-1.0));
#6565=AXIS2_PLACEMENT_3D('',#6562,#6563,#6564);
#6566=PLANE('',#6565);
#6567=ORIENTED_EDGE('',*,*,#1355,.F.);
#6568=CARTESIAN_POINT('',(47.249999999999986,57.604123203702862,100.0));
#6569=DIRECTION('',(0.0,0.0,-1.0));
#6570=VECTOR('',#6569,100.0);
#6571=LINE('',#6568,#6570);
#6572=EDGE_CURVE('',#3318,#1341,#6571,.T.);
#6573=ORIENTED_EDGE('',*,*,#6572,.F.);
#6574=ORIENTED_EDGE('',*,*,#3323,.F.);
#6575=ORIENTED_EDGE('',*,*,#6555,.T.);
#6576=EDGE_LOOP('',(#6567,#6573,#6574,#6575));
#6577=FACE_OUTER_BOUND('',#6576,.T.);
#6578=ADVANCED_FACE('',(#6577),#6566,.T.);
#6579=CARTESIAN_POINT('',(47.749999999999986,57.604123203702862,100.0));
#6580=DIRECTION('',(4.079220E-017,-4.079220E-017,1.0));
#6581=DIRECTION('',(-1.0,0.0,0.0));
#6582=AXIS2_PLACEMENT_3D('',#6579,#6580,#6581);
#6583=CYLINDRICAL_SURFACE('',#6582,0.500000000000000);
#6584=ORIENTED_EDGE('',*,*,#1347,.F.);
#6585=CARTESIAN_POINT('',(47.836824088833453,58.096527080208972,100.0));
#6586=DIRECTION('',(0.0,0.0,-1.0));
#6587=VECTOR('',#6586,100.0);
#6588=LINE('',#6585,#6587);
#6589=EDGE_CURVE('',#3326,#1333,#6588,.T.);
#6590=ORIENTED_EDGE('',*,*,#6589,.F.);
#6591=ORIENTED_EDGE('',*,*,#3332,.F.);
#6592=ORIENTED_EDGE('',*,*,#6572,.T.);
#6593=EDGE_LOOP('',(#6584,#6590,#6591,#6592));
#6594=FACE_OUTER_BOUND('',#6593,.T.);
#6595=ADVANCED_FACE('',(#6594),#6583,.F.);
#6596=CARTESIAN_POINT('',(47.836824088833453,58.096527080208972,100.0));
#6597=DIRECTION('',(-0.173648177666925,-0.984807753012209,-3.308898E-017));
#6598=DIRECTION('',(0.0,0.0,1.0));
#6599=AXIS2_PLACEMENT_3D('',#6596,#6597,#6598);
#6600=PLANE('',#6599);
#6601=ORIENTED_EDGE('',*,*,#1338,.F.);
#6602=ORIENTED_EDGE('',*,*,#6472,.F.);
#6603=ORIENTED_EDGE('',*,*,#3340,.F.);
#6604=ORIENTED_EDGE('',*,*,#6589,.T.);
#6605=EDGE_LOOP('',(#6601,#6602,#6603,#6604));
#6606=FACE_OUTER_BOUND('',#6605,.T.);
#6607=ADVANCED_FACE('',(#6606),#6600,.T.);
#6608=CARTESIAN_POINT('',(31.299999999999990,57.030441927275533,100.0));
#6609=DIRECTION('',(0.0,0.0,-1.0));
#6610=DIRECTION('',(-0.173648177666928,0.984807753012209,0.0));
#6611=AXIS2_PLACEMENT_3D('',#6608,#6609,#6610);
#6612=CYLINDRICAL_SURFACE('',#6611,0.899999999999997);
#6613=ORIENTED_EDGE('',*,*,#1245,.F.);
#6614=CARTESIAN_POINT('',(31.143716640099758,57.916768904986512,100.0));
#6615=DIRECTION('',(0.0,0.0,-1.0));
#6616=VECTOR('',#6615,100.0);
#6617=LINE('',#6614,#6616);
#6618=EDGE_CURVE('',#3428,#1231,#6617,.T.);
#6619=ORIENTED_EDGE('',*,*,#6618,.F.);
#6620=ORIENTED_EDGE('',*,*,#3434,.F.);
#6621=CARTESIAN_POINT('',(30.399999999999991,57.030441927275533,100.0));
#6622=DIRECTION('',(0.0,0.0,-1.0));
#6623=VECTOR('',#6622,100.0);
#6624=LINE('',#6621,#6623);
#6625=EDGE_CURVE('',#3420,#1239,#6624,.T.);
#6626=ORIENTED_EDGE('',*,*,#6625,.T.);
#6627=EDGE_LOOP('',(#6613,#6619,#6620,#6626));
#6628=FACE_OUTER_BOUND('',#6627,.T.);
#6629=ADVANCED_FACE('',(#6628),#6612,.F.);
#6630=CARTESIAN_POINT('',(30.399999999999991,56.088163490354212,100.0));
#6631=DIRECTION('',(-1.0,0.0,0.0));
#6632=DIRECTION('',(0.0,0.0,1.0));
#6633=AXIS2_PLACEMENT_3D('',#6630,#6631,#6632);
#6634=PLANE('',#6633);
#6635=ORIENTED_EDGE('',*,*,#1253,.F.);
#6636=ORIENTED_EDGE('',*,*,#6625,.F.);
#6637=ORIENTED_EDGE('',*,*,#3425,.F.);
#6638=CARTESIAN_POINT('',(30.399999999999991,52.333865619795830,100.0));
#6639=DIRECTION('',(0.0,0.0,-1.0));
#6640=VECTOR('',#6639,100.0);
#6641=LINE('',#6638,#6640);
#6642=EDGE_CURVE('',#3411,#1248,#6641,.T.);
#6643=ORIENTED_EDGE('',*,*,#6642,.T.);
#6644=EDGE_LOOP('',(#6635,#6636,#6637,#6643));
#6645=FACE_OUTER_BOUND('',#6644,.T.);
#6646=ADVANCED_FACE('',(#6645),#6634,.F.);
#6647=CARTESIAN_POINT('',(33.399999999999999,52.333865619795823,100.0));
#6648=DIRECTION('',(0.0,0.0,-1.0));
#6649=DIRECTION('',(-1.0,0.0,0.0));
#6650=AXIS2_PLACEMENT_3D('',#6647,#6648,#6649);
#6651=CYLINDRICAL_SURFACE('',#6650,2.999999999999987);
#6652=ORIENTED_EDGE('',*,*,#1262,.F.);
#6653=ORIENTED_EDGE('',*,*,#6642,.F.);
#6654=ORIENTED_EDGE('',*,*,#3417,.F.);
#6655=CARTESIAN_POINT('',(31.278679656440353,50.212545276236185,100.0));
#6656=DIRECTION('',(0.0,0.0,-1.0));
#6657=VECTOR('',#6656,100.0);
#6658=LINE('',#6655,#6657);
#6659=EDGE_CURVE('',#3403,#1256,#6658,.T.);
#6660=ORIENTED_EDGE('',*,*,#6659,.T.);
#6661=EDGE_LOOP('',(#6652,#6653,#6654,#6660));
#6662=FACE_OUTER_BOUND('',#6661,.T.);
#6663=ADVANCED_FACE('',(#6662),#6651,.F.);
#6664=CARTESIAN_POINT('',(31.278679656440353,50.212545276236185,100.0));
#6665=DIRECTION('',(-0.707106781186548,-0.707106781186547,0.0));
#6666=DIRECTION('',(0.0,0.0,1.0));
#6667=AXIS2_PLACEMENT_3D('',#6664,#6665,#6666);
#6668=PLANE('',#6667);
#6669=ORIENTED_EDGE('',*,*,#1270,.F.);
#6670=ORIENTED_EDGE('',*,*,#6659,.F.);
#6671=ORIENTED_EDGE('',*,*,#3408,.F.);
#6672=CARTESIAN_POINT('',(31.812545276236193,49.678679656440330,100.0));
#6673=DIRECTION('',(0.0,0.0,-1.0));
#6674=VECTOR('',#6673,100.0);
#6675=LINE('',#6672,#6674);
#6676=EDGE_CURVE('',#3394,#1265,#6675,.T.);
#6677=ORIENTED_EDGE('',*,*,#6676,.T.);
#6678=EDGE_LOOP('',(#6669,#6670,#6671,#6677));
#6679=FACE_OUTER_BOUND('',#6678,.T.);
#6680=ADVANCED_FACE('',(#6679),#6668,.F.);
#6681=CARTESIAN_POINT('',(33.933865619795839,51.799999999999983,100.0));
#6682=DIRECTION('',(0.0,0.0,-1.0));
#6683=DIRECTION('',(-0.707106781186548,-0.707106781186547,0.0));
#6684=AXIS2_PLACEMENT_3D('',#6681,#6682,#6683);
#6685=CYLINDRICAL_SURFACE('',#6684,3.000000000000010);
#6686=ORIENTED_EDGE('',*,*,#1279,.F.);
#6687=ORIENTED_EDGE('',*,*,#6676,.F.);
#6688=ORIENTED_EDGE('',*,*,#3400,.F.);
#6689=CARTESIAN_POINT('',(33.933865619795839,48.799999999999969,100.0));
#6690=DIRECTION('',(0.0,0.0,-1.0));
#6691=VECTOR('',#6690,100.0);
#6692=LINE('',#6689,#6691);
#6693=EDGE_CURVE('',#3386,#1273,#6692,.T.);
#6694=ORIENTED_EDGE('',*,*,#6693,.T.);
#6695=EDGE_LOOP('',(#6686,#6687,#6688,#6694));
#6696=FACE_OUTER_BOUND('',#6695,.T.);
#6697=ADVANCED_FACE('',(#6696),#6685,.F.);
#6698=CARTESIAN_POINT('',(33.933865619795839,48.799999999999969,100.0));
#6699=DIRECTION('',(0.0,-1.0,0.0));
#6700=DIRECTION('',(0.0,0.0,-1.0));
#6701=AXIS2_PLACEMENT_3D('',#6698,#6699,#6700);
#6702=PLANE('',#6701);
#6703=ORIENTED_EDGE('',*,*,#1287,.F.);
#6704=ORIENTED_EDGE('',*,*,#6693,.F.);
#6705=ORIENTED_EDGE('',*,*,#3391,.F.);
#6706=ORIENTED_EDGE('',*,*,#6538,.T.);
#6707=EDGE_LOOP('',(#6703,#6704,#6705,#6706));
#6708=FACE_OUTER_BOUND('',#6707,.T.);
#6709=ADVANCED_FACE('',(#6708),#6702,.F.);
#6710=CARTESIAN_POINT('',(35.750000000000000,55.999999999999979,100.0));
#6711=DIRECTION('',(0.0,1.0,0.0));
#6712=DIRECTION('',(0.0,0.0,1.0));
#6713=AXIS2_PLACEMENT_3D('',#6710,#6711,#6712);
#6714=PLANE('',#6713);
#6715=ORIENTED_EDGE('',*,*,#1211,.F.);
#6716=ORIENTED_EDGE('',*,*,#6376,.F.);
#6717=ORIENTED_EDGE('',*,*,#3467,.F.);
#6718=CARTESIAN_POINT('',(32.749999999999993,55.999999999999979,100.0));
#6719=DIRECTION('',(0.0,0.0,-1.0));
#6720=VECTOR('',#6719,100.0);
#6721=LINE('',#6718,#6720);
#6722=EDGE_CURVE('',#3454,#1206,#6721,.T.);
#6723=ORIENTED_EDGE('',*,*,#6722,.T.);
#6724=EDGE_LOOP('',(#6715,#6716,#6717,#6723));
#6725=FACE_OUTER_BOUND('',#6724,.T.);
#6726=ADVANCED_FACE('',(#6725),#6714,.F.);
#6727=CARTESIAN_POINT('',(32.749999999999993,55.999999999999979,100.0));
#6728=DIRECTION('',(1.0,0.0,0.0));
#6729=DIRECTION('',(0.0,0.0,-1.0));
#6730=AXIS2_PLACEMENT_3D('',#6727,#6728,#6729);
#6731=PLANE('',#6730);
#6732=ORIENTED_EDGE('',*,*,#1219,.F.);
#6733=ORIENTED_EDGE('',*,*,#6722,.F.);
#6734=ORIENTED_EDGE('',*,*,#3459,.F.);
#6735=CARTESIAN_POINT('',(32.749999999999993,57.604123203702869,100.0));
#6736=DIRECTION('',(0.0,0.0,-1.0));
#6737=VECTOR('',#6736,100.0);
#6738=LINE('',#6735,#6737);
#6739=EDGE_CURVE('',#3445,#1214,#6738,.T.);
#6740=ORIENTED_EDGE('',*,*,#6739,.T.);
#6741=EDGE_LOOP('',(#6732,#6733,#6734,#6740));
#6742=FACE_OUTER_BOUND('',#6741,.T.);
#6743=ADVANCED_FACE('',(#6742),#6731,.F.);
#6744=CARTESIAN_POINT('',(32.250000000000000,57.604123203702869,100.0));
#6745=DIRECTION('',(0.0,0.0,-1.0));
#6746=DIRECTION('',(1.0,0.0,0.0));
#6747=AXIS2_PLACEMENT_3D('',#6744,#6745,#6746);
#6748=CYLINDRICAL_SURFACE('',#6747,0.500000000000000);
#6749=ORIENTED_EDGE('',*,*,#1228,.F.);
#6750=ORIENTED_EDGE('',*,*,#6739,.F.);
#6751=ORIENTED_EDGE('',*,*,#3451,.F.);
#6752=CARTESIAN_POINT('',(32.163175911166533,58.096527080208972,100.0));
#6753=DIRECTION('',(0.0,0.0,-1.0));
#6754=VECTOR('',#6753,100.0);
#6755=LINE('',#6752,#6754);
#6756=EDGE_CURVE('',#3437,#1222,#6755,.T.);
#6757=ORIENTED_EDGE('',*,*,#6756,.T.);
#6758=EDGE_LOOP('',(#6749,#6750,#6751,#6757));
#6759=FACE_OUTER_BOUND('',#6758,.T.);
#6760=ADVANCED_FACE('',(#6759),#6748,.F.);
#6761=CARTESIAN_POINT('',(32.163175911166533,58.096527080208972,100.0));
#6762=DIRECTION('',(-0.173648177666925,0.984807753012209,0.0));
#6763=DIRECTION('',(0.0,0.0,1.0));
#6764=AXIS2_PLACEMENT_3D('',#6761,#6762,#6763);
#6765=PLANE('',#6764);
#6766=ORIENTED_EDGE('',*,*,#1236,.F.);
#6767=ORIENTED_EDGE('',*,*,#6756,.F.);
#6768=ORIENTED_EDGE('',*,*,#3442,.F.);
#6769=ORIENTED_EDGE('',*,*,#6618,.T.);
#6770=EDGE_LOOP('',(#6766,#6767,#6768,#6769));
#6771=FACE_OUTER_BOUND('',#6770,.T.);
#6772=ADVANCED_FACE('',(#6771),#6765,.F.);
#6773=CARTESIAN_POINT('',(51.199999999999982,51.199999999999967,100.0));
#6774=DIRECTION('',(0.0,-1.0,0.0));
#6775=DIRECTION('',(0.0,0.0,-1.0));
#6776=AXIS2_PLACEMENT_3D('',#6773,#6774,#6775);
#6777=PLANE('',#6776);
#6778=ORIENTED_EDGE('',*,*,#1979,.F.);
#6779=CARTESIAN_POINT('',(51.199999999999982,51.199999999999967,100.0));
#6780=DIRECTION('',(0.0,0.0,-1.0));
#6781=VECTOR('',#6780,100.0);
#6782=LINE('',#6779,#6781);
#6783=EDGE_CURVE('',#4838,#1972,#6782,.T.);
#6784=ORIENTED_EDGE('',*,*,#6783,.F.);
#6785=ORIENTED_EDGE('',*,*,#4843,.F.);
#6786=CARTESIAN_POINT('',(58.399999999999977,51.199999999999974,100.0));
#6787=DIRECTION('',(0.0,0.0,-1.0));
#6788=VECTOR('',#6787,100.0);
#6789=LINE('',#6786,#6788);
#6790=EDGE_CURVE('',#4836,#1974,#6789,.T.);
#6791=ORIENTED_EDGE('',*,*,#6790,.T.);
#6792=EDGE_LOOP('',(#6778,#6784,#6785,#6791));
#6793=FACE_OUTER_BOUND('',#6792,.T.);
#6794=ADVANCED_FACE('',(#6793),#6777,.F.);
#6795=CARTESIAN_POINT('',(58.399999999999977,51.199999999999974,100.0));
#6796=DIRECTION('',(1.0,0.0,0.0));
#6797=DIRECTION('',(0.0,0.0,1.0));
#6798=AXIS2_PLACEMENT_3D('',#6795,#6796,#6797);
#6799=PLANE('',#6798);
#6800=ORIENTED_EDGE('',*,*,#1987,.F.);
#6801=ORIENTED_EDGE('',*,*,#6790,.F.);
#6802=ORIENTED_EDGE('',*,*,#4865,.F.);
#6803=CARTESIAN_POINT('',(58.399999999999977,58.399999999999970,100.0));
#6804=DIRECTION('',(0.0,0.0,-1.0));
#6805=VECTOR('',#6804,100.0);
#6806=LINE('',#6803,#6805);
#6807=EDGE_CURVE('',#4854,#1982,#6806,.T.);
#6808=ORIENTED_EDGE('',*,*,#6807,.T.);
#6809=EDGE_LOOP('',(#6800,#6801,#6802,#6808));
#6810=FACE_OUTER_BOUND('',#6809,.T.);
#6811=ADVANCED_FACE('',(#6810),#6799,.F.);
#6812=CARTESIAN_POINT('',(58.399999999999977,58.399999999999970,100.0));
#6813=DIRECTION('',(0.0,1.0,0.0));
#6814=DIRECTION('',(0.0,0.0,1.0));
#6815=AXIS2_PLACEMENT_3D('',#6812,#6813,#6814);
#6816=PLANE('',#6815);
#6817=ORIENTED_EDGE('',*,*,#1995,.F.);
#6818=ORIENTED_EDGE('',*,*,#6807,.F.);
#6819=ORIENTED_EDGE('',*,*,#4859,.F.);
#6820=CARTESIAN_POINT('',(51.199999999999974,58.399999999999963,100.0));
#6821=DIRECTION('',(0.0,0.0,-1.0));
#6822=VECTOR('',#6821,100.0);
#6823=LINE('',#6820,#6822);
#6824=EDGE_CURVE('',#4846,#1990,#6823,.T.);
#6825=ORIENTED_EDGE('',*,*,#6824,.T.);
#6826=EDGE_LOOP('',(#6817,#6818,#6819,#6825));
#6827=FACE_OUTER_BOUND('',#6826,.T.);
#6828=ADVANCED_FACE('',(#6827),#6816,.F.);
#6829=CARTESIAN_POINT('',(51.199999999999974,58.399999999999963,100.0));
#6830=DIRECTION('',(-1.0,0.0,0.0));
#6831=DIRECTION('',(0.0,0.0,-1.0));
#6832=AXIS2_PLACEMENT_3D('',#6829,#6830,#6831);
#6833=PLANE('',#6832);
#6834=ORIENTED_EDGE('',*,*,#2001,.F.);
#6835=ORIENTED_EDGE('',*,*,#6824,.F.);
#6836=ORIENTED_EDGE('',*,*,#4851,.F.);
#6837=ORIENTED_EDGE('',*,*,#6783,.T.);
#6838=EDGE_LOOP('',(#6834,#6835,#6836,#6837));
#6839=FACE_OUTER_BOUND('',#6838,.T.);
#6840=ADVANCED_FACE('',(#6839),#6833,.F.);
#6841=CARTESIAN_POINT('',(36.641242789363886,33.812815664617688,100.0));
#6842=DIRECTION('',(0.707106781186547,-0.707106781186548,0.0));
#6843=DIRECTION('',(0.0,0.0,1.0));
#6844=AXIS2_PLACEMENT_3D('',#6841,#6842,#6843);
#6845=PLANE('',#6844);
#6846=ORIENTED_EDGE('',*,*,#1967,.F.);
#6847=CARTESIAN_POINT('',(36.641242789363886,33.812815664617688,100.0));
#6848=DIRECTION('',(0.0,0.0,-1.0));
#6849=VECTOR('',#6848,100.0);
#6850=LINE('',#6847,#6849);
#6851=EDGE_CURVE('',#4881,#1955,#6850,.T.);
#6852=ORIENTED_EDGE('',*,*,#6851,.F.);
#6853=ORIENTED_EDGE('',*,*,#4886,.F.);
#6854=CARTESIAN_POINT('',(37.227180006262024,34.398752881515826,100.0));
#6855=DIRECTION('',(0.0,0.0,-1.0));
#6856=VECTOR('',#6855,100.0);
#6857=LINE('',#6854,#6856);
#6858=EDGE_CURVE('',#4872,#1834,#6857,.T.);
#6859=ORIENTED_EDGE('',*,*,#6858,.T.);
#6860=EDGE_LOOP('',(#6846,#6852,#6853,#6859));
#6861=FACE_OUTER_BOUND('',#6860,.T.);
#6862=ADVANCED_FACE('',(#6861),#6845,.F.);
#6863=CARTESIAN_POINT('',(34.398752881515833,37.227180006262017,100.0));
#6864=DIRECTION('',(-0.707106781186547,0.707106781186548,0.0));
#6865=DIRECTION('',(0.0,0.0,-1.0));
#6866=AXIS2_PLACEMENT_3D('',#6863,#6864,#6865);
#6867=PLANE('',#6866);
#6868=ORIENTED_EDGE('',*,*,#1952,.F.);
#6869=CARTESIAN_POINT('',(34.398752881515833,37.227180006262017,100.0));
#6870=DIRECTION('',(0.0,0.0,-1.0));
#6871=VECTOR('',#6870,100.0);
#6872=LINE('',#6869,#6871);
#6873=EDGE_CURVE('',#4898,#1938,#6872,.T.);
#6874=ORIENTED_EDGE('',*,*,#6873,.F.);
#6875=ORIENTED_EDGE('',*,*,#4903,.F.);
#6876=CARTESIAN_POINT('',(33.812815664617695,36.641242789363879,100.0));
#6877=DIRECTION('',(0.0,0.0,-1.0));
#6878=VECTOR('',#6877,100.0);
#6879=LINE('',#6876,#6878);
#6880=EDGE_CURVE('',#4889,#1947,#6879,.T.);
#6881=ORIENTED_EDGE('',*,*,#6880,.T.);
#6882=EDGE_LOOP('',(#6868,#6874,#6875,#6881));
#6883=FACE_OUTER_BOUND('',#6882,.T.);
#6884=ADVANCED_FACE('',(#6883),#6867,.F.);
#6885=CARTESIAN_POINT('',(35.227029226990794,35.227029226990780,100.0));
#6886=DIRECTION('',(0.0,0.0,-1.0));
#6887=DIRECTION('',(-0.707106781186547,0.707106781186548,0.0));
#6888=AXIS2_PLACEMENT_3D('',#6885,#6886,#6887);
#6889=CYLINDRICAL_SURFACE('',#6888,2.000000000000000);
#6890=ORIENTED_EDGE('',*,*,#1961,.F.);
#6891=ORIENTED_EDGE('',*,*,#6880,.F.);
#6892=ORIENTED_EDGE('',*,*,#4895,.F.);
#6893=ORIENTED_EDGE('',*,*,#6851,.T.);
#6894=EDGE_LOOP('',(#6890,#6891,#6892,#6893));
#6895=FACE_OUTER_BOUND('',#6894,.T.);
#6896=ADVANCED_FACE('',(#6895),#6889,.F.);
#6897=CARTESIAN_POINT('',(33.812815664617695,43.358757210636078,100.0));
#6898=DIRECTION('',(-0.707106781186548,-0.707106781186548,0.0));
#6899=DIRECTION('',(0.0,0.0,1.0));
#6900=AXIS2_PLACEMENT_3D('',#6897,#6898,#6899);
#6901=PLANE('',#6900);
#6902=ORIENTED_EDGE('',*,*,#1935,.F.);
#6903=CARTESIAN_POINT('',(33.812815664617695,43.358757210636078,100.0));
#6904=DIRECTION('',(0.0,0.0,-1.0));
#6905=VECTOR('',#6904,100.0);
#6906=LINE('',#6903,#6905);
#6907=EDGE_CURVE('',#4915,#1921,#6906,.T.);
#6908=ORIENTED_EDGE('',*,*,#6907,.F.);
#6909=ORIENTED_EDGE('',*,*,#4920,.F.);
#6910=CARTESIAN_POINT('',(34.398752881515833,42.772819993737940,100.0));
#6911=DIRECTION('',(0.0,0.0,-1.0));
#6912=VECTOR('',#6911,100.0);
#6913=LINE('',#6910,#6912);
#6914=EDGE_CURVE('',#4906,#1930,#6913,.T.);
#6915=ORIENTED_EDGE('',*,*,#6914,.T.);
#6916=EDGE_LOOP('',(#6902,#6908,#6909,#6915));
#6917=FACE_OUTER_BOUND('',#6916,.T.);
#6918=ADVANCED_FACE('',(#6917),#6901,.F.);
#6919=CARTESIAN_POINT('',(39.999999999999986,39.999999999999979,100.0));
#6920=DIRECTION('',(0.0,0.0,-1.0));
#6921=DIRECTION('',(-0.896199538957464,0.443651198998074,0.0));
#6922=AXIS2_PLACEMENT_3D('',#6919,#6920,#6921);
#6923=CYLINDRICAL_SURFACE('',#6922,6.249999999999999);
#6924=ORIENTED_EDGE('',*,*,#1944,.F.);
#6925=ORIENTED_EDGE('',*,*,#6914,.F.);
#6926=ORIENTED_EDGE('',*,*,#4912,.F.);
#6927=ORIENTED_EDGE('',*,*,#6873,.T.);
#6928=EDGE_LOOP('',(#6924,#6925,#6926,#6927));
#6929=FACE_OUTER_BOUND('',#6928,.T.);
#6930=ADVANCED_FACE('',(#6929),#6923,.F.);
#6931=CARTESIAN_POINT('',(37.227180006262024,45.601247118484132,100.0));
#6932=DIRECTION('',(0.707106781186548,0.707106781186548,0.0));
#6933=DIRECTION('',(0.0,0.0,-1.0));
#6934=AXIS2_PLACEMENT_3D('',#6931,#6932,#6933);
#6935=PLANE('',#6934);
#6936=ORIENTED_EDGE('',*,*,#1918,.F.);
#6937=CARTESIAN_POINT('',(37.227180006262024,45.601247118484132,100.0));
#6938=DIRECTION('',(0.0,0.0,-1.0));
#6939=VECTOR('',#6938,100.0);
#6940=LINE('',#6937,#6939);
#6941=EDGE_CURVE('',#4932,#1904,#6940,.T.);
#6942=ORIENTED_EDGE('',*,*,#6941,.F.);
#6943=ORIENTED_EDGE('',*,*,#4937,.F.);
#6944=CARTESIAN_POINT('',(36.641242789363886,46.187184335382270,100.0));
#6945=DIRECTION('',(0.0,0.0,-1.0));
#6946=VECTOR('',#6945,100.0);
#6947=LINE('',#6944,#6946);
#6948=EDGE_CURVE('',#4923,#1913,#6947,.T.);
#6949=ORIENTED_EDGE('',*,*,#6948,.T.);
#6950=EDGE_LOOP('',(#6936,#6942,#6943,#6949));
#6951=FACE_OUTER_BOUND('',#6950,.T.);
#6952=ADVANCED_FACE('',(#6951),#6935,.F.);
#6953=CARTESIAN_POINT('',(35.227029226990794,44.772970773009177,100.0));
#6954=DIRECTION('',(0.0,0.0,-1.0));
#6955=DIRECTION('',(0.707106781186548,0.707106781186547,0.0));
#6956=AXIS2_PLACEMENT_3D('',#6953,#6954,#6955);
#6957=CYLINDRICAL_SURFACE('',#6956,2.0);
#6958=ORIENTED_EDGE('',*,*,#1927,.F.);
#6959=ORIENTED_EDGE('',*,*,#6948,.F.);
#6960=ORIENTED_EDGE('',*,*,#4929,.F.);
#6961=ORIENTED_EDGE('',*,*,#6907,.T.);
#6962=EDGE_LOOP('',(#6958,#6959,#6960,#6961));
#6963=FACE_OUTER_BOUND('',#6962,.T.);
#6964=ADVANCED_FACE('',(#6963),#6957,.F.);
#6965=CARTESIAN_POINT('',(43.358757210636085,46.187184335382270,100.0));
#6966=DIRECTION('',(-0.707106781186548,0.707106781186548,0.0));
#6967=DIRECTION('',(0.0,0.0,1.0));
#6968=AXIS2_PLACEMENT_3D('',#6965,#6966,#6967);
#6969=PLANE('',#6968);
#6970=ORIENTED_EDGE('',*,*,#1901,.F.);
#6971=CARTESIAN_POINT('',(43.358757210636085,46.187184335382270,100.0));
#6972=DIRECTION('',(0.0,0.0,-1.0));
#6973=VECTOR('',#6972,100.0);
#6974=LINE('',#6971,#6973);
#6975=EDGE_CURVE('',#4949,#1887,#6974,.T.);
#6976=ORIENTED_EDGE('',*,*,#6975,.F.);
#6977=ORIENTED_EDGE('',*,*,#4954,.F.);
#6978=CARTESIAN_POINT('',(42.772819993737947,45.601247118484132,100.0));
#6979=DIRECTION('',(0.0,0.0,-1.0));
#6980=VECTOR('',#6979,100.0);
#6981=LINE('',#6978,#6980);
#6982=EDGE_CURVE('',#4940,#1896,#6981,.T.);
#6983=ORIENTED_EDGE('',*,*,#6982,.T.);
#6984=EDGE_LOOP('',(#6970,#6976,#6977,#6983));
#6985=FACE_OUTER_BOUND('',#6984,.T.);
#6986=ADVANCED_FACE('',(#6985),#6969,.F.);
#6987=CARTESIAN_POINT('',(39.999999999999986,39.999999999999979,100.0));
#6988=DIRECTION('',(0.0,0.0,-1.0));
#6989=DIRECTION('',(0.443651198998074,0.896199538957464,0.0));
#6990=AXIS2_PLACEMENT_3D('',#6987,#6988,#6989);
#6991=CYLINDRICAL_SURFACE('',#6990,6.249999999999999);
#6992=ORIENTED_EDGE('',*,*,#1910,.F.);
#6993=ORIENTED_EDGE('',*,*,#6982,.F.);
#6994=ORIENTED_EDGE('',*,*,#4946,.F.);
#6995=ORIENTED_EDGE('',*,*,#6941,.T.);
#6996=EDGE_LOOP('',(#6992,#6993,#6994,#6995));
#6997=FACE_OUTER_BOUND('',#6996,.T.);
#6998=ADVANCED_FACE('',(#6997),#6991,.F.);
#6999=CARTESIAN_POINT('',(45.601247118484139,42.772819993737940,100.0));
#7000=DIRECTION('',(0.707106781186548,-0.707106781186548,0.0));
#7001=DIRECTION('',(0.0,0.0,-1.0));
#7002=AXIS2_PLACEMENT_3D('',#6999,#7000,#7001);
#7003=PLANE('',#7002);
#7004=ORIENTED_EDGE('',*,*,#1884,.F.);
#7005=CARTESIAN_POINT('',(45.601247118484139,42.772819993737940,100.0));
#7006=DIRECTION('',(0.0,0.0,-1.0));
#7007=VECTOR('',#7006,100.0);
#7008=LINE('',#7005,#7007);
#7009=EDGE_CURVE('',#4966,#1870,#7008,.T.);
#7010=ORIENTED_EDGE('',*,*,#7009,.F.);
#7011=ORIENTED_EDGE('',*,*,#4971,.F.);
#7012=CARTESIAN_POINT('',(46.187184335382277,43.358757210636078,100.0));
#7013=DIRECTION('',(0.0,0.0,-1.0));
#7014=VECTOR('',#7013,100.0);
#7015=LINE('',#7012,#7014);
#7016=EDGE_CURVE('',#4957,#1879,#7015,.T.);
#7017=ORIENTED_EDGE('',*,*,#7016,.T.);
#7018=EDGE_LOOP('',(#7004,#7010,#7011,#7017));
#7019=FACE_OUTER_BOUND('',#7018,.T.);
#7020=ADVANCED_FACE('',(#7019),#7003,.F.);
#7021=CARTESIAN_POINT('',(44.772970773009185,44.772970773009177,100.0));
#7022=DIRECTION('',(0.0,0.0,-1.0));
#7023=DIRECTION('',(0.707106781186547,-0.707106781186548,0.0));
#7024=AXIS2_PLACEMENT_3D('',#7021,#7022,#7023);
#7025=CYLINDRICAL_SURFACE('',#7024,2.0);
#7026=ORIENTED_EDGE('',*,*,#1893,.F.);
#7027=ORIENTED_EDGE('',*,*,#7016,.F.);
#7028=ORIENTED_EDGE('',*,*,#4963,.F.);
#7029=ORIENTED_EDGE('',*,*,#6975,.T.);
#7030=EDGE_LOOP('',(#7026,#7027,#7028,#7029));
#7031=FACE_OUTER_BOUND('',#7030,.T.);
#7032=ADVANCED_FACE('',(#7031),#7025,.F.);
#7033=CARTESIAN_POINT('',(57.030441927275540,48.699999999999974,100.0));
#7034=DIRECTION('',(0.0,0.0,-1.0));
#7035=DIRECTION('',(0.984807753012209,0.173648177666928,0.0));
#7036=AXIS2_PLACEMENT_3D('',#7033,#7034,#7035);
#7037=CYLINDRICAL_SURFACE('',#7036,0.899999999999997);
#7038=ORIENTED_EDGE('',*,*,#1462,.F.);
#7039=CARTESIAN_POINT('',(57.916768904986533,48.856283359900210,100.0));
#7040=DIRECTION('',(0.0,0.0,-1.0));
#7041=VECTOR('',#7040,100.0);
#7042=LINE('',#7039,#7041);
#7043=EDGE_CURVE('',#3228,#1448,#7042,.T.);
#7044=ORIENTED_EDGE('',*,*,#7043,.F.);
#7045=ORIENTED_EDGE('',*,*,#3234,.F.);
#7046=CARTESIAN_POINT('',(57.030441927275540,49.599999999999973,100.0));
#7047=DIRECTION('',(0.0,0.0,-1.0));
#7048=VECTOR('',#7047,100.0);
#7049=LINE('',#7046,#7048);
#7050=EDGE_CURVE('',#3220,#1456,#7049,.T.);
#7051=ORIENTED_EDGE('',*,*,#7050,.T.);
#7052=EDGE_LOOP('',(#7038,#7044,#7045,#7051));
#7053=FACE_OUTER_BOUND('',#7052,.T.);
#7054=ADVANCED_FACE('',(#7053),#7037,.F.);
#7055=CARTESIAN_POINT('',(56.088163490354219,49.599999999999973,100.0));
#7056=DIRECTION('',(0.0,1.0,0.0));
#7057=DIRECTION('',(0.0,0.0,1.0));
#7058=AXIS2_PLACEMENT_3D('',#7055,#7056,#7057);
#7059=PLANE('',#7058);
#7060=ORIENTED_EDGE('',*,*,#1470,.F.);
#7061=ORIENTED_EDGE('',*,*,#7050,.F.);
#7062=ORIENTED_EDGE('',*,*,#3225,.F.);
#7063=CARTESIAN_POINT('',(52.333865619795844,49.599999999999973,100.0));
#7064=DIRECTION('',(0.0,0.0,-1.0));
#7065=VECTOR('',#7064,100.0);
#7066=LINE('',#7063,#7065);
#7067=EDGE_CURVE('',#3211,#1465,#7066,.T.);
#7068=ORIENTED_EDGE('',*,*,#7067,.T.);
#7069=EDGE_LOOP('',(#7060,#7061,#7062,#7068));
#7070=FACE_OUTER_BOUND('',#7069,.T.);
#7071=ADVANCED_FACE('',(#7070),#7059,.F.);
#7072=CARTESIAN_POINT('',(52.333865619795844,46.599999999999966,100.0));
#7073=DIRECTION('',(0.0,0.0,-1.0));
#7074=DIRECTION('',(0.0,1.0,0.0));
#7075=AXIS2_PLACEMENT_3D('',#7072,#7073,#7074);
#7076=CYLINDRICAL_SURFACE('',#7075,2.999999999999987);
#7077=ORIENTED_EDGE('',*,*,#1479,.F.);
#7078=ORIENTED_EDGE('',*,*,#7067,.F.);
#7079=ORIENTED_EDGE('',*,*,#3217,.F.);
#7080=CARTESIAN_POINT('',(50.212545276236185,48.721320343559611,100.0));
#7081=DIRECTION('',(0.0,0.0,-1.0));
#7082=VECTOR('',#7081,100.0);
#7083=LINE('',#7080,#7082);
#7084=EDGE_CURVE('',#3203,#1473,#7083,.T.);
#7085=ORIENTED_EDGE('',*,*,#7084,.T.);
#7086=EDGE_LOOP('',(#7077,#7078,#7079,#7085));
#7087=FACE_OUTER_BOUND('',#7086,.T.);
#7088=ADVANCED_FACE('',(#7087),#7076,.F.);
#7089=CARTESIAN_POINT('',(50.212545276236185,48.721320343559611,100.0));
#7090=DIRECTION('',(-0.707106781186547,0.707106781186548,0.0));
#7091=DIRECTION('',(0.0,0.0,1.0));
#7092=AXIS2_PLACEMENT_3D('',#7089,#7090,#7091);
#7093=PLANE('',#7092);
#7094=ORIENTED_EDGE('',*,*,#1487,.F.);
#7095=ORIENTED_EDGE('',*,*,#7084,.F.);
#7096=ORIENTED_EDGE('',*,*,#3208,.F.);
#7097=CARTESIAN_POINT('',(49.678679656440337,48.187454723763771,100.0));
#7098=DIRECTION('',(0.0,0.0,-1.0));
#7099=VECTOR('',#7098,100.0);
#7100=LINE('',#7097,#7099);
#7101=EDGE_CURVE('',#3194,#1482,#7100,.T.);
#7102=ORIENTED_EDGE('',*,*,#7101,.T.);
#7103=EDGE_LOOP('',(#7094,#7095,#7096,#7102));
#7104=FACE_OUTER_BOUND('',#7103,.T.);
#7105=ADVANCED_FACE('',(#7104),#7093,.F.);
#7106=CARTESIAN_POINT('',(51.799999999999997,46.066134380204119,100.0));
#7107=DIRECTION('',(0.0,0.0,-1.0));
#7108=DIRECTION('',(-0.707106781186547,0.707106781186548,0.0));
#7109=AXIS2_PLACEMENT_3D('',#7106,#7107,#7108);
#7110=CYLINDRICAL_SURFACE('',#7109,3.000000000000010);
#7111=ORIENTED_EDGE('',*,*,#1496,.F.);
#7112=ORIENTED_EDGE('',*,*,#7101,.F.);
#7113=ORIENTED_EDGE('',*,*,#3200,.F.);
#7114=CARTESIAN_POINT('',(48.799999999999983,46.066134380204119,100.0));
#7115=DIRECTION('',(0.0,0.0,-1.0));
#7116=VECTOR('',#7115,100.0);
#7117=LINE('',#7114,#7116);
#7118=EDGE_CURVE('',#3186,#1490,#7117,.T.);
#7119=ORIENTED_EDGE('',*,*,#7118,.T.);
#7120=EDGE_LOOP('',(#7111,#7112,#7113,#7119));
#7121=FACE_OUTER_BOUND('',#7120,.T.);
#7122=ADVANCED_FACE('',(#7121),#7110,.F.);
#7123=CARTESIAN_POINT('',(55.999999999999986,44.249999999999972,100.0));
#7124=DIRECTION('',(1.0,0.0,0.0));
#7125=DIRECTION('',(0.0,0.0,1.0));
#7126=AXIS2_PLACEMENT_3D('',#7123,#7124,#7125);
#7127=PLANE('',#7126);
#7128=ORIENTED_EDGE('',*,*,#1428,.F.);
#7129=ORIENTED_EDGE('',*,*,#6449,.F.);
#7130=ORIENTED_EDGE('',*,*,#3267,.F.);
#7131=CARTESIAN_POINT('',(55.999999999999986,47.249999999999972,100.0));
#7132=DIRECTION('',(0.0,0.0,-1.0));
#7133=VECTOR('',#7132,100.0);
#7134=LINE('',#7131,#7133);
#7135=EDGE_CURVE('',#3254,#1423,#7134,.T.);
#7136=ORIENTED_EDGE('',*,*,#7135,.T.);
#7137=EDGE_LOOP('',(#7128,#7129,#7130,#7136));
#7138=FACE_OUTER_BOUND('',#7137,.T.);
#7139=ADVANCED_FACE('',(#7138),#7127,.F.);
#7140=CARTESIAN_POINT('',(55.999999999999986,47.249999999999972,100.0));
#7141=DIRECTION('',(0.0,-1.0,0.0));
#7142=DIRECTION('',(0.0,0.0,-1.0));
#7143=AXIS2_PLACEMENT_3D('',#7140,#7141,#7142);
#7144=PLANE('',#7143);
#7145=ORIENTED_EDGE('',*,*,#1436,.F.);
#7146=ORIENTED_EDGE('',*,*,#7135,.F.);
#7147=ORIENTED_EDGE('',*,*,#3259,.F.);
#7148=CARTESIAN_POINT('',(57.604123203702869,47.249999999999972,100.0));
#7149=DIRECTION('',(0.0,0.0,-1.0));
#7150=VECTOR('',#7149,100.0);
#7151=LINE('',#7148,#7150);
#7152=EDGE_CURVE('',#3245,#1431,#7151,.T.);
#7153=ORIENTED_EDGE('',*,*,#7152,.T.);
#7154=EDGE_LOOP('',(#7145,#7146,#7147,#7153));
#7155=FACE_OUTER_BOUND('',#7154,.T.);
#7156=ADVANCED_FACE('',(#7155),#7144,.F.);
#7157=CARTESIAN_POINT('',(57.604123203702869,47.749999999999972,100.0));
#7158=DIRECTION('',(0.0,0.0,-1.0));
#7159=DIRECTION('',(0.0,-1.0,0.0));
#7160=AXIS2_PLACEMENT_3D('',#7157,#7158,#7159);
#7161=CYLINDRICAL_SURFACE('',#7160,0.500000000000000);
#7162=ORIENTED_EDGE('',*,*,#1445,.F.);
#7163=ORIENTED_EDGE('',*,*,#7152,.F.);
#7164=ORIENTED_EDGE('',*,*,#3251,.F.);
#7165=CARTESIAN_POINT('',(58.096527080208979,47.836824088833438,100.0));
#7166=DIRECTION('',(0.0,0.0,-1.0));
#7167=VECTOR('',#7166,100.0);
#7168=LINE('',#7165,#7167);
#7169=EDGE_CURVE('',#3237,#1439,#7168,.T.);
#7170=ORIENTED_EDGE('',*,*,#7169,.T.);
#7171=EDGE_LOOP('',(#7162,#7163,#7164,#7170));
#7172=FACE_OUTER_BOUND('',#7171,.T.);
#7173=ADVANCED_FACE('',(#7172),#7161,.F.);
#7174=CARTESIAN_POINT('',(58.096527080208979,47.836824088833438,100.0));
#7175=DIRECTION('',(0.984807753012209,0.173648177666925,0.0));
#7176=DIRECTION('',(0.0,0.0,1.0));
#7177=AXIS2_PLACEMENT_3D('',#7174,#7175,#7176);
#7178=PLANE('',#7177);
#7179=ORIENTED_EDGE('',*,*,#1453,.F.);
#7180=ORIENTED_EDGE('',*,*,#7169,.F.);
#7181=ORIENTED_EDGE('',*,*,#3242,.F.);
#7182=ORIENTED_EDGE('',*,*,#7043,.T.);
#7183=EDGE_LOOP('',(#7179,#7180,#7181,#7182));
#7184=FACE_OUTER_BOUND('',#7183,.T.);
#7185=ADVANCED_FACE('',(#7184),#7178,.F.);
#7186=CARTESIAN_POINT('',(1.565765E-014,59.999999999999972,0.0));
#7187=DIRECTION('',(0.0,-1.0,0.0));
#7188=DIRECTION('',(0.0,0.0,1.0));
#7189=AXIS2_PLACEMENT_3D('',#7186,#7187,#7188);
#7190=PLANE('',#7189);
#7191=ORIENTED_EDGE('',*,*,#2857,.F.);
#7192=ORIENTED_EDGE('',*,*,#1387,.F.);
#7193=ORIENTED_EDGE('',*,*,#6392,.F.);
#7194=ORIENTED_EDGE('',*,*,#3291,.T.);
#7195=EDGE_LOOP('',(#7191,#7192,#7193,#7194));
#7196=FACE_OUTER_BOUND('',#7195,.T.);
#7197=ADVANCED_FACE('',(#7196),#7190,.F.);
#7198=CARTESIAN_POINT('',(59.499999999999972,35.249999999999986,50.0));
#7199=DIRECTION('',(0.707106781186544,0.707106781186551,2.884444E-017));
#7200=DIRECTION('',(0.0,0.0,-1.0));
#7201=AXIS2_PLACEMENT_3D('',#7198,#7199,#7200);
#7202=PLANE('',#7201);
#7203=ORIENTED_EDGE('',*,*,#3099,.T.);
#7204=CARTESIAN_POINT('',(59.999999999999986,34.749999999999986,100.0));
#7205=DIRECTION('',(0.0,0.0,-1.0));
#7206=VECTOR('',#7205,100.0);
#7207=LINE('',#7204,#7206);
#7208=EDGE_CURVE('',#3086,#1591,#7207,.T.);
#7209=ORIENTED_EDGE('',*,*,#7208,.T.);
#7210=ORIENTED_EDGE('',*,*,#1596,.T.);
#7211=CARTESIAN_POINT('',(58.999999999999979,35.749999999999986,0.0));
#7212=DIRECTION('',(0.0,0.0,1.0));
#7213=VECTOR('',#7212,100.0);
#7214=LINE('',#7211,#7213);
#7215=EDGE_CURVE('',#1583,#3094,#7214,.T.);
#7216=ORIENTED_EDGE('',*,*,#7215,.T.);
#7217=EDGE_LOOP('',(#7203,#7209,#7210,#7216));
#7218=FACE_OUTER_BOUND('',#7217,.T.);
#7219=ADVANCED_FACE('',(#7218),#7202,.T.);
#7220=CARTESIAN_POINT('',(59.999999999999986,35.749999999999986,100.0));
#7221=DIRECTION('',(0.0,1.0,0.0));
#7222=DIRECTION('',(0.0,0.0,1.0));
#7223=AXIS2_PLACEMENT_3D('',#7220,#7221,#7222);
#7224=PLANE('',#7223);
#7225=ORIENTED_EDGE('',*,*,#7215,.F.);
#7226=ORIENTED_EDGE('',*,*,#1588,.F.);
#7227=CARTESIAN_POINT('',(55.999999999999979,35.749999999999986,100.0));
#7228=DIRECTION('',(0.0,0.0,-1.0));
#7229=VECTOR('',#7228,100.0);
#7230=LINE('',#7227,#7229);
#7231=EDGE_CURVE('',#3102,#1575,#7230,.T.);
#7232=ORIENTED_EDGE('',*,*,#7231,.F.);
#7233=ORIENTED_EDGE('',*,*,#3107,.F.);
#7234=EDGE_LOOP('',(#7225,#7226,#7232,#7233));
#7235=FACE_OUTER_BOUND('',#7234,.T.);
#7236=ADVANCED_FACE('',(#7235),#7224,.T.);
#7237=CARTESIAN_POINT('',(57.030441927275540,31.299999999999976,100.0));
#7238=DIRECTION('',(-4.079220E-017,-4.079220E-017,1.0));
#7239=DIRECTION('',(0.984807753012208,-0.173648177666928,3.308898E-017));
#7240=AXIS2_PLACEMENT_3D('',#7237,#7238,#7239);
#7241=CYLINDRICAL_SURFACE('',#7240,0.899999999999997);
#7242=ORIENTED_EDGE('',*,*,#1547,.F.);
#7243=CARTESIAN_POINT('',(57.030441927275540,30.399999999999977,100.0));
#7244=DIRECTION('',(0.0,0.0,-1.0));
#7245=VECTOR('',#7244,100.0);
#7246=LINE('',#7243,#7245);
#7247=EDGE_CURVE('',#3143,#1533,#7246,.T.);
#7248=ORIENTED_EDGE('',*,*,#7247,.F.);
#7249=ORIENTED_EDGE('',*,*,#3149,.F.);
#7250=CARTESIAN_POINT('',(57.916768904986526,31.143716640099743,100.0));
#7251=DIRECTION('',(0.0,0.0,-1.0));
#7252=VECTOR('',#7251,100.0);
#7253=LINE('',#7250,#7252);
#7254=EDGE_CURVE('',#3135,#1541,#7253,.T.);
#7255=ORIENTED_EDGE('',*,*,#7254,.T.);
#7256=EDGE_LOOP('',(#7242,#7248,#7249,#7255));
#7257=FACE_OUTER_BOUND('',#7256,.T.);
#7258=ADVANCED_FACE('',(#7257),#7241,.F.);
#7259=CARTESIAN_POINT('',(56.088163490354219,30.399999999999977,100.0));
#7260=DIRECTION('',(0.0,1.0,0.0));
#7261=DIRECTION('',(0.0,0.0,1.0));
#7262=AXIS2_PLACEMENT_3D('',#7259,#7260,#7261);
#7263=PLANE('',#7262);
#7264=ORIENTED_EDGE('',*,*,#1538,.F.);
#7265=CARTESIAN_POINT('',(52.333865619795844,30.399999999999977,100.0));
#7266=DIRECTION('',(0.0,0.0,-1.0));
#7267=VECTOR('',#7266,100.0);
#7268=LINE('',#7265,#7267);
#7269=EDGE_CURVE('',#3152,#1524,#7268,.T.);
#7270=ORIENTED_EDGE('',*,*,#7269,.F.);
#7271=ORIENTED_EDGE('',*,*,#3157,.F.);
#7272=ORIENTED_EDGE('',*,*,#7247,.T.);
#7273=EDGE_LOOP('',(#7264,#7270,#7271,#7272));
#7274=FACE_OUTER_BOUND('',#7273,.T.);
#7275=ADVANCED_FACE('',(#7274),#7263,.T.);
#7276=CARTESIAN_POINT('',(52.333865619795830,33.399999999999991,100.0));
#7277=DIRECTION('',(-4.079220E-017,-4.079220E-017,1.0));
#7278=DIRECTION('',(0.0,-1.0,0.0));
#7279=AXIS2_PLACEMENT_3D('',#7276,#7277,#7278);
#7280=CYLINDRICAL_SURFACE('',#7279,2.999999999999987);
#7281=ORIENTED_EDGE('',*,*,#1530,.F.);
#7282=CARTESIAN_POINT('',(50.212545276236185,31.278679656440339,100.0));
#7283=DIRECTION('',(0.0,0.0,-1.0));
#7284=VECTOR('',#7283,100.0);
#7285=LINE('',#7282,#7284);
#7286=EDGE_CURVE('',#3160,#1516,#7285,.T.);
#7287=ORIENTED_EDGE('',*,*,#7286,.F.);
#7288=ORIENTED_EDGE('',*,*,#3166,.F.);
#7289=ORIENTED_EDGE('',*,*,#7269,.T.);
#7290=EDGE_LOOP('',(#7281,#7287,#7288,#7289));
#7291=FACE_OUTER_BOUND('',#7290,.T.);
#7292=ADVANCED_FACE('',(#7291),#7280,.F.);
#7293=CARTESIAN_POINT('',(50.212545276236185,31.278679656440339,100.0));
#7294=DIRECTION('',(0.707106781186547,0.707106781186548,5.768888E-017));
#7295=DIRECTION('',(0.0,0.0,1.0));
#7296=AXIS2_PLACEMENT_3D('',#7293,#7294,#7295);
#7297=PLANE('',#7296);
#7298=ORIENTED_EDGE('',*,*,#1521,.F.);
#7299=CARTESIAN_POINT('',(49.678679656440337,31.812545276236182,100.0));
#7300=DIRECTION('',(0.0,0.0,-1.0));
#7301=VECTOR('',#7300,100.0);
#7302=LINE('',#7299,#7301);
#7303=EDGE_CURVE('',#3169,#1507,#7302,.T.);
#7304=ORIENTED_EDGE('',*,*,#7303,.F.);
#7305=ORIENTED_EDGE('',*,*,#3174,.F.);
#7306=ORIENTED_EDGE('',*,*,#7286,.T.);
#7307=EDGE_LOOP('',(#7298,#7304,#7305,#7306));
#7308=FACE_OUTER_BOUND('',#7307,.T.);
#7309=ADVANCED_FACE('',(#7308),#7297,.T.);
#7310=CARTESIAN_POINT('',(51.799999999999990,33.933865619795831,100.0));
#7311=DIRECTION('',(-4.079220E-017,-4.079220E-017,1.0));
#7312=DIRECTION('',(-0.707106781186548,-0.707106781186548,-5.768888E-017));
#7313=AXIS2_PLACEMENT_3D('',#7310,#7311,#7312);
#7314=CYLINDRICAL_SURFACE('',#7313,3.000000000000010);
#7315=ORIENTED_EDGE('',*,*,#1513,.F.);
#7316=CARTESIAN_POINT('',(48.799999999999983,33.933865619795831,100.0));
#7317=DIRECTION('',(0.0,0.0,-1.0));
#7318=VECTOR('',#7317,100.0);
#7319=LINE('',#7316,#7318);
#7320=EDGE_CURVE('',#3177,#1499,#7319,.T.);
#7321=ORIENTED_EDGE('',*,*,#7320,.F.);
#7322=ORIENTED_EDGE('',*,*,#3183,.F.);
#7323=ORIENTED_EDGE('',*,*,#7303,.T.);
#7324=EDGE_LOOP('',(#7315,#7321,#7322,#7323));
#7325=FACE_OUTER_BOUND('',#7324,.T.);
#7326=ADVANCED_FACE('',(#7325),#7314,.F.);
#7327=CARTESIAN_POINT('',(48.799999999999983,33.933865619795831,100.0));
#7328=DIRECTION('',(1.0,0.0,0.0));
#7329=DIRECTION('',(0.0,0.0,-1.0));
#7330=AXIS2_PLACEMENT_3D('',#7327,#7328,#7329);
#7331=PLANE('',#7330);
#7332=ORIENTED_EDGE('',*,*,#1504,.F.);
#7333=ORIENTED_EDGE('',*,*,#7118,.F.);
#7334=ORIENTED_EDGE('',*,*,#3191,.F.);
#7335=ORIENTED_EDGE('',*,*,#7320,.T.);
#7336=EDGE_LOOP('',(#7332,#7333,#7334,#7335));
#7337=FACE_OUTER_BOUND('',#7336,.T.);
#7338=ADVANCED_FACE('',(#7337),#7331,.T.);
#7339=CARTESIAN_POINT('',(55.999999999999979,35.749999999999986,100.0));
#7340=DIRECTION('',(-1.0,0.0,0.0));
#7341=DIRECTION('',(0.0,0.0,1.0));
#7342=AXIS2_PLACEMENT_3D('',#7339,#7340,#7341);
#7343=PLANE('',#7342);
#7344=ORIENTED_EDGE('',*,*,#1580,.F.);
#7345=CARTESIAN_POINT('',(55.999999999999979,32.749999999999979,100.0));
#7346=DIRECTION('',(0.0,0.0,-1.0));
#7347=VECTOR('',#7346,100.0);
#7348=LINE('',#7345,#7347);
#7349=EDGE_CURVE('',#3110,#1567,#7348,.T.);
#7350=ORIENTED_EDGE('',*,*,#7349,.F.);
#7351=ORIENTED_EDGE('',*,*,#3115,.F.);
#7352=ORIENTED_EDGE('',*,*,#7231,.T.);
#7353=EDGE_LOOP('',(#7344,#7350,#7351,#7352));
#7354=FACE_OUTER_BOUND('',#7353,.T.);
#7355=ADVANCED_FACE('',(#7354),#7343,.T.);
#7356=CARTESIAN_POINT('',(55.999999999999979,32.749999999999979,100.0));
#7357=DIRECTION('',(0.0,-1.0,0.0));
#7358=DIRECTION('',(0.0,0.0,-1.0));
#7359=AXIS2_PLACEMENT_3D('',#7356,#7357,#7358);
#7360=PLANE('',#7359);
#7361=ORIENTED_EDGE('',*,*,#1572,.F.);
#7362=CARTESIAN_POINT('',(57.604123203702869,32.749999999999979,100.0));
#7363=DIRECTION('',(0.0,0.0,-1.0));
#7364=VECTOR('',#7363,100.0);
#7365=LINE('',#7362,#7364);
#7366=EDGE_CURVE('',#3118,#1558,#7365,.T.);
#7367=ORIENTED_EDGE('',*,*,#7366,.F.);
#7368=ORIENTED_EDGE('',*,*,#3123,.F.);
#7369=ORIENTED_EDGE('',*,*,#7349,.T.);
#7370=EDGE_LOOP('',(#7361,#7367,#7368,#7369));
#7371=FACE_OUTER_BOUND('',#7370,.T.);
#7372=ADVANCED_FACE('',(#7371),#7360,.T.);
#7373=CARTESIAN_POINT('',(57.604123203702869,32.249999999999979,100.0));
#7374=DIRECTION('',(-4.079220E-017,-4.079220E-017,1.0));
#7375=DIRECTION('',(0.0,1.0,0.0));
#7376=AXIS2_PLACEMENT_3D('',#7373,#7374,#7375);
#7377=CYLINDRICAL_SURFACE('',#7376,0.500000000000000);
#7378=ORIENTED_EDGE('',*,*,#1564,.F.);
#7379=CARTESIAN_POINT('',(58.096527080208979,32.163175911166519,100.0));
#7380=DIRECTION('',(0.0,0.0,-1.0));
#7381=VECTOR('',#7380,100.0);
#7382=LINE('',#7379,#7381);
#7383=EDGE_CURVE('',#3126,#1550,#7382,.T.);
#7384=ORIENTED_EDGE('',*,*,#7383,.F.);
#7385=ORIENTED_EDGE('',*,*,#3132,.F.);
#7386=ORIENTED_EDGE('',*,*,#7366,.T.);
#7387=EDGE_LOOP('',(#7378,#7384,#7385,#7386));
#7388=FACE_OUTER_BOUND('',#7387,.T.);
#7389=ADVANCED_FACE('',(#7388),#7377,.F.);
#7390=CARTESIAN_POINT('',(58.096527080208979,32.163175911166519,100.0));
#7391=DIRECTION('',(-0.984807753012209,0.173648177666925,-3.308898E-017));
#7392=DIRECTION('',(0.0,0.0,1.0));
#7393=AXIS2_PLACEMENT_3D('',#7390,#7391,#7392);
#7394=PLANE('',#7393);
#7395=ORIENTED_EDGE('',*,*,#1555,.F.);
#7396=ORIENTED_EDGE('',*,*,#7254,.F.);
#7397=ORIENTED_EDGE('',*,*,#3140,.F.);
#7398=ORIENTED_EDGE('',*,*,#7383,.T.);
#7399=EDGE_LOOP('',(#7395,#7396,#7397,#7398));
#7400=FACE_OUTER_BOUND('',#7399,.T.);
#7401=ADVANCED_FACE('',(#7400),#7394,.T.);
#7402=CARTESIAN_POINT('',(46.187184335382277,36.641242789363879,100.0));
#7403=DIRECTION('',(0.707106781186547,0.707106781186548,0.0));
#7404=DIRECTION('',(0.0,0.0,1.0));
#7405=AXIS2_PLACEMENT_3D('',#7402,#7403,#7404);
#7406=PLANE('',#7405);
#7407=ORIENTED_EDGE('',*,*,#1867,.F.);
#7408=CARTESIAN_POINT('',(46.187184335382277,36.641242789363879,100.0));
#7409=DIRECTION('',(0.0,0.0,-1.0));
#7410=VECTOR('',#7409,100.0);
#7411=LINE('',#7408,#7410);
#7412=EDGE_CURVE('',#4983,#1853,#7411,.T.);
#7413=ORIENTED_EDGE('',*,*,#7412,.F.);
#7414=ORIENTED_EDGE('',*,*,#4988,.F.);
#7415=CARTESIAN_POINT('',(45.601247118484139,37.227180006262017,100.0));
#7416=DIRECTION('',(0.0,0.0,-1.0));
#7417=VECTOR('',#7416,100.0);
#7418=LINE('',#7415,#7417);
#7419=EDGE_CURVE('',#4974,#1862,#7418,.T.);
#7420=ORIENTED_EDGE('',*,*,#7419,.T.);
#7421=EDGE_LOOP('',(#7407,#7413,#7414,#7420));
#7422=FACE_OUTER_BOUND('',#7421,.T.);
#7423=ADVANCED_FACE('',(#7422),#7406,.F.);
#7424=CARTESIAN_POINT('',(39.999999999999986,39.999999999999979,100.0));
#7425=DIRECTION('',(0.0,0.0,-1.0));
#7426=DIRECTION('',(0.896199538957464,-0.443651198998074,0.0));
#7427=AXIS2_PLACEMENT_3D('',#7424,#7425,#7426);
#7428=CYLINDRICAL_SURFACE('',#7427,6.249999999999999);
#7429=ORIENTED_EDGE('',*,*,#1876,.F.);
#7430=ORIENTED_EDGE('',*,*,#7419,.F.);
#7431=ORIENTED_EDGE('',*,*,#4980,.F.);
#7432=ORIENTED_EDGE('',*,*,#7009,.T.);
#7433=EDGE_LOOP('',(#7429,#7430,#7431,#7432));
#7434=FACE_OUTER_BOUND('',#7433,.T.);
#7435=ADVANCED_FACE('',(#7434),#7428,.F.);
#7436=CARTESIAN_POINT('',(39.999999999999986,39.999999999999979,100.0));
#7437=DIRECTION('',(0.0,0.0,-1.0));
#7438=DIRECTION('',(0.0,-1.0,0.0));
#7439=AXIS2_PLACEMENT_3D('',#7436,#7437,#7438);
#7440=CYLINDRICAL_SURFACE('',#7439,6.250000000000000);
#7441=ORIENTED_EDGE('',*,*,#1842,.F.);
#7442=ORIENTED_EDGE('',*,*,#6858,.F.);
#7443=ORIENTED_EDGE('',*,*,#4878,.F.);
#7444=CARTESIAN_POINT('',(42.772819993737947,34.398752881515826,100.0));
#7445=DIRECTION('',(0.0,0.0,-1.0));
#7446=VECTOR('',#7445,100.0);
#7447=LINE('',#7444,#7446);
#7448=EDGE_CURVE('',#4870,#1836,#7447,.T.);
#7449=ORIENTED_EDGE('',*,*,#7448,.T.);
#7450=EDGE_LOOP('',(#7441,#7442,#7443,#7449));
#7451=FACE_OUTER_BOUND('',#7450,.T.);
#7452=ADVANCED_FACE('',(#7451),#7440,.F.);
#7453=CARTESIAN_POINT('',(42.772819993737947,34.398752881515826,100.0));
#7454=DIRECTION('',(-0.707106781186547,-0.707106781186548,0.0));
#7455=DIRECTION('',(0.0,0.0,-1.0));
#7456=AXIS2_PLACEMENT_3D('',#7453,#7454,#7455);
#7457=PLANE('',#7456);
#7458=ORIENTED_EDGE('',*,*,#1850,.F.);
#7459=ORIENTED_EDGE('',*,*,#7448,.F.);
#7460=ORIENTED_EDGE('',*,*,#5003,.F.);
#7461=CARTESIAN_POINT('',(43.358757210636085,33.812815664617688,100.0));
#7462=DIRECTION('',(0.0,0.0,-1.0));
#7463=VECTOR('',#7462,100.0);
#7464=LINE('',#7461,#7463);
#7465=EDGE_CURVE('',#4991,#1845,#7464,.T.);
#7466=ORIENTED_EDGE('',*,*,#7465,.T.);
#7467=EDGE_LOOP('',(#7458,#7459,#7460,#7466));
#7468=FACE_OUTER_BOUND('',#7467,.T.);
#7469=ADVANCED_FACE('',(#7468),#7457,.F.);
#7470=CARTESIAN_POINT('',(44.772970773009185,35.227029226990780,100.0));
#7471=DIRECTION('',(0.0,0.0,-1.0));
#7472=DIRECTION('',(-0.707106781186548,-0.707106781186548,0.0));
#7473=AXIS2_PLACEMENT_3D('',#7470,#7471,#7472);
#7474=CYLINDRICAL_SURFACE('',#7473,2.000000000000000);
#7475=ORIENTED_EDGE('',*,*,#1859,.F.);
#7476=ORIENTED_EDGE('',*,*,#7465,.F.);
#7477=ORIENTED_EDGE('',*,*,#4997,.F.);
#7478=ORIENTED_EDGE('',*,*,#7412,.T.);
#7479=EDGE_LOOP('',(#7475,#7476,#7477,#7478));
#7480=FACE_OUTER_BOUND('',#7479,.T.);
#7481=ADVANCED_FACE('',(#7480),#7474,.F.);
#7482=CARTESIAN_POINT('',(35.249999999999986,-19.499999999999993,50.0));
#7483=DIRECTION('',(0.707106781186548,-0.707106781186547,0.0));
#7484=DIRECTION('',(0.0,0.0,-1.0));
#7485=AXIS2_PLACEMENT_3D('',#7482,#7483,#7484);
#7486=PLANE('',#7485);
#7487=ORIENTED_EDGE('',*,*,#4333,.T.);
#7488=CARTESIAN_POINT('',(34.749999999999986,-19.999999999999993,100.0));
#7489=DIRECTION('',(0.0,0.0,-1.0));
#7490=VECTOR('',#7489,100.0);
#7491=LINE('',#7488,#7490);
#7492=EDGE_CURVE('',#4320,#340,#7491,.T.);
#7493=ORIENTED_EDGE('',*,*,#7492,.T.);
#7494=ORIENTED_EDGE('',*,*,#345,.T.);
#7495=CARTESIAN_POINT('',(35.749999999999986,-18.999999999999989,0.0));
#7496=DIRECTION('',(0.0,0.0,1.0));
#7497=VECTOR('',#7496,100.0);
#7498=LINE('',#7495,#7497);
#7499=EDGE_CURVE('',#332,#4328,#7498,.T.);
#7500=ORIENTED_EDGE('',*,*,#7499,.T.);
#7501=EDGE_LOOP('',(#7487,#7493,#7494,#7500));
#7502=FACE_OUTER_BOUND('',#7501,.T.);
#7503=ADVANCED_FACE('',(#7502),#7486,.T.);
#7504=CARTESIAN_POINT('',(35.749999999999986,-20.000000000000004,100.0));
#7505=DIRECTION('',(1.0,0.0,0.0));
#7506=DIRECTION('',(0.0,0.0,1.0));
#7507=AXIS2_PLACEMENT_3D('',#7504,#7505,#7506);
#7508=PLANE('',#7507);
#7509=ORIENTED_EDGE('',*,*,#7499,.F.);
#7510=ORIENTED_EDGE('',*,*,#337,.F.);
#7511=CARTESIAN_POINT('',(35.749999999999986,-16.000000000000004,100.0));
#7512=DIRECTION('',(0.0,0.0,-1.0));
#7513=VECTOR('',#7512,100.0);
#7514=LINE('',#7511,#7513);
#7515=EDGE_CURVE('',#4336,#324,#7514,.T.);
#7516=ORIENTED_EDGE('',*,*,#7515,.F.);
#7517=ORIENTED_EDGE('',*,*,#4341,.F.);
#7518=EDGE_LOOP('',(#7509,#7510,#7516,#7517));
#7519=FACE_OUTER_BOUND('',#7518,.T.);
#7520=ADVANCED_FACE('',(#7519),#7508,.T.);
#7521=CARTESIAN_POINT('',(44.749999999999979,-19.499999999999993,50.0));
#7522=DIRECTION('',(-0.707106781186548,-0.707106781186547,2.884444E-017));
#7523=DIRECTION('',(0.0,0.0,1.0));
#7524=AXIS2_PLACEMENT_3D('',#7521,#7522,#7523);
#7525=PLANE('',#7524);
#7526=ORIENTED_EDGE('',*,*,#161,.T.);
#7527=CARTESIAN_POINT('',(45.249999999999979,-19.999999999999993,0.0));
#7528=DIRECTION('',(0.0,0.0,1.0));
#7529=VECTOR('',#7528,100.0);
#7530=LINE('',#7527,#7529);
#7531=EDGE_CURVE('',#148,#4512,#7530,.T.);
#7532=ORIENTED_EDGE('',*,*,#7531,.T.);
#7533=ORIENTED_EDGE('',*,*,#4517,.T.);
#7534=CARTESIAN_POINT('',(44.249999999999979,-18.999999999999993,100.0));
#7535=DIRECTION('',(0.0,0.0,-1.0));
#7536=VECTOR('',#7535,100.0);
#7537=LINE('',#7534,#7536);
#7538=EDGE_CURVE('',#4504,#156,#7537,.T.);
#7539=ORIENTED_EDGE('',*,*,#7538,.T.);
#7540=EDGE_LOOP('',(#7526,#7532,#7533,#7539));
#7541=FACE_OUTER_BOUND('',#7540,.T.);
#7542=ADVANCED_FACE('',(#7541),#7525,.T.);
#7543=CARTESIAN_POINT('',(44.249999999999979,-20.0,100.0));
#7544=DIRECTION('',(1.0,0.0,0.0));
#7545=DIRECTION('',(0.0,0.0,1.0));
#7546=AXIS2_PLACEMENT_3D('',#7543,#7544,#7545);
#7547=PLANE('',#7546);
#7548=ORIENTED_EDGE('',*,*,#7538,.F.);
#7549=ORIENTED_EDGE('',*,*,#4509,.F.);
#7550=CARTESIAN_POINT('',(44.249999999999979,-16.0,100.0));
#7551=DIRECTION('',(0.0,0.0,-1.0));
#7552=VECTOR('',#7551,100.0);
#7553=LINE('',#7550,#7552);
#7554=EDGE_CURVE('',#4496,#164,#7553,.T.);
#7555=ORIENTED_EDGE('',*,*,#7554,.T.);
#7556=ORIENTED_EDGE('',*,*,#169,.F.);
#7557=EDGE_LOOP('',(#7548,#7549,#7555,#7556));
#7558=FACE_OUTER_BOUND('',#7557,.T.);
#7559=ADVANCED_FACE('',(#7558),#7547,.F.);
#7560=CARTESIAN_POINT('',(59.499999999999972,-4.749999999999998,50.0));
#7561=DIRECTION('',(0.707106781186552,0.707106781186543,0.0));
#7562=DIRECTION('',(0.0,0.0,-1.0));
#7563=AXIS2_PLACEMENT_3D('',#7560,#7561,#7562);
#7564=PLANE('',#7563);
#7565=ORIENTED_EDGE('',*,*,#2899,.T.);
#7566=ORIENTED_EDGE('',*,*,#130,.T.);
#7567=ORIENTED_EDGE('',*,*,#1794,.T.);
#7568=CARTESIAN_POINT('',(58.999999999999986,-4.249999999999998,0.0));
#7569=DIRECTION('',(0.0,0.0,1.0));
#7570=VECTOR('',#7569,100.0);
#7571=LINE('',#7568,#7570);
#7572=EDGE_CURVE('',#1783,#2894,#7571,.T.);
#7573=ORIENTED_EDGE('',*,*,#7572,.T.);
#7574=EDGE_LOOP('',(#7565,#7566,#7567,#7573));
#7575=FACE_OUTER_BOUND('',#7574,.T.);
#7576=ADVANCED_FACE('',(#7575),#7564,.T.);
#7577=CARTESIAN_POINT('',(59.999999999999986,-4.249999999999998,100.0));
#7578=DIRECTION('',(0.0,1.0,0.0));
#7579=DIRECTION('',(0.0,0.0,1.0));
#7580=AXIS2_PLACEMENT_3D('',#7577,#7578,#7579);
#7581=PLANE('',#7580);
#7582=ORIENTED_EDGE('',*,*,#7572,.F.);
#7583=ORIENTED_EDGE('',*,*,#1788,.F.);
#7584=CARTESIAN_POINT('',(55.999999999999979,-4.249999999999999,100.0));
#7585=DIRECTION('',(0.0,0.0,-1.0));
#7586=VECTOR('',#7585,100.0);
#7587=LINE('',#7584,#7586);
#7588=EDGE_CURVE('',#2902,#1775,#7587,.T.);
#7589=ORIENTED_EDGE('',*,*,#7588,.F.);
#7590=ORIENTED_EDGE('',*,*,#2907,.F.);
#7591=EDGE_LOOP('',(#7582,#7583,#7589,#7590));
#7592=FACE_OUTER_BOUND('',#7591,.T.);
#7593=ADVANCED_FACE('',(#7592),#7581,.T.);
#7594=CARTESIAN_POINT('',(48.699999999999982,-17.030441927275557,100.0));
#7595=DIRECTION('',(-4.079220E-017,-4.079220E-017,-1.0));
#7596=DIRECTION('',(0.173648177666928,-0.984807753012208,3.308898E-017));
#7597=AXIS2_PLACEMENT_3D('',#7594,#7595,#7596);
#7598=CYLINDRICAL_SURFACE('',#7597,0.899999999999997);
#7599=ORIENTED_EDGE('',*,*,#211,.F.);
#7600=CARTESIAN_POINT('',(48.856283359900218,-17.916768904986540,100.0));
#7601=DIRECTION('',(0.0,0.0,-1.0));
#7602=VECTOR('',#7601,100.0);
#7603=LINE('',#7600,#7602);
#7604=EDGE_CURVE('',#4462,#197,#7603,.T.);
#7605=ORIENTED_EDGE('',*,*,#7604,.F.);
#7606=ORIENTED_EDGE('',*,*,#4468,.F.);
#7607=CARTESIAN_POINT('',(49.599999999999980,-17.030441927275557,100.0));
#7608=DIRECTION('',(0.0,0.0,-1.0));
#7609=VECTOR('',#7608,100.0);
#7610=LINE('',#7607,#7609);
#7611=EDGE_CURVE('',#4454,#205,#7610,.T.);
#7612=ORIENTED_EDGE('',*,*,#7611,.T.);
#7613=EDGE_LOOP('',(#7599,#7605,#7606,#7612));
#7614=FACE_OUTER_BOUND('',#7613,.T.);
#7615=ADVANCED_FACE('',(#7614),#7598,.F.);
#7616=CARTESIAN_POINT('',(49.599999999999980,-16.088163490354233,100.0));
#7617=DIRECTION('',(1.0,0.0,0.0));
#7618=DIRECTION('',(0.0,0.0,1.0));
#7619=AXIS2_PLACEMENT_3D('',#7616,#7617,#7618);
#7620=PLANE('',#7619);
#7621=ORIENTED_EDGE('',*,*,#219,.F.);
#7622=ORIENTED_EDGE('',*,*,#7611,.F.);
#7623=ORIENTED_EDGE('',*,*,#4459,.F.);
#7624=CARTESIAN_POINT('',(49.599999999999980,-12.333865619795851,100.0));
#7625=DIRECTION('',(0.0,0.0,-1.0));
#7626=VECTOR('',#7625,100.0);
#7627=LINE('',#7624,#7626);
#7628=EDGE_CURVE('',#4445,#214,#7627,.T.);
#7629=ORIENTED_EDGE('',*,*,#7628,.T.);
#7630=EDGE_LOOP('',(#7621,#7622,#7623,#7629));
#7631=FACE_OUTER_BOUND('',#7630,.T.);
#7632=ADVANCED_FACE('',(#7631),#7620,.F.);
#7633=CARTESIAN_POINT('',(46.599999999999973,-12.333865619795851,100.0));
#7634=DIRECTION('',(-4.079220E-017,-4.079220E-017,-1.0));
#7635=DIRECTION('',(1.0,0.0,0.0));
#7636=AXIS2_PLACEMENT_3D('',#7633,#7634,#7635);
#7637=CYLINDRICAL_SURFACE('',#7636,2.999999999999987);
#7638=ORIENTED_EDGE('',*,*,#228,.F.);
#7639=ORIENTED_EDGE('',*,*,#7628,.F.);
#7640=ORIENTED_EDGE('',*,*,#4451,.F.);
#7641=CARTESIAN_POINT('',(48.721320343559626,-10.212545276236202,100.0));
#7642=DIRECTION('',(0.0,0.0,-1.0));
#7643=VECTOR('',#7642,100.0);
#7644=LINE('',#7641,#7643);
#7645=EDGE_CURVE('',#4437,#222,#7644,.T.);
#7646=ORIENTED_EDGE('',*,*,#7645,.T.);
#7647=EDGE_LOOP('',(#7638,#7639,#7640,#7646));
#7648=FACE_OUTER_BOUND('',#7647,.T.);
#7649=ADVANCED_FACE('',(#7648),#7637,.F.);
#7650=CARTESIAN_POINT('',(48.721320343559626,-10.212545276236202,100.0));
#7651=DIRECTION('',(0.707106781186548,0.707106781186547,-5.768888E-017));
#7652=DIRECTION('',(0.0,0.0,1.0));
#7653=AXIS2_PLACEMENT_3D('',#7650,#7651,#7652);
#7654=PLANE('',#7653);
#7655=ORIENTED_EDGE('',*,*,#236,.F.);
#7656=ORIENTED_EDGE('',*,*,#7645,.F.);
#7657=ORIENTED_EDGE('',*,*,#4442,.F.);
#7658=CARTESIAN_POINT('',(48.187454723763778,-9.678679656440359,100.0));
#7659=DIRECTION('',(0.0,0.0,-1.0));
#7660=VECTOR('',#7659,100.0);
#7661=LINE('',#7658,#7660);
#7662=EDGE_CURVE('',#4428,#231,#7661,.T.);
#7663=ORIENTED_EDGE('',*,*,#7662,.T.);
#7664=EDGE_LOOP('',(#7655,#7656,#7657,#7663));
#7665=FACE_OUTER_BOUND('',#7664,.T.);
#7666=ADVANCED_FACE('',(#7665),#7654,.F.);
#7667=CARTESIAN_POINT('',(46.066134380204133,-11.800000000000008,100.0));
#7668=DIRECTION('',(-4.079220E-017,-4.079220E-017,-1.0));
#7669=DIRECTION('',(0.707106781186547,0.707106781186548,-5.768888E-017));
#7670=AXIS2_PLACEMENT_3D('',#7667,#7668,#7669);
#7671=CYLINDRICAL_SURFACE('',#7670,3.000000000000010);
#7672=ORIENTED_EDGE('',*,*,#245,.F.);
#7673=ORIENTED_EDGE('',*,*,#7662,.F.);
#7674=ORIENTED_EDGE('',*,*,#4434,.F.);
#7675=CARTESIAN_POINT('',(46.066134380204133,-8.799999999999999,100.0));
#7676=DIRECTION('',(0.0,0.0,-1.0));
#7677=VECTOR('',#7676,100.0);
#7678=LINE('',#7675,#7677);
#7679=EDGE_CURVE('',#4420,#239,#7678,.T.);
#7680=ORIENTED_EDGE('',*,*,#7679,.T.);
#7681=EDGE_LOOP('',(#7672,#7673,#7674,#7680));
#7682=FACE_OUTER_BOUND('',#7681,.T.);
#7683=ADVANCED_FACE('',(#7682),#7671,.F.);
#7684=CARTESIAN_POINT('',(44.249999999999979,-16.0,100.0));
#7685=DIRECTION('',(0.0,-1.0,0.0));
#7686=DIRECTION('',(0.0,0.0,1.0));
#7687=AXIS2_PLACEMENT_3D('',#7684,#7685,#7686);
#7688=PLANE('',#7687);
#7689=ORIENTED_EDGE('',*,*,#177,.F.);
#7690=ORIENTED_EDGE('',*,*,#7554,.F.);
#7691=ORIENTED_EDGE('',*,*,#4501,.F.);
#7692=CARTESIAN_POINT('',(47.249999999999979,-16.0,100.0));
#7693=DIRECTION('',(0.0,0.0,-1.0));
#7694=VECTOR('',#7693,100.0);
#7695=LINE('',#7692,#7694);
#7696=EDGE_CURVE('',#4488,#172,#7695,.T.);
#7697=ORIENTED_EDGE('',*,*,#7696,.T.);
#7698=EDGE_LOOP('',(#7689,#7690,#7691,#7697));
#7699=FACE_OUTER_BOUND('',#7698,.T.);
#7700=ADVANCED_FACE('',(#7699),#7688,.F.);
#7701=CARTESIAN_POINT('',(47.249999999999979,-16.0,100.0));
#7702=DIRECTION('',(-1.0,0.0,0.0));
#7703=DIRECTION('',(0.0,0.0,-1.0));
#7704=AXIS2_PLACEMENT_3D('',#7701,#7702,#7703);
#7705=PLANE('',#7704);
#7706=ORIENTED_EDGE('',*,*,#185,.F.);
#7707=ORIENTED_EDGE('',*,*,#7696,.F.);
#7708=ORIENTED_EDGE('',*,*,#4493,.F.);
#7709=CARTESIAN_POINT('',(47.249999999999979,-17.604123203702894,100.0));
#7710=DIRECTION('',(0.0,0.0,-1.0));
#7711=VECTOR('',#7710,100.0);
#7712=LINE('',#7709,#7711);
#7713=EDGE_CURVE('',#4479,#180,#7712,.T.);
#7714=ORIENTED_EDGE('',*,*,#7713,.T.);
#7715=EDGE_LOOP('',(#7706,#7707,#7708,#7714));
#7716=FACE_OUTER_BOUND('',#7715,.T.);
#7717=ADVANCED_FACE('',(#7716),#7705,.F.);
#7718=CARTESIAN_POINT('',(47.749999999999986,-17.604123203702894,100.0));
#7719=DIRECTION('',(-4.079220E-017,-4.079220E-017,-1.0));
#7720=DIRECTION('',(-1.0,0.0,0.0));
#7721=AXIS2_PLACEMENT_3D('',#7718,#7719,#7720);
#7722=CYLINDRICAL_SURFACE('',#7721,0.500000000000000);
#7723=ORIENTED_EDGE('',*,*,#194,.F.);
#7724=ORIENTED_EDGE('',*,*,#7713,.F.);
#7725=ORIENTED_EDGE('',*,*,#4485,.F.);
#7726=CARTESIAN_POINT('',(47.836824088833446,-18.096527080208993,100.0));
#7727=DIRECTION('',(0.0,0.0,-1.0));
#7728=VECTOR('',#7727,100.0);
#7729=LINE('',#7726,#7728);
#7730=EDGE_CURVE('',#4471,#188,#7729,.T.);
#7731=ORIENTED_EDGE('',*,*,#7730,.T.);
#7732=EDGE_LOOP('',(#7723,#7724,#7725,#7731));
#7733=FACE_OUTER_BOUND('',#7732,.T.);
#7734=ADVANCED_FACE('',(#7733),#7722,.F.);
#7735=CARTESIAN_POINT('',(47.836824088833446,-18.096527080208993,100.0));
#7736=DIRECTION('',(0.173648177666925,-0.984807753012209,3.308898E-017));
#7737=DIRECTION('',(0.0,0.0,1.0));
#7738=AXIS2_PLACEMENT_3D('',#7735,#7736,#7737);
#7739=PLANE('',#7738);
#7740=ORIENTED_EDGE('',*,*,#202,.F.);
#7741=ORIENTED_EDGE('',*,*,#7730,.F.);
#7742=ORIENTED_EDGE('',*,*,#4476,.F.);
#7743=ORIENTED_EDGE('',*,*,#7604,.T.);
#7744=EDGE_LOOP('',(#7740,#7741,#7742,#7743));
#7745=FACE_OUTER_BOUND('',#7744,.T.);
#7746=ADVANCED_FACE('',(#7745),#7739,.F.);
#7747=CARTESIAN_POINT('',(31.299999999999983,-17.030441927275561,100.0));
#7748=DIRECTION('',(0.0,0.0,1.0));
#7749=DIRECTION('',(-0.173648177666928,-0.984807753012209,0.0));
#7750=AXIS2_PLACEMENT_3D('',#7747,#7748,#7749);
#7751=CYLINDRICAL_SURFACE('',#7750,0.899999999999997);
#7752=ORIENTED_EDGE('',*,*,#296,.F.);
#7753=CARTESIAN_POINT('',(30.399999999999988,-17.030441927275561,100.0));
#7754=DIRECTION('',(0.0,0.0,-1.0));
#7755=VECTOR('',#7754,100.0);
#7756=LINE('',#7753,#7755);
#7757=EDGE_CURVE('',#4377,#282,#7756,.T.);
#7758=ORIENTED_EDGE('',*,*,#7757,.F.);
#7759=ORIENTED_EDGE('',*,*,#4383,.F.);
#7760=CARTESIAN_POINT('',(31.143716640099747,-17.916768904986544,100.0));
#7761=DIRECTION('',(0.0,0.0,-1.0));
#7762=VECTOR('',#7761,100.0);
#7763=LINE('',#7760,#7762);
#7764=EDGE_CURVE('',#4369,#290,#7763,.T.);
#7765=ORIENTED_EDGE('',*,*,#7764,.T.);
#7766=EDGE_LOOP('',(#7752,#7758,#7759,#7765));
#7767=FACE_OUTER_BOUND('',#7766,.T.);
#7768=ADVANCED_FACE('',(#7767),#7751,.F.);
#7769=CARTESIAN_POINT('',(30.399999999999984,-16.088163490354233,100.0));
#7770=DIRECTION('',(1.0,0.0,0.0));
#7771=DIRECTION('',(0.0,0.0,1.0));
#7772=AXIS2_PLACEMENT_3D('',#7769,#7770,#7771);
#7773=PLANE('',#7772);
#7774=ORIENTED_EDGE('',*,*,#287,.F.);
#7775=CARTESIAN_POINT('',(30.399999999999988,-12.333865619795855,100.0));
#7776=DIRECTION('',(0.0,0.0,-1.0));
#7777=VECTOR('',#7776,100.0);
#7778=LINE('',#7775,#7777);
#7779=EDGE_CURVE('',#4386,#273,#7778,.T.);
#7780=ORIENTED_EDGE('',*,*,#7779,.F.);
#7781=ORIENTED_EDGE('',*,*,#4391,.F.);
#7782=ORIENTED_EDGE('',*,*,#7757,.T.);
#7783=EDGE_LOOP('',(#7774,#7780,#7781,#7782));
#7784=FACE_OUTER_BOUND('',#7783,.T.);
#7785=ADVANCED_FACE('',(#7784),#7773,.T.);
#7786=CARTESIAN_POINT('',(33.399999999999991,-12.333865619795851,100.0));
#7787=DIRECTION('',(0.0,0.0,1.0));
#7788=DIRECTION('',(-1.0,0.0,0.0));
#7789=AXIS2_PLACEMENT_3D('',#7786,#7787,#7788);
#7790=CYLINDRICAL_SURFACE('',#7789,2.999999999999987);
#7791=ORIENTED_EDGE('',*,*,#279,.F.);
#7792=CARTESIAN_POINT('',(31.278679656440346,-10.212545276236204,100.0));
#7793=DIRECTION('',(0.0,0.0,-1.0));
#7794=VECTOR('',#7793,100.0);
#7795=LINE('',#7792,#7794);
#7796=EDGE_CURVE('',#4394,#265,#7795,.T.);
#7797=ORIENTED_EDGE('',*,*,#7796,.F.);
#7798=ORIENTED_EDGE('',*,*,#4400,.F.);
#7799=ORIENTED_EDGE('',*,*,#7779,.T.);
#7800=EDGE_LOOP('',(#7791,#7797,#7798,#7799));
#7801=FACE_OUTER_BOUND('',#7800,.T.);
#7802=ADVANCED_FACE('',(#7801),#7790,.F.);
#7803=CARTESIAN_POINT('',(31.278679656440346,-10.212545276236204,100.0));
#7804=DIRECTION('',(0.707106781186548,-0.707106781186547,0.0));
#7805=DIRECTION('',(0.0,0.0,1.0));
#7806=AXIS2_PLACEMENT_3D('',#7803,#7804,#7805);
#7807=PLANE('',#7806);
#7808=ORIENTED_EDGE('',*,*,#270,.F.);
#7809=CARTESIAN_POINT('',(31.812545276236190,-9.678679656440361,100.0));
#7810=DIRECTION('',(0.0,0.0,-1.0));
#7811=VECTOR('',#7810,100.0);
#7812=LINE('',#7809,#7811);
#7813=EDGE_CURVE('',#4403,#256,#7812,.T.);
#7814=ORIENTED_EDGE('',*,*,#7813,.F.);
#7815=ORIENTED_EDGE('',*,*,#4408,.F.);
#7816=ORIENTED_EDGE('',*,*,#7796,.T.);
#7817=EDGE_LOOP('',(#7808,#7814,#7815,#7816));
#7818=FACE_OUTER_BOUND('',#7817,.T.);
#7819=ADVANCED_FACE('',(#7818),#7807,.T.);
#7820=CARTESIAN_POINT('',(33.933865619795839,-11.800000000000008,100.0));
#7821=DIRECTION('',(0.0,0.0,1.0));
#7822=DIRECTION('',(-0.707106781186548,0.707106781186547,0.0));
#7823=AXIS2_PLACEMENT_3D('',#7820,#7821,#7822);
#7824=CYLINDRICAL_SURFACE('',#7823,3.000000000000010);
#7825=ORIENTED_EDGE('',*,*,#262,.F.);
#7826=CARTESIAN_POINT('',(33.933865619795839,-8.800000000000001,100.0));
#7827=DIRECTION('',(0.0,0.0,-1.0));
#7828=VECTOR('',#7827,100.0);
#7829=LINE('',#7826,#7828);
#7830=EDGE_CURVE('',#4411,#248,#7829,.T.);
#7831=ORIENTED_EDGE('',*,*,#7830,.F.);
#7832=ORIENTED_EDGE('',*,*,#4417,.F.);
#7833=ORIENTED_EDGE('',*,*,#7813,.T.);
#7834=EDGE_LOOP('',(#7825,#7831,#7832,#7833));
#7835=FACE_OUTER_BOUND('',#7834,.T.);
#7836=ADVANCED_FACE('',(#7835),#7824,.F.);
#7837=CARTESIAN_POINT('',(33.933865619795839,-8.800000000000001,100.0));
#7838=DIRECTION('',(0.0,-1.0,0.0));
#7839=DIRECTION('',(0.0,0.0,-1.0));
#7840=AXIS2_PLACEMENT_3D('',#7837,#7838,#7839);
#7841=PLANE('',#7840);
#7842=ORIENTED_EDGE('',*,*,#253,.F.);
#7843=ORIENTED_EDGE('',*,*,#7679,.F.);
#7844=ORIENTED_EDGE('',*,*,#4425,.F.);
#7845=ORIENTED_EDGE('',*,*,#7830,.T.);
#7846=EDGE_LOOP('',(#7842,#7843,#7844,#7845));
#7847=FACE_OUTER_BOUND('',#7846,.T.);
#7848=ADVANCED_FACE('',(#7847),#7841,.T.);
#7849=CARTESIAN_POINT('',(35.749999999999986,-16.000000000000004,100.0));
#7850=DIRECTION('',(0.0,1.0,0.0));
#7851=DIRECTION('',(0.0,0.0,1.0));
#7852=AXIS2_PLACEMENT_3D('',#7849,#7850,#7851);
#7853=PLANE('',#7852);
#7854=ORIENTED_EDGE('',*,*,#329,.F.);
#7855=CARTESIAN_POINT('',(32.749999999999986,-16.0,100.0));
#7856=DIRECTION('',(0.0,0.0,-1.0));
#7857=VECTOR('',#7856,100.0);
#7858=LINE('',#7855,#7857);
#7859=EDGE_CURVE('',#4344,#316,#7858,.T.);
#7860=ORIENTED_EDGE('',*,*,#7859,.F.);
#7861=ORIENTED_EDGE('',*,*,#4349,.F.);
#7862=ORIENTED_EDGE('',*,*,#7515,.T.);
#7863=EDGE_LOOP('',(#7854,#7860,#7861,#7862));
#7864=FACE_OUTER_BOUND('',#7863,.T.);
#7865=ADVANCED_FACE('',(#7864),#7853,.T.);
#7866=CARTESIAN_POINT('',(32.749999999999986,-16.0,100.0));
#7867=DIRECTION('',(-1.0,0.0,0.0));
#7868=DIRECTION('',(0.0,0.0,-1.0));
#7869=AXIS2_PLACEMENT_3D('',#7866,#7867,#7868);
#7870=PLANE('',#7869);
#7871=ORIENTED_EDGE('',*,*,#321,.F.);
#7872=CARTESIAN_POINT('',(32.749999999999986,-17.604123203702894,100.0));
#7873=DIRECTION('',(0.0,0.0,-1.0));
#7874=VECTOR('',#7873,100.0);
#7875=LINE('',#7872,#7874);
#7876=EDGE_CURVE('',#4352,#307,#7875,.T.);
#7877=ORIENTED_EDGE('',*,*,#7876,.F.);
#7878=ORIENTED_EDGE('',*,*,#4357,.F.);
#7879=ORIENTED_EDGE('',*,*,#7859,.T.);
#7880=EDGE_LOOP('',(#7871,#7877,#7878,#7879));
#7881=FACE_OUTER_BOUND('',#7880,.T.);
#7882=ADVANCED_FACE('',(#7881),#7870,.T.);
#7883=CARTESIAN_POINT('',(32.249999999999986,-17.604123203702894,100.0));
#7884=DIRECTION('',(0.0,0.0,1.0));
#7885=DIRECTION('',(1.0,0.0,0.0));
#7886=AXIS2_PLACEMENT_3D('',#7883,#7884,#7885);
#7887=CYLINDRICAL_SURFACE('',#7886,0.500000000000000);
#7888=ORIENTED_EDGE('',*,*,#313,.F.);
#7889=CARTESIAN_POINT('',(32.163175911166519,-18.096527080208993,100.0));
#7890=DIRECTION('',(0.0,0.0,-1.0));
#7891=VECTOR('',#7890,100.0);
#7892=LINE('',#7889,#7891);
#7893=EDGE_CURVE('',#4360,#299,#7892,.T.);
#7894=ORIENTED_EDGE('',*,*,#7893,.F.);
#7895=ORIENTED_EDGE('',*,*,#4366,.F.);
#7896=ORIENTED_EDGE('',*,*,#7876,.T.);
#7897=EDGE_LOOP('',(#7888,#7894,#7895,#7896));
#7898=FACE_OUTER_BOUND('',#7897,.T.);
#7899=ADVANCED_FACE('',(#7898),#7887,.F.);
#7900=CARTESIAN_POINT('',(32.163175911166519,-18.096527080208993,100.0));
#7901=DIRECTION('',(0.173648177666925,0.984807753012209,0.0));
#7902=DIRECTION('',(0.0,0.0,1.0));
#7903=AXIS2_PLACEMENT_3D('',#7900,#7901,#7902);
#7904=PLANE('',#7903);
#7905=ORIENTED_EDGE('',*,*,#304,.F.);
#7906=ORIENTED_EDGE('',*,*,#7764,.F.);
#7907=ORIENTED_EDGE('',*,*,#4374,.F.);
#7908=ORIENTED_EDGE('',*,*,#7893,.T.);
#7909=EDGE_LOOP('',(#7905,#7906,#7907,#7908));
#7910=FACE_OUTER_BOUND('',#7909,.T.);
#7911=ADVANCED_FACE('',(#7910),#7904,.T.);
#7912=CARTESIAN_POINT('',(51.199999999999974,-11.199999999999994,100.0));
#7913=DIRECTION('',(0.0,-1.0,0.0));
#7914=DIRECTION('',(0.0,0.0,-1.0));
#7915=AXIS2_PLACEMENT_3D('',#7912,#7913,#7914);
#7916=PLANE('',#7915);
#7917=ORIENTED_EDGE('',*,*,#2013,.F.);
#7918=CARTESIAN_POINT('',(58.399999999999970,-11.199999999999999,100.0));
#7919=DIRECTION('',(0.0,0.0,-1.0));
#7920=VECTOR('',#7919,100.0);
#7921=LINE('',#7918,#7920);
#7922=EDGE_CURVE('',#5354,#2006,#7921,.T.);
#7923=ORIENTED_EDGE('',*,*,#7922,.F.);
#7924=ORIENTED_EDGE('',*,*,#5359,.F.);
#7925=CARTESIAN_POINT('',(51.199999999999974,-11.199999999999994,100.0));
#7926=DIRECTION('',(0.0,0.0,-1.0));
#7927=VECTOR('',#7926,100.0);
#7928=LINE('',#7925,#7927);
#7929=EDGE_CURVE('',#5352,#2008,#7928,.T.);
#7930=ORIENTED_EDGE('',*,*,#7929,.T.);
#7931=EDGE_LOOP('',(#7917,#7923,#7924,#7930));
#7932=FACE_OUTER_BOUND('',#7931,.T.);
#7933=ADVANCED_FACE('',(#7932),#7916,.T.);
#7934=CARTESIAN_POINT('',(58.399999999999970,-11.199999999999999,100.0));
#7935=DIRECTION('',(-1.0,0.0,0.0));
#7936=DIRECTION('',(0.0,0.0,1.0));
#7937=AXIS2_PLACEMENT_3D('',#7934,#7935,#7936);
#7938=PLANE('',#7937);
#7939=ORIENTED_EDGE('',*,*,#2035,.F.);
#7940=CARTESIAN_POINT('',(58.399999999999970,-18.399999999999999,100.0));
#7941=DIRECTION('',(0.0,0.0,-1.0));
#7942=VECTOR('',#7941,100.0);
#7943=LINE('',#7940,#7942);
#7944=EDGE_CURVE('',#5362,#2024,#7943,.T.);
#7945=ORIENTED_EDGE('',*,*,#7944,.F.);
#7946=ORIENTED_EDGE('',*,*,#5367,.F.);
#7947=ORIENTED_EDGE('',*,*,#7922,.T.);
#7948=EDGE_LOOP('',(#7939,#7945,#7946,#7947));
#7949=FACE_OUTER_BOUND('',#7948,.T.);
#7950=ADVANCED_FACE('',(#7949),#7938,.T.);
#7951=CARTESIAN_POINT('',(58.399999999999970,-18.399999999999999,100.0));
#7952=DIRECTION('',(0.0,1.0,0.0));
#7953=DIRECTION('',(0.0,0.0,1.0));
#7954=AXIS2_PLACEMENT_3D('',#7951,#7952,#7953);
#7955=PLANE('',#7954);
#7956=ORIENTED_EDGE('',*,*,#2029,.F.);
#7957=CARTESIAN_POINT('',(51.199999999999974,-18.399999999999995,100.0));
#7958=DIRECTION('',(0.0,0.0,-1.0));
#7959=VECTOR('',#7958,100.0);
#7960=LINE('',#7957,#7959);
#7961=EDGE_CURVE('',#5370,#2016,#7960,.T.);
#7962=ORIENTED_EDGE('',*,*,#7961,.F.);
#7963=ORIENTED_EDGE('',*,*,#5375,.F.);
#7964=ORIENTED_EDGE('',*,*,#7944,.T.);
#7965=EDGE_LOOP('',(#7956,#7962,#7963,#7964));
#7966=FACE_OUTER_BOUND('',#7965,.T.);
#7967=ADVANCED_FACE('',(#7966),#7955,.T.);
#7968=CARTESIAN_POINT('',(51.199999999999974,-18.399999999999995,100.0));
#7969=DIRECTION('',(1.0,0.0,0.0));
#7970=DIRECTION('',(0.0,0.0,-1.0));
#7971=AXIS2_PLACEMENT_3D('',#7968,#7969,#7970);
#7972=PLANE('',#7971);
#7973=ORIENTED_EDGE('',*,*,#2021,.F.);
#7974=ORIENTED_EDGE('',*,*,#7929,.F.);
#7975=ORIENTED_EDGE('',*,*,#5381,.F.);
#7976=ORIENTED_EDGE('',*,*,#7961,.T.);
#7977=EDGE_LOOP('',(#7973,#7974,#7975,#7976));
#7978=FACE_OUTER_BOUND('',#7977,.T.);
#7979=ADVANCED_FACE('',(#7978),#7972,.T.);
#7980=CARTESIAN_POINT('',(36.641242789363886,6.187184335382288,100.0));
#7981=DIRECTION('',(-0.707106781186548,-0.707106781186548,0.0));
#7982=DIRECTION('',(0.0,0.0,1.0));
#7983=AXIS2_PLACEMENT_3D('',#7980,#7981,#7982);
#7984=PLANE('',#7983);
#7985=ORIENTED_EDGE('',*,*,#2400,.F.);
#7986=CARTESIAN_POINT('',(37.227180006262024,5.601247118484149,100.0));
#7987=DIRECTION('',(0.0,0.0,-1.0));
#7988=VECTOR('',#7987,100.0);
#7989=LINE('',#7986,#7988);
#7990=EDGE_CURVE('',#5386,#2386,#7989,.T.);
#7991=ORIENTED_EDGE('',*,*,#7990,.F.);
#7992=ORIENTED_EDGE('',*,*,#5519,.F.);
#7993=CARTESIAN_POINT('',(36.641242789363886,6.187184335382288,100.0));
#7994=DIRECTION('',(0.0,0.0,-1.0));
#7995=VECTOR('',#7994,100.0);
#7996=LINE('',#7993,#7995);
#7997=EDGE_CURVE('',#5507,#2395,#7996,.T.);
#7998=ORIENTED_EDGE('',*,*,#7997,.T.);
#7999=EDGE_LOOP('',(#7985,#7991,#7992,#7998));
#8000=FACE_OUTER_BOUND('',#7999,.T.);
#8001=ADVANCED_FACE('',(#8000),#7984,.T.);
#8002=CARTESIAN_POINT('',(34.398752881515833,2.772819993737957,100.0));
#8003=DIRECTION('',(0.707106781186548,0.707106781186548,0.0));
#8004=DIRECTION('',(0.0,0.0,-1.0));
#8005=AXIS2_PLACEMENT_3D('',#8002,#8003,#8004);
#8006=PLANE('',#8005);
#8007=ORIENTED_EDGE('',*,*,#2417,.F.);
#8008=CARTESIAN_POINT('',(33.812815664617695,3.358757210636096,100.0));
#8009=DIRECTION('',(0.0,0.0,-1.0));
#8010=VECTOR('',#8009,100.0);
#8011=LINE('',#8008,#8010);
#8012=EDGE_CURVE('',#5499,#2403,#8011,.T.);
#8013=ORIENTED_EDGE('',*,*,#8012,.F.);
#8014=ORIENTED_EDGE('',*,*,#5504,.F.);
#8015=CARTESIAN_POINT('',(34.398752881515833,2.772819993737957,100.0));
#8016=DIRECTION('',(0.0,0.0,-1.0));
#8017=VECTOR('',#8016,100.0);
#8018=LINE('',#8015,#8017);
#8019=EDGE_CURVE('',#5490,#2412,#8018,.T.);
#8020=ORIENTED_EDGE('',*,*,#8019,.T.);
#8021=EDGE_LOOP('',(#8007,#8013,#8014,#8020));
#8022=FACE_OUTER_BOUND('',#8021,.T.);
#8023=ADVANCED_FACE('',(#8022),#8006,.T.);
#8024=CARTESIAN_POINT('',(35.227029226990787,4.772970773009191,100.0));
#8025=DIRECTION('',(0.0,0.0,1.0));
#8026=DIRECTION('',(-0.707106781186547,-0.707106781186548,0.0));
#8027=AXIS2_PLACEMENT_3D('',#8024,#8025,#8026);
#8028=CYLINDRICAL_SURFACE('',#8027,2.0);
#8029=ORIENTED_EDGE('',*,*,#2409,.F.);
#8030=ORIENTED_EDGE('',*,*,#7997,.F.);
#8031=ORIENTED_EDGE('',*,*,#5513,.F.);
#8032=ORIENTED_EDGE('',*,*,#8012,.T.);
#8033=EDGE_LOOP('',(#8029,#8030,#8031,#8032));
#8034=FACE_OUTER_BOUND('',#8033,.T.);
#8035=ADVANCED_FACE('',(#8034),#8028,.F.);
#8036=CARTESIAN_POINT('',(33.812815664617688,-3.358757210636105,100.0));
#8037=DIRECTION('',(0.707106781186547,-0.707106781186548,0.0));
#8038=DIRECTION('',(0.0,0.0,1.0));
#8039=AXIS2_PLACEMENT_3D('',#8036,#8037,#8038);
#8040=PLANE('',#8039);
#8041=ORIENTED_EDGE('',*,*,#2434,.F.);
#8042=CARTESIAN_POINT('',(34.398752881515826,-2.772819993737966,100.0));
#8043=DIRECTION('',(0.0,0.0,-1.0));
#8044=VECTOR('',#8043,100.0);
#8045=LINE('',#8042,#8044);
#8046=EDGE_CURVE('',#5482,#2420,#8045,.T.);
#8047=ORIENTED_EDGE('',*,*,#8046,.F.);
#8048=ORIENTED_EDGE('',*,*,#5487,.F.);
#8049=CARTESIAN_POINT('',(33.812815664617688,-3.358757210636105,100.0));
#8050=DIRECTION('',(0.0,0.0,-1.0));
#8051=VECTOR('',#8050,100.0);
#8052=LINE('',#8049,#8051);
#8053=EDGE_CURVE('',#5473,#2429,#8052,.T.);
#8054=ORIENTED_EDGE('',*,*,#8053,.T.);
#8055=EDGE_LOOP('',(#8041,#8047,#8048,#8054));
#8056=FACE_OUTER_BOUND('',#8055,.T.);
#8057=ADVANCED_FACE('',(#8056),#8040,.T.);
#8058=CARTESIAN_POINT('',(39.999999999999986,-4.898587E-015,100.0));
#8059=DIRECTION('',(0.0,0.0,1.0));
#8060=DIRECTION('',(-0.896199538957464,-0.443651198998074,0.0));
#8061=AXIS2_PLACEMENT_3D('',#8058,#8059,#8060);
#8062=CYLINDRICAL_SURFACE('',#8061,6.249999999999999);
#8063=ORIENTED_EDGE('',*,*,#2426,.F.);
#8064=ORIENTED_EDGE('',*,*,#8019,.F.);
#8065=ORIENTED_EDGE('',*,*,#5496,.F.);
#8066=ORIENTED_EDGE('',*,*,#8046,.T.);
#8067=EDGE_LOOP('',(#8063,#8064,#8065,#8066));
#8068=FACE_OUTER_BOUND('',#8067,.T.);
#8069=ADVANCED_FACE('',(#8068),#8062,.F.);
#8070=CARTESIAN_POINT('',(37.227180006262024,-5.601247118484157,100.0));
#8071=DIRECTION('',(-0.707106781186547,0.707106781186548,0.0));
#8072=DIRECTION('',(0.0,0.0,-1.0));
#8073=AXIS2_PLACEMENT_3D('',#8070,#8071,#8072);
#8074=PLANE('',#8073);
#8075=ORIENTED_EDGE('',*,*,#2451,.F.);
#8076=CARTESIAN_POINT('',(36.641242789363879,-6.187184335382295,100.0));
#8077=DIRECTION('',(0.0,0.0,-1.0));
#8078=VECTOR('',#8077,100.0);
#8079=LINE('',#8076,#8078);
#8080=EDGE_CURVE('',#5465,#2437,#8079,.T.);
#8081=ORIENTED_EDGE('',*,*,#8080,.F.);
#8082=ORIENTED_EDGE('',*,*,#5470,.F.);
#8083=CARTESIAN_POINT('',(37.227180006262024,-5.601247118484157,100.0));
#8084=DIRECTION('',(0.0,0.0,-1.0));
#8085=VECTOR('',#8084,100.0);
#8086=LINE('',#8083,#8085);
#8087=EDGE_CURVE('',#5456,#2446,#8086,.T.);
#8088=ORIENTED_EDGE('',*,*,#8087,.T.);
#8089=EDGE_LOOP('',(#8075,#8081,#8082,#8088));
#8090=FACE_OUTER_BOUND('',#8089,.T.);
#8091=ADVANCED_FACE('',(#8090),#8074,.T.);
#8092=CARTESIAN_POINT('',(35.227029226990787,-4.772970773009202,100.0));
#8093=DIRECTION('',(0.0,0.0,1.0));
#8094=DIRECTION('',(0.707106781186548,-0.707106781186548,0.0));
#8095=AXIS2_PLACEMENT_3D('',#8092,#8093,#8094);
#8096=CYLINDRICAL_SURFACE('',#8095,2.000000000000000);
#8097=ORIENTED_EDGE('',*,*,#2443,.F.);
#8098=ORIENTED_EDGE('',*,*,#8053,.F.);
#8099=ORIENTED_EDGE('',*,*,#5479,.F.);
#8100=ORIENTED_EDGE('',*,*,#8080,.T.);
#8101=EDGE_LOOP('',(#8097,#8098,#8099,#8100));
#8102=FACE_OUTER_BOUND('',#8101,.T.);
#8103=ADVANCED_FACE('',(#8102),#8096,.F.);
#8104=CARTESIAN_POINT('',(43.358757210636085,-6.187184335382297,100.0));
#8105=DIRECTION('',(0.707106781186548,0.707106781186547,0.0));
#8106=DIRECTION('',(0.0,0.0,1.0));
#8107=AXIS2_PLACEMENT_3D('',#8104,#8105,#8106);
#8108=PLANE('',#8107);
#8109=ORIENTED_EDGE('',*,*,#2468,.F.);
#8110=CARTESIAN_POINT('',(42.772819993737947,-5.601247118484158,100.0));
#8111=DIRECTION('',(0.0,0.0,-1.0));
#8112=VECTOR('',#8111,100.0);
#8113=LINE('',#8110,#8112);
#8114=EDGE_CURVE('',#5448,#2454,#8113,.T.);
#8115=ORIENTED_EDGE('',*,*,#8114,.F.);
#8116=ORIENTED_EDGE('',*,*,#5453,.F.);
#8117=CARTESIAN_POINT('',(43.358757210636085,-6.187184335382297,100.0));
#8118=DIRECTION('',(0.0,0.0,-1.0));
#8119=VECTOR('',#8118,100.0);
#8120=LINE('',#8117,#8119);
#8121=EDGE_CURVE('',#5439,#2463,#8120,.T.);
#8122=ORIENTED_EDGE('',*,*,#8121,.T.);
#8123=EDGE_LOOP('',(#8109,#8115,#8116,#8122));
#8124=FACE_OUTER_BOUND('',#8123,.T.);
#8125=ADVANCED_FACE('',(#8124),#8108,.T.);
#8126=CARTESIAN_POINT('',(39.999999999999986,-4.898587E-015,100.0));
#8127=DIRECTION('',(0.0,0.0,1.0));
#8128=DIRECTION('',(0.443651198998074,-0.896199538957464,0.0));
#8129=AXIS2_PLACEMENT_3D('',#8126,#8127,#8128);
#8130=CYLINDRICAL_SURFACE('',#8129,6.249999999999999);
#8131=ORIENTED_EDGE('',*,*,#2460,.F.);
#8132=ORIENTED_EDGE('',*,*,#8087,.F.);
#8133=ORIENTED_EDGE('',*,*,#5462,.F.);
#8134=ORIENTED_EDGE('',*,*,#8114,.T.);
#8135=EDGE_LOOP('',(#8131,#8132,#8133,#8134));
#8136=FACE_OUTER_BOUND('',#8135,.T.);
#8137=ADVANCED_FACE('',(#8136),#8130,.F.);
#8138=CARTESIAN_POINT('',(45.601247118484132,-2.772819993737968,100.0));
#8139=DIRECTION('',(-0.707106781186548,-0.707106781186547,0.0));
#8140=DIRECTION('',(0.0,0.0,-1.0));
#8141=AXIS2_PLACEMENT_3D('',#8138,#8139,#8140);
#8142=PLANE('',#8141);
#8143=ORIENTED_EDGE('',*,*,#2485,.F.);
#8144=CARTESIAN_POINT('',(46.187184335382270,-3.358757210636107,100.0));
#8145=DIRECTION('',(0.0,0.0,-1.0));
#8146=VECTOR('',#8145,100.0);
#8147=LINE('',#8144,#8146);
#8148=EDGE_CURVE('',#5431,#2471,#8147,.T.);
#8149=ORIENTED_EDGE('',*,*,#8148,.F.);
#8150=ORIENTED_EDGE('',*,*,#5436,.F.);
#8151=CARTESIAN_POINT('',(45.601247118484132,-2.772819993737968,100.0));
#8152=DIRECTION('',(0.0,0.0,-1.0));
#8153=VECTOR('',#8152,100.0);
#8154=LINE('',#8151,#8153);
#8155=EDGE_CURVE('',#5422,#2480,#8154,.T.);
#8156=ORIENTED_EDGE('',*,*,#8155,.T.);
#8157=EDGE_LOOP('',(#8143,#8149,#8150,#8156));
#8158=FACE_OUTER_BOUND('',#8157,.T.);
#8159=ADVANCED_FACE('',(#8158),#8142,.T.);
#8160=CARTESIAN_POINT('',(44.772970773009177,-4.772970773009202,100.0));
#8161=DIRECTION('',(0.0,0.0,1.0));
#8162=DIRECTION('',(0.707106781186548,0.707106781186548,0.0));
#8163=AXIS2_PLACEMENT_3D('',#8160,#8161,#8162);
#8164=CYLINDRICAL_SURFACE('',#8163,2.000000000000000);
#8165=ORIENTED_EDGE('',*,*,#2477,.F.);
#8166=ORIENTED_EDGE('',*,*,#8121,.F.);
#8167=ORIENTED_EDGE('',*,*,#5445,.F.);
#8168=ORIENTED_EDGE('',*,*,#8148,.T.);
#8169=EDGE_LOOP('',(#8165,#8166,#8167,#8168));
#8170=FACE_OUTER_BOUND('',#8169,.T.);
#8171=ADVANCED_FACE('',(#8170),#8164,.F.);
#8172=CARTESIAN_POINT('',(57.030441927275533,-8.700000000000005,100.0));
#8173=DIRECTION('',(0.0,0.0,1.0));
#8174=DIRECTION('',(0.984807753012208,-0.173648177666928,0.0));
#8175=AXIS2_PLACEMENT_3D('',#8172,#8173,#8174);
#8176=CYLINDRICAL_SURFACE('',#8175,0.899999999999997);
#8177=ORIENTED_EDGE('',*,*,#1747,.F.);
#8178=CARTESIAN_POINT('',(57.030441927275533,-9.600000000000001,100.0));
#8179=DIRECTION('',(0.0,0.0,-1.0));
#8180=VECTOR('',#8179,100.0);
#8181=LINE('',#8178,#8180);
#8182=EDGE_CURVE('',#2943,#1733,#8181,.T.);
#8183=ORIENTED_EDGE('',*,*,#8182,.F.);
#8184=ORIENTED_EDGE('',*,*,#2949,.F.);
#8185=CARTESIAN_POINT('',(57.916768904986526,-8.856283359900239,100.0));
#8186=DIRECTION('',(0.0,0.0,-1.0));
#8187=VECTOR('',#8186,100.0);
#8188=LINE('',#8185,#8187);
#8189=EDGE_CURVE('',#2935,#1741,#8188,.T.);
#8190=ORIENTED_EDGE('',*,*,#8189,.T.);
#8191=EDGE_LOOP('',(#8177,#8183,#8184,#8190));
#8192=FACE_OUTER_BOUND('',#8191,.T.);
#8193=ADVANCED_FACE('',(#8192),#8176,.F.);
#8194=CARTESIAN_POINT('',(56.088163490354212,-9.600000000000003,100.0));
#8195=DIRECTION('',(0.0,1.0,0.0));
#8196=DIRECTION('',(0.0,0.0,1.0));
#8197=AXIS2_PLACEMENT_3D('',#8194,#8195,#8196);
#8198=PLANE('',#8197);
#8199=ORIENTED_EDGE('',*,*,#1738,.F.);
#8200=CARTESIAN_POINT('',(52.333865619795830,-9.600000000000001,100.0));
#8201=DIRECTION('',(0.0,0.0,-1.0));
#8202=VECTOR('',#8201,100.0);
#8203=LINE('',#8200,#8202);
#8204=EDGE_CURVE('',#2952,#1724,#8203,.T.);
#8205=ORIENTED_EDGE('',*,*,#8204,.F.);
#8206=ORIENTED_EDGE('',*,*,#2957,.F.);
#8207=ORIENTED_EDGE('',*,*,#8182,.T.);
#8208=EDGE_LOOP('',(#8199,#8205,#8206,#8207));
#8209=FACE_OUTER_BOUND('',#8208,.T.);
#8210=ADVANCED_FACE('',(#8209),#8198,.T.);
#8211=CARTESIAN_POINT('',(52.333865619795830,-6.599999999999993,100.0));
#8212=DIRECTION('',(0.0,0.0,1.0));
#8213=DIRECTION('',(0.0,-1.0,0.0));
#8214=AXIS2_PLACEMENT_3D('',#8211,#8212,#8213);
#8215=CYLINDRICAL_SURFACE('',#8214,2.999999999999987);
#8216=ORIENTED_EDGE('',*,*,#1730,.F.);
#8217=CARTESIAN_POINT('',(50.212545276236185,-8.721320343559642,100.0));
#8218=DIRECTION('',(0.0,0.0,-1.0));
#8219=VECTOR('',#8218,100.0);
#8220=LINE('',#8217,#8219);
#8221=EDGE_CURVE('',#2960,#1716,#8220,.T.);
#8222=ORIENTED_EDGE('',*,*,#8221,.F.);
#8223=ORIENTED_EDGE('',*,*,#2966,.F.);
#8224=ORIENTED_EDGE('',*,*,#8204,.T.);
#8225=EDGE_LOOP('',(#8216,#8222,#8223,#8224));
#8226=FACE_OUTER_BOUND('',#8225,.T.);
#8227=ADVANCED_FACE('',(#8226),#8215,.F.);
#8228=CARTESIAN_POINT('',(50.212545276236185,-8.721320343559642,100.0));
#8229=DIRECTION('',(0.707106781186547,0.707106781186548,0.0));
#8230=DIRECTION('',(0.0,0.0,1.0));
#8231=AXIS2_PLACEMENT_3D('',#8228,#8229,#8230);
#8232=PLANE('',#8231);
#8233=ORIENTED_EDGE('',*,*,#1721,.F.);
#8234=CARTESIAN_POINT('',(49.678679656440337,-8.187454723763798,100.0));
#8235=DIRECTION('',(0.0,0.0,-1.0));
#8236=VECTOR('',#8235,100.0);
#8237=LINE('',#8234,#8236);
#8238=EDGE_CURVE('',#2969,#1707,#8237,.T.);
#8239=ORIENTED_EDGE('',*,*,#8238,.F.);
#8240=ORIENTED_EDGE('',*,*,#2974,.F.);
#8241=ORIENTED_EDGE('',*,*,#8221,.T.);
#8242=EDGE_LOOP('',(#8233,#8239,#8240,#8241));
#8243=FACE_OUTER_BOUND('',#8242,.T.);
#8244=ADVANCED_FACE('',(#8243),#8232,.T.);
#8245=CARTESIAN_POINT('',(51.799999999999990,-6.066134380204149,100.0));
#8246=DIRECTION('',(0.0,0.0,1.0));
#8247=DIRECTION('',(-0.707106781186547,-0.707106781186548,0.0));
#8248=AXIS2_PLACEMENT_3D('',#8245,#8246,#8247);
#8249=CYLINDRICAL_SURFACE('',#8248,3.000000000000010);
#8250=ORIENTED_EDGE('',*,*,#1713,.F.);
#8251=CARTESIAN_POINT('',(48.799999999999983,-6.066134380204149,100.0));
#8252=DIRECTION('',(0.0,0.0,-1.0));
#8253=VECTOR('',#8252,100.0);
#8254=LINE('',#8251,#8253);
#8255=EDGE_CURVE('',#2977,#1699,#8254,.T.);
#8256=ORIENTED_EDGE('',*,*,#8255,.F.);
#8257=ORIENTED_EDGE('',*,*,#2983,.F.);
#8258=ORIENTED_EDGE('',*,*,#8238,.T.);
#8259=EDGE_LOOP('',(#8250,#8256,#8257,#8258));
#8260=FACE_OUTER_BOUND('',#8259,.T.);
#8261=ADVANCED_FACE('',(#8260),#8249,.F.);
#8262=CARTESIAN_POINT('',(55.999999999999979,-4.249999999999999,100.0));
#8263=DIRECTION('',(-1.0,0.0,0.0));
#8264=DIRECTION('',(0.0,0.0,1.0));
#8265=AXIS2_PLACEMENT_3D('',#8262,#8263,#8264);
#8266=PLANE('',#8265);
#8267=ORIENTED_EDGE('',*,*,#1780,.F.);
#8268=CARTESIAN_POINT('',(55.999999999999979,-7.250000000000000,100.0));
#8269=DIRECTION('',(0.0,0.0,-1.0));
#8270=VECTOR('',#8269,100.0);
#8271=LINE('',#8268,#8270);
#8272=EDGE_CURVE('',#2910,#1767,#8271,.T.);
#8273=ORIENTED_EDGE('',*,*,#8272,.F.);
#8274=ORIENTED_EDGE('',*,*,#2915,.F.);
#8275=ORIENTED_EDGE('',*,*,#7588,.T.);
#8276=EDGE_LOOP('',(#8267,#8273,#8274,#8275));
#8277=FACE_OUTER_BOUND('',#8276,.T.);
#8278=ADVANCED_FACE('',(#8277),#8266,.T.);
#8279=CARTESIAN_POINT('',(55.999999999999979,-7.250000000000000,100.0));
#8280=DIRECTION('',(0.0,-1.0,0.0));
#8281=DIRECTION('',(0.0,0.0,-1.0));
#8282=AXIS2_PLACEMENT_3D('',#8279,#8280,#8281);
#8283=PLANE('',#8282);
#8284=ORIENTED_EDGE('',*,*,#1772,.F.);
#8285=CARTESIAN_POINT('',(57.604123203702869,-7.250000000000000,100.0));
#8286=DIRECTION('',(0.0,0.0,-1.0));
#8287=VECTOR('',#8286,100.0);
#8288=LINE('',#8285,#8287);
#8289=EDGE_CURVE('',#2918,#1758,#8288,.T.);
#8290=ORIENTED_EDGE('',*,*,#8289,.F.);
#8291=ORIENTED_EDGE('',*,*,#2923,.F.);
#8292=ORIENTED_EDGE('',*,*,#8272,.T.);
#8293=EDGE_LOOP('',(#8284,#8290,#8291,#8292));
#8294=FACE_OUTER_BOUND('',#8293,.T.);
#8295=ADVANCED_FACE('',(#8294),#8283,.T.);
#8296=CARTESIAN_POINT('',(57.604123203702869,-7.750000000000000,100.0));
#8297=DIRECTION('',(0.0,0.0,1.0));
#8298=DIRECTION('',(0.0,1.0,0.0));
#8299=AXIS2_PLACEMENT_3D('',#8296,#8297,#8298);
#8300=CYLINDRICAL_SURFACE('',#8299,0.500000000000000);
#8301=ORIENTED_EDGE('',*,*,#1764,.F.);
#8302=CARTESIAN_POINT('',(58.096527080208972,-7.836824088833465,100.0));
#8303=DIRECTION('',(0.0,0.0,-1.0));
#8304=VECTOR('',#8303,100.0);
#8305=LINE('',#8302,#8304);
#8306=EDGE_CURVE('',#2926,#1750,#8305,.T.);
#8307=ORIENTED_EDGE('',*,*,#8306,.F.);
#8308=ORIENTED_EDGE('',*,*,#2932,.F.);
#8309=ORIENTED_EDGE('',*,*,#8289,.T.);
#8310=EDGE_LOOP('',(#8301,#8307,#8308,#8309));
#8311=FACE_OUTER_BOUND('',#8310,.T.);
#8312=ADVANCED_FACE('',(#8311),#8300,.F.);
#8313=CARTESIAN_POINT('',(58.096527080208972,-7.836824088833465,100.0));
#8314=DIRECTION('',(-0.984807753012209,0.173648177666925,0.0));
#8315=DIRECTION('',(0.0,0.0,1.0));
#8316=AXIS2_PLACEMENT_3D('',#8313,#8314,#8315);
#8317=PLANE('',#8316);
#8318=ORIENTED_EDGE('',*,*,#1755,.F.);
#8319=ORIENTED_EDGE('',*,*,#8189,.F.);
#8320=ORIENTED_EDGE('',*,*,#2940,.F.);
#8321=ORIENTED_EDGE('',*,*,#8306,.T.);
#8322=EDGE_LOOP('',(#8318,#8319,#8320,#8321));
#8323=FACE_OUTER_BOUND('',#8322,.T.);
#8324=ADVANCED_FACE('',(#8323),#8317,.T.);
#8325=CARTESIAN_POINT('',(9.618917E-016,-19.999999999999993,0.0));
#8326=DIRECTION('',(0.0,-1.0,0.0));
#8327=DIRECTION('',(0.0,0.0,1.0));
#8328=AXIS2_PLACEMENT_3D('',#8325,#8326,#8327);
#8329=PLANE('',#8328);
#8330=ORIENTED_EDGE('',*,*,#4325,.T.);
#8331=CARTESIAN_POINT('',(5.249999999999986,-19.999999999999993,0.0));
#8332=DIRECTION('',(0.0,0.0,1.0));
#8333=VECTOR('',#8332,100.0);
#8334=LINE('',#8331,#8333);
#8335=EDGE_CURVE('',#348,#4312,#8334,.T.);
#8336=ORIENTED_EDGE('',*,*,#8335,.F.);
#8337=ORIENTED_EDGE('',*,*,#353,.T.);
#8338=ORIENTED_EDGE('',*,*,#7492,.F.);
#8339=EDGE_LOOP('',(#8330,#8336,#8337,#8338));
#8340=FACE_OUTER_BOUND('',#8339,.T.);
#8341=ADVANCED_FACE('',(#8340),#8329,.T.);
#8342=CARTESIAN_POINT('',(4.750000000000002,59.499999999999972,50.0));
#8343=DIRECTION('',(-0.707106781186549,0.707106781186546,0.0));
#8344=DIRECTION('',(0.0,0.0,1.0));
#8345=AXIS2_PLACEMENT_3D('',#8342,#8343,#8344);
#8346=PLANE('',#8345);
#8347=ORIENTED_EDGE('',*,*,#3499,.T.);
#8348=ORIENTED_EDGE('',*,*,#6098,.T.);
#8349=ORIENTED_EDGE('',*,*,#1179,.T.);
#8350=CARTESIAN_POINT('',(4.250000000000002,58.999999999999972,0.0));
#8351=DIRECTION('',(0.0,0.0,1.0));
#8352=VECTOR('',#8351,100.0);
#8353=LINE('',#8350,#8352);
#8354=EDGE_CURVE('',#1166,#3494,#8353,.T.);
#8355=ORIENTED_EDGE('',*,*,#8354,.T.);
#8356=EDGE_LOOP('',(#8347,#8348,#8349,#8355));
#8357=FACE_OUTER_BOUND('',#8356,.T.);
#8358=ADVANCED_FACE('',(#8357),#8346,.T.);
#8359=CARTESIAN_POINT('',(4.250000000000002,59.999999999999986,100.0));
#8360=DIRECTION('',(-1.0,0.0,0.0));
#8361=DIRECTION('',(0.0,0.0,1.0));
#8362=AXIS2_PLACEMENT_3D('',#8359,#8360,#8361);
#8363=PLANE('',#8362);
#8364=ORIENTED_EDGE('',*,*,#8354,.F.);
#8365=ORIENTED_EDGE('',*,*,#1171,.F.);
#8366=CARTESIAN_POINT('',(4.250000000000002,55.999999999999979,100.0));
#8367=DIRECTION('',(0.0,0.0,-1.0));
#8368=VECTOR('',#8367,100.0);
#8369=LINE('',#8366,#8368);
#8370=EDGE_CURVE('',#3502,#1158,#8369,.T.);
#8371=ORIENTED_EDGE('',*,*,#8370,.F.);
#8372=ORIENTED_EDGE('',*,*,#3507,.F.);
#8373=EDGE_LOOP('',(#8364,#8365,#8371,#8372));
#8374=FACE_OUTER_BOUND('',#8373,.T.);
#8375=ADVANCED_FACE('',(#8374),#8363,.T.);
#8376=CARTESIAN_POINT('',(-4.749999999999986,59.499999999999972,50.0));
#8377=DIRECTION('',(0.707106781186546,0.707106781186549,2.884444E-017));
#8378=DIRECTION('',(0.0,0.0,-1.0));
#8379=AXIS2_PLACEMENT_3D('',#8376,#8377,#8378);
#8380=PLANE('',#8379);
#8381=ORIENTED_EDGE('',*,*,#995,.T.);
#8382=CARTESIAN_POINT('',(-5.249999999999984,59.999999999999972,0.0));
#8383=DIRECTION('',(0.0,0.0,1.0));
#8384=VECTOR('',#8383,100.0);
#8385=LINE('',#8382,#8384);
#8386=EDGE_CURVE('',#982,#3678,#8385,.T.);
#8387=ORIENTED_EDGE('',*,*,#8386,.T.);
#8388=ORIENTED_EDGE('',*,*,#3683,.T.);
#8389=CARTESIAN_POINT('',(-4.249999999999988,58.999999999999979,100.0));
#8390=DIRECTION('',(0.0,0.0,-1.0));
#8391=VECTOR('',#8390,100.0);
#8392=LINE('',#8389,#8391);
#8393=EDGE_CURVE('',#3670,#990,#8392,.T.);
#8394=ORIENTED_EDGE('',*,*,#8393,.T.);
#8395=EDGE_LOOP('',(#8381,#8387,#8388,#8394));
#8396=FACE_OUTER_BOUND('',#8395,.T.);
#8397=ADVANCED_FACE('',(#8396),#8380,.T.);
#8398=CARTESIAN_POINT('',(-4.249999999999988,59.999999999999986,100.0));
#8399=DIRECTION('',(-1.0,0.0,0.0));
#8400=DIRECTION('',(0.0,0.0,1.0));
#8401=AXIS2_PLACEMENT_3D('',#8398,#8399,#8400);
#8402=PLANE('',#8401);
#8403=ORIENTED_EDGE('',*,*,#8393,.F.);
#8404=ORIENTED_EDGE('',*,*,#3675,.F.);
#8405=CARTESIAN_POINT('',(-4.249999999999989,55.999999999999979,100.0));
#8406=DIRECTION('',(0.0,0.0,-1.0));
#8407=VECTOR('',#8406,100.0);
#8408=LINE('',#8405,#8407);
#8409=EDGE_CURVE('',#3662,#998,#8408,.T.);
#8410=ORIENTED_EDGE('',*,*,#8409,.T.);
#8411=ORIENTED_EDGE('',*,*,#1003,.F.);
#8412=EDGE_LOOP('',(#8403,#8404,#8410,#8411));
#8413=FACE_OUTER_BOUND('',#8412,.T.);
#8414=ADVANCED_FACE('',(#8413),#8402,.F.);
#8415=CARTESIAN_POINT('',(-19.499999999999989,44.749999999999979,50.0));
#8416=DIRECTION('',(-0.707106781186548,-0.707106781186547,0.0));
#8417=DIRECTION('',(0.0,0.0,1.0));
#8418=AXIS2_PLACEMENT_3D('',#8415,#8416,#8417);
#8419=PLANE('',#8418);
#8420=ORIENTED_EDGE('',*,*,#3716,.T.);
#8421=ORIENTED_EDGE('',*,*,#5591,.T.);
#8422=ORIENTED_EDGE('',*,*,#962,.T.);
#8423=CARTESIAN_POINT('',(-18.999999999999986,44.249999999999979,0.0));
#8424=DIRECTION('',(0.0,0.0,1.0));
#8425=VECTOR('',#8424,100.0);
#8426=LINE('',#8423,#8425);
#8427=EDGE_CURVE('',#949,#3711,#8426,.T.);
#8428=ORIENTED_EDGE('',*,*,#8427,.T.);
#8429=EDGE_LOOP('',(#8420,#8421,#8422,#8428));
#8430=FACE_OUTER_BOUND('',#8429,.T.);
#8431=ADVANCED_FACE('',(#8430),#8419,.T.);
#8432=CARTESIAN_POINT('',(-19.999999999999989,44.249999999999979,100.0));
#8433=DIRECTION('',(0.0,-1.0,0.0));
#8434=DIRECTION('',(0.0,0.0,1.0));
#8435=AXIS2_PLACEMENT_3D('',#8432,#8433,#8434);
#8436=PLANE('',#8435);
#8437=ORIENTED_EDGE('',*,*,#8427,.F.);
#8438=ORIENTED_EDGE('',*,*,#954,.F.);
#8439=CARTESIAN_POINT('',(-15.999999999999989,44.249999999999979,100.0));
#8440=DIRECTION('',(0.0,0.0,-1.0));
#8441=VECTOR('',#8440,100.0);
#8442=LINE('',#8439,#8441);
#8443=EDGE_CURVE('',#3719,#941,#8442,.T.);
#8444=ORIENTED_EDGE('',*,*,#8443,.F.);
#8445=ORIENTED_EDGE('',*,*,#3724,.F.);
#8446=EDGE_LOOP('',(#8437,#8438,#8444,#8445));
#8447=FACE_OUTER_BOUND('',#8446,.T.);
#8448=ADVANCED_FACE('',(#8447),#8436,.T.);
#8449=CARTESIAN_POINT('',(-8.699999999999996,57.030441927275533,100.0));
#8450=DIRECTION('',(4.079220E-017,4.079220E-017,-1.0));
#8451=DIRECTION('',(-0.173648177666928,0.984807753012208,3.308898E-017));
#8452=AXIS2_PLACEMENT_3D('',#8449,#8450,#8451);
#8453=CYLINDRICAL_SURFACE('',#8452,0.899999999999997);
#8454=ORIENTED_EDGE('',*,*,#1045,.F.);
#8455=CARTESIAN_POINT('',(-8.856283359900230,57.916768904986526,100.0));
#8456=DIRECTION('',(0.0,0.0,-1.0));
#8457=VECTOR('',#8456,100.0);
#8458=LINE('',#8455,#8457);
#8459=EDGE_CURVE('',#3628,#1031,#8458,.T.);
#8460=ORIENTED_EDGE('',*,*,#8459,.F.);
#8461=ORIENTED_EDGE('',*,*,#3634,.F.);
#8462=CARTESIAN_POINT('',(-9.599999999999993,57.030441927275533,100.0));
#8463=DIRECTION('',(0.0,0.0,-1.0));
#8464=VECTOR('',#8463,100.0);
#8465=LINE('',#8462,#8464);
#8466=EDGE_CURVE('',#3620,#1039,#8465,.T.);
#8467=ORIENTED_EDGE('',*,*,#8466,.T.);
#8468=EDGE_LOOP('',(#8454,#8460,#8461,#8467));
#8469=FACE_OUTER_BOUND('',#8468,.T.);
#8470=ADVANCED_FACE('',(#8469),#8453,.F.);
#8471=CARTESIAN_POINT('',(-9.599999999999993,56.088163490354212,100.0));
#8472=DIRECTION('',(-1.0,0.0,0.0));
#8473=DIRECTION('',(0.0,0.0,1.0));
#8474=AXIS2_PLACEMENT_3D('',#8471,#8472,#8473);
#8475=PLANE('',#8474);
#8476=ORIENTED_EDGE('',*,*,#1053,.F.);
#8477=ORIENTED_EDGE('',*,*,#8466,.F.);
#8478=ORIENTED_EDGE('',*,*,#3625,.F.);
#8479=CARTESIAN_POINT('',(-9.599999999999993,52.333865619795830,100.0));
#8480=DIRECTION('',(0.0,0.0,-1.0));
#8481=VECTOR('',#8480,100.0);
#8482=LINE('',#8479,#8481);
#8483=EDGE_CURVE('',#3611,#1048,#8482,.T.);
#8484=ORIENTED_EDGE('',*,*,#8483,.T.);
#8485=EDGE_LOOP('',(#8476,#8477,#8478,#8484));
#8486=FACE_OUTER_BOUND('',#8485,.T.);
#8487=ADVANCED_FACE('',(#8486),#8475,.F.);
#8488=CARTESIAN_POINT('',(-6.599999999999983,52.333865619795830,100.0));
#8489=DIRECTION('',(4.079220E-017,4.079220E-017,-1.0));
#8490=DIRECTION('',(-1.0,0.0,0.0));
#8491=AXIS2_PLACEMENT_3D('',#8488,#8489,#8490);
#8492=CYLINDRICAL_SURFACE('',#8491,2.999999999999987);
#8493=ORIENTED_EDGE('',*,*,#1062,.F.);
#8494=ORIENTED_EDGE('',*,*,#8483,.F.);
#8495=ORIENTED_EDGE('',*,*,#3617,.F.);
#8496=CARTESIAN_POINT('',(-8.721320343559633,50.212545276236185,100.0));
#8497=DIRECTION('',(0.0,0.0,-1.0));
#8498=VECTOR('',#8497,100.0);
#8499=LINE('',#8496,#8498);
#8500=EDGE_CURVE('',#3603,#1056,#8499,.T.);
#8501=ORIENTED_EDGE('',*,*,#8500,.T.);
#8502=EDGE_LOOP('',(#8493,#8494,#8495,#8501));
#8503=FACE_OUTER_BOUND('',#8502,.T.);
#8504=ADVANCED_FACE('',(#8503),#8492,.F.);
#8505=CARTESIAN_POINT('',(-8.721320343559633,50.212545276236185,100.0));
#8506=DIRECTION('',(-0.707106781186548,-0.707106781186547,-5.768888E-017));
#8507=DIRECTION('',(0.0,0.0,1.0));
#8508=AXIS2_PLACEMENT_3D('',#8505,#8506,#8507);
#8509=PLANE('',#8508);
#8510=ORIENTED_EDGE('',*,*,#1070,.F.);
#8511=ORIENTED_EDGE('',*,*,#8500,.F.);
#8512=ORIENTED_EDGE('',*,*,#3608,.F.);
#8513=CARTESIAN_POINT('',(-8.187454723763789,49.678679656440337,100.0));
#8514=DIRECTION('',(0.0,0.0,-1.0));
#8515=VECTOR('',#8514,100.0);
#8516=LINE('',#8513,#8515);
#8517=EDGE_CURVE('',#3594,#1065,#8516,.T.);
#8518=ORIENTED_EDGE('',*,*,#8517,.T.);
#8519=EDGE_LOOP('',(#8510,#8511,#8512,#8518));
#8520=FACE_OUTER_BOUND('',#8519,.T.);
#8521=ADVANCED_FACE('',(#8520),#8509,.F.);
#8522=CARTESIAN_POINT('',(-6.066134380204139,51.799999999999990,100.0));
#8523=DIRECTION('',(4.079220E-017,4.079220E-017,-1.0));
#8524=DIRECTION('',(-0.707106781186548,-0.707106781186548,-5.768888E-017));
#8525=AXIS2_PLACEMENT_3D('',#8522,#8523,#8524);
#8526=CYLINDRICAL_SURFACE('',#8525,3.000000000000010);
#8527=ORIENTED_EDGE('',*,*,#1079,.F.);
#8528=ORIENTED_EDGE('',*,*,#8517,.F.);
#8529=ORIENTED_EDGE('',*,*,#3600,.F.);
#8530=CARTESIAN_POINT('',(-6.066134380204139,48.799999999999969,100.0));
#8531=DIRECTION('',(0.0,0.0,-1.0));
#8532=VECTOR('',#8531,100.0);
#8533=LINE('',#8530,#8532);
#8534=EDGE_CURVE('',#3586,#1073,#8533,.T.);
#8535=ORIENTED_EDGE('',*,*,#8534,.T.);
#8536=EDGE_LOOP('',(#8527,#8528,#8529,#8535));
#8537=FACE_OUTER_BOUND('',#8536,.T.);
#8538=ADVANCED_FACE('',(#8537),#8526,.F.);
#8539=CARTESIAN_POINT('',(-4.249999999999989,55.999999999999979,100.0));
#8540=DIRECTION('',(0.0,1.0,0.0));
#8541=DIRECTION('',(0.0,0.0,1.0));
#8542=AXIS2_PLACEMENT_3D('',#8539,#8540,#8541);
#8543=PLANE('',#8542);
#8544=ORIENTED_EDGE('',*,*,#1011,.F.);
#8545=ORIENTED_EDGE('',*,*,#8409,.F.);
#8546=ORIENTED_EDGE('',*,*,#3667,.F.);
#8547=CARTESIAN_POINT('',(-7.249999999999989,55.999999999999979,100.0));
#8548=DIRECTION('',(0.0,0.0,-1.0));
#8549=VECTOR('',#8548,100.0);
#8550=LINE('',#8547,#8549);
#8551=EDGE_CURVE('',#3654,#1006,#8550,.T.);
#8552=ORIENTED_EDGE('',*,*,#8551,.T.);
#8553=EDGE_LOOP('',(#8544,#8545,#8546,#8552));
#8554=FACE_OUTER_BOUND('',#8553,.T.);
#8555=ADVANCED_FACE('',(#8554),#8543,.F.);
#8556=CARTESIAN_POINT('',(-7.249999999999989,55.999999999999979,100.0));
#8557=DIRECTION('',(1.0,0.0,0.0));
#8558=DIRECTION('',(0.0,0.0,-1.0));
#8559=AXIS2_PLACEMENT_3D('',#8556,#8557,#8558);
#8560=PLANE('',#8559);
#8561=ORIENTED_EDGE('',*,*,#1019,.F.);
#8562=ORIENTED_EDGE('',*,*,#8551,.F.);
#8563=ORIENTED_EDGE('',*,*,#3659,.F.);
#8564=CARTESIAN_POINT('',(-7.249999999999991,57.604123203702869,100.0));
#8565=DIRECTION('',(0.0,0.0,-1.0));
#8566=VECTOR('',#8565,100.0);
#8567=LINE('',#8564,#8566);
#8568=EDGE_CURVE('',#3645,#1014,#8567,.T.);
#8569=ORIENTED_EDGE('',*,*,#8568,.T.);
#8570=EDGE_LOOP('',(#8561,#8562,#8563,#8569));
#8571=FACE_OUTER_BOUND('',#8570,.T.);
#8572=ADVANCED_FACE('',(#8571),#8560,.F.);
#8573=CARTESIAN_POINT('',(-7.749999999999991,57.604123203702869,100.0));
#8574=DIRECTION('',(4.079220E-017,4.079220E-017,-1.0));
#8575=DIRECTION('',(1.0,0.0,0.0));
#8576=AXIS2_PLACEMENT_3D('',#8573,#8574,#8575);
#8577=CYLINDRICAL_SURFACE('',#8576,0.500000000000000);
#8578=ORIENTED_EDGE('',*,*,#1028,.F.);
#8579=ORIENTED_EDGE('',*,*,#8568,.F.);
#8580=ORIENTED_EDGE('',*,*,#3651,.F.);
#8581=CARTESIAN_POINT('',(-7.836824088833456,58.096527080208972,100.0));
#8582=DIRECTION('',(0.0,0.0,-1.0));
#8583=VECTOR('',#8582,100.0);
#8584=LINE('',#8581,#8583);
#8585=EDGE_CURVE('',#3637,#1022,#8584,.T.);
#8586=ORIENTED_EDGE('',*,*,#8585,.T.);
#8587=EDGE_LOOP('',(#8578,#8579,#8580,#8586));
#8588=FACE_OUTER_BOUND('',#8587,.T.);
#8589=ADVANCED_FACE('',(#8588),#8577,.F.);
#8590=CARTESIAN_POINT('',(-7.836824088833456,58.096527080208972,100.0));
#8591=DIRECTION('',(-0.173648177666925,0.984807753012209,3.308898E-017));
#8592=DIRECTION('',(0.0,0.0,1.0));
#8593=AXIS2_PLACEMENT_3D('',#8590,#8591,#8592);
#8594=PLANE('',#8593);
#8595=ORIENTED_EDGE('',*,*,#1036,.F.);
#8596=ORIENTED_EDGE('',*,*,#8585,.F.);
#8597=ORIENTED_EDGE('',*,*,#3642,.F.);
#8598=ORIENTED_EDGE('',*,*,#8459,.T.);
#8599=EDGE_LOOP('',(#8595,#8596,#8597,#8598));
#8600=FACE_OUTER_BOUND('',#8599,.T.);
#8601=ADVANCED_FACE('',(#8600),#8594,.F.);
#8602=CARTESIAN_POINT('',(8.700000000000008,57.030441927275533,100.0));
#8603=DIRECTION('',(0.0,0.0,1.0));
#8604=DIRECTION('',(0.173648177666928,0.984807753012208,0.0));
#8605=AXIS2_PLACEMENT_3D('',#8602,#8603,#8604);
#8606=CYLINDRICAL_SURFACE('',#8605,0.899999999999997);
#8607=ORIENTED_EDGE('',*,*,#1130,.F.);
#8608=CARTESIAN_POINT('',(9.600000000000007,57.030441927275533,100.0));
#8609=DIRECTION('',(0.0,0.0,-1.0));
#8610=VECTOR('',#8609,100.0);
#8611=LINE('',#8608,#8610);
#8612=EDGE_CURVE('',#3543,#1116,#8611,.T.);
#8613=ORIENTED_EDGE('',*,*,#8612,.F.);
#8614=ORIENTED_EDGE('',*,*,#3549,.F.);
#8615=CARTESIAN_POINT('',(8.856283359900242,57.916768904986526,100.0));
#8616=DIRECTION('',(0.0,0.0,-1.0));
#8617=VECTOR('',#8616,100.0);
#8618=LINE('',#8615,#8617);
#8619=EDGE_CURVE('',#3535,#1124,#8618,.T.);
#8620=ORIENTED_EDGE('',*,*,#8619,.T.);
#8621=EDGE_LOOP('',(#8607,#8613,#8614,#8620));
#8622=FACE_OUTER_BOUND('',#8621,.T.);
#8623=ADVANCED_FACE('',(#8622),#8606,.F.);
#8624=CARTESIAN_POINT('',(9.600000000000007,56.088163490354212,100.0));
#8625=DIRECTION('',(-1.0,0.0,0.0));
#8626=DIRECTION('',(0.0,0.0,1.0));
#8627=AXIS2_PLACEMENT_3D('',#8624,#8625,#8626);
#8628=PLANE('',#8627);
#8629=ORIENTED_EDGE('',*,*,#1121,.F.);
#8630=CARTESIAN_POINT('',(9.600000000000005,52.333865619795830,100.0));
#8631=DIRECTION('',(0.0,0.0,-1.0));
#8632=VECTOR('',#8631,100.0);
#8633=LINE('',#8630,#8632);
#8634=EDGE_CURVE('',#3552,#1107,#8633,.T.);
#8635=ORIENTED_EDGE('',*,*,#8634,.F.);
#8636=ORIENTED_EDGE('',*,*,#3557,.F.);
#8637=ORIENTED_EDGE('',*,*,#8612,.T.);
#8638=EDGE_LOOP('',(#8629,#8635,#8636,#8637));
#8639=FACE_OUTER_BOUND('',#8638,.T.);
#8640=ADVANCED_FACE('',(#8639),#8628,.T.);
#8641=CARTESIAN_POINT('',(6.599999999999996,52.333865619795830,100.0));
#8642=DIRECTION('',(0.0,0.0,1.0));
#8643=DIRECTION('',(1.0,0.0,0.0));
#8644=AXIS2_PLACEMENT_3D('',#8641,#8642,#8643);
#8645=CYLINDRICAL_SURFACE('',#8644,2.999999999999987);
#8646=ORIENTED_EDGE('',*,*,#1113,.F.);
#8647=CARTESIAN_POINT('',(8.721320343559645,50.212545276236185,100.0));
#8648=DIRECTION('',(0.0,0.0,-1.0));
#8649=VECTOR('',#8648,100.0);
#8650=LINE('',#8647,#8649);
#8651=EDGE_CURVE('',#3560,#1099,#8650,.T.);
#8652=ORIENTED_EDGE('',*,*,#8651,.F.);
#8653=ORIENTED_EDGE('',*,*,#3566,.F.);
#8654=ORIENTED_EDGE('',*,*,#8634,.T.);
#8655=EDGE_LOOP('',(#8646,#8652,#8653,#8654));
#8656=FACE_OUTER_BOUND('',#8655,.T.);
#8657=ADVANCED_FACE('',(#8656),#8645,.F.);
#8658=CARTESIAN_POINT('',(8.721320343559645,50.212545276236185,100.0));
#8659=DIRECTION('',(-0.707106781186548,0.707106781186547,0.0));
#8660=DIRECTION('',(0.0,0.0,1.0));
#8661=AXIS2_PLACEMENT_3D('',#8658,#8659,#8660);
#8662=PLANE('',#8661);
#8663=ORIENTED_EDGE('',*,*,#1104,.F.);
#8664=CARTESIAN_POINT('',(8.187454723763802,49.678679656440337,100.0));
#8665=DIRECTION('',(0.0,0.0,-1.0));
#8666=VECTOR('',#8665,100.0);
#8667=LINE('',#8664,#8666);
#8668=EDGE_CURVE('',#3569,#1090,#8667,.T.);
#8669=ORIENTED_EDGE('',*,*,#8668,.F.);
#8670=ORIENTED_EDGE('',*,*,#3574,.F.);
#8671=ORIENTED_EDGE('',*,*,#8651,.T.);
#8672=EDGE_LOOP('',(#8663,#8669,#8670,#8671));
#8673=FACE_OUTER_BOUND('',#8672,.T.);
#8674=ADVANCED_FACE('',(#8673),#8662,.T.);
#8675=CARTESIAN_POINT('',(6.066134380204153,51.799999999999990,100.0));
#8676=DIRECTION('',(0.0,0.0,1.0));
#8677=DIRECTION('',(0.707106781186548,-0.707106781186548,0.0));
#8678=AXIS2_PLACEMENT_3D('',#8675,#8676,#8677);
#8679=CYLINDRICAL_SURFACE('',#8678,3.000000000000010);
#8680=ORIENTED_EDGE('',*,*,#1096,.F.);
#8681=CARTESIAN_POINT('',(6.066134380204153,48.799999999999969,100.0));
#8682=DIRECTION('',(0.0,0.0,-1.0));
#8683=VECTOR('',#8682,100.0);
#8684=LINE('',#8681,#8683);
#8685=EDGE_CURVE('',#3577,#1082,#8684,.T.);
#8686=ORIENTED_EDGE('',*,*,#8685,.F.);
#8687=ORIENTED_EDGE('',*,*,#3583,.F.);
#8688=ORIENTED_EDGE('',*,*,#8668,.T.);
#8689=EDGE_LOOP('',(#8680,#8686,#8687,#8688));
#8690=FACE_OUTER_BOUND('',#8689,.T.);
#8691=ADVANCED_FACE('',(#8690),#8679,.F.);
#8692=CARTESIAN_POINT('',(6.066134380204153,48.799999999999969,100.0));
#8693=DIRECTION('',(0.0,1.0,0.0));
#8694=DIRECTION('',(0.0,0.0,-1.0));
#8695=AXIS2_PLACEMENT_3D('',#8692,#8693,#8694);
#8696=PLANE('',#8695);
#8697=ORIENTED_EDGE('',*,*,#1087,.F.);
#8698=ORIENTED_EDGE('',*,*,#8534,.F.);
#8699=ORIENTED_EDGE('',*,*,#3591,.F.);
#8700=ORIENTED_EDGE('',*,*,#8685,.T.);
#8701=EDGE_LOOP('',(#8697,#8698,#8699,#8700));
#8702=FACE_OUTER_BOUND('',#8701,.T.);
#8703=ADVANCED_FACE('',(#8702),#8696,.T.);
#8704=CARTESIAN_POINT('',(4.250000000000002,55.999999999999979,100.0));
#8705=DIRECTION('',(0.0,-1.0,0.0));
#8706=DIRECTION('',(0.0,0.0,1.0));
#8707=AXIS2_PLACEMENT_3D('',#8704,#8705,#8706);
#8708=PLANE('',#8707);
#8709=ORIENTED_EDGE('',*,*,#1163,.F.);
#8710=CARTESIAN_POINT('',(7.250000000000004,55.999999999999979,100.0));
#8711=DIRECTION('',(0.0,0.0,-1.0));
#8712=VECTOR('',#8711,100.0);
#8713=LINE('',#8710,#8712);
#8714=EDGE_CURVE('',#3510,#1150,#8713,.T.);
#8715=ORIENTED_EDGE('',*,*,#8714,.F.);
#8716=ORIENTED_EDGE('',*,*,#3515,.F.);
#8717=ORIENTED_EDGE('',*,*,#8370,.T.);
#8718=EDGE_LOOP('',(#8709,#8715,#8716,#8717));
#8719=FACE_OUTER_BOUND('',#8718,.T.);
#8720=ADVANCED_FACE('',(#8719),#8708,.T.);
#8721=CARTESIAN_POINT('',(7.250000000000004,55.999999999999979,100.0));
#8722=DIRECTION('',(1.0,0.0,0.0));
#8723=DIRECTION('',(0.0,0.0,-1.0));
#8724=AXIS2_PLACEMENT_3D('',#8721,#8722,#8723);
#8725=PLANE('',#8724);
#8726=ORIENTED_EDGE('',*,*,#1155,.F.);
#8727=CARTESIAN_POINT('',(7.250000000000004,57.604123203702869,100.0));
#8728=DIRECTION('',(0.0,0.0,-1.0));
#8729=VECTOR('',#8728,100.0);
#8730=LINE('',#8727,#8729);
#8731=EDGE_CURVE('',#3518,#1141,#8730,.T.);
#8732=ORIENTED_EDGE('',*,*,#8731,.F.);
#8733=ORIENTED_EDGE('',*,*,#3523,.F.);
#8734=ORIENTED_EDGE('',*,*,#8714,.T.);
#8735=EDGE_LOOP('',(#8726,#8732,#8733,#8734));
#8736=FACE_OUTER_BOUND('',#8735,.T.);
#8737=ADVANCED_FACE('',(#8736),#8725,.T.);
#8738=CARTESIAN_POINT('',(7.750000000000004,57.604123203702869,100.0));
#8739=DIRECTION('',(0.0,0.0,1.0));
#8740=DIRECTION('',(-1.0,0.0,0.0));
#8741=AXIS2_PLACEMENT_3D('',#8738,#8739,#8740);
#8742=CYLINDRICAL_SURFACE('',#8741,0.500000000000000);
#8743=ORIENTED_EDGE('',*,*,#1147,.F.);
#8744=CARTESIAN_POINT('',(7.836824088833470,58.096527080208972,100.0));
#8745=DIRECTION('',(0.0,0.0,-1.0));
#8746=VECTOR('',#8745,100.0);
#8747=LINE('',#8744,#8746);
#8748=EDGE_CURVE('',#3526,#1133,#8747,.T.);
#8749=ORIENTED_EDGE('',*,*,#8748,.F.);
#8750=ORIENTED_EDGE('',*,*,#3532,.F.);
#8751=ORIENTED_EDGE('',*,*,#8731,.T.);
#8752=EDGE_LOOP('',(#8743,#8749,#8750,#8751));
#8753=FACE_OUTER_BOUND('',#8752,.T.);
#8754=ADVANCED_FACE('',(#8753),#8742,.F.);
#8755=CARTESIAN_POINT('',(7.836824088833470,58.096527080208972,100.0));
#8756=DIRECTION('',(-0.173648177666925,-0.984807753012209,0.0));
#8757=DIRECTION('',(0.0,0.0,1.0));
#8758=AXIS2_PLACEMENT_3D('',#8755,#8756,#8757);
#8759=PLANE('',#8758);
#8760=ORIENTED_EDGE('',*,*,#1138,.F.);
#8761=ORIENTED_EDGE('',*,*,#8619,.F.);
#8762=ORIENTED_EDGE('',*,*,#3540,.F.);
#8763=ORIENTED_EDGE('',*,*,#8748,.T.);
#8764=EDGE_LOOP('',(#8760,#8761,#8762,#8763));
#8765=FACE_OUTER_BOUND('',#8764,.T.);
#8766=ADVANCED_FACE('',(#8765),#8759,.T.);
#8767=CARTESIAN_POINT('',(-11.199999999999983,51.199999999999974,100.0));
#8768=DIRECTION('',(0.0,1.0,0.0));
#8769=DIRECTION('',(0.0,0.0,-1.0));
#8770=AXIS2_PLACEMENT_3D('',#8767,#8768,#8769);
#8771=PLANE('',#8770);
#8772=ORIENTED_EDGE('',*,*,#2357,.F.);
#8773=CARTESIAN_POINT('',(-18.399999999999984,51.199999999999974,100.0));
#8774=DIRECTION('',(0.0,0.0,-1.0));
#8775=VECTOR('',#8774,100.0);
#8776=LINE('',#8773,#8775);
#8777=EDGE_CURVE('',#5182,#2350,#8776,.T.);
#8778=ORIENTED_EDGE('',*,*,#8777,.F.);
#8779=ORIENTED_EDGE('',*,*,#5187,.F.);
#8780=CARTESIAN_POINT('',(-11.199999999999983,51.199999999999974,100.0));
#8781=DIRECTION('',(0.0,0.0,-1.0));
#8782=VECTOR('',#8781,100.0);
#8783=LINE('',#8780,#8782);
#8784=EDGE_CURVE('',#5180,#2352,#8783,.T.);
#8785=ORIENTED_EDGE('',*,*,#8784,.T.);
#8786=EDGE_LOOP('',(#8772,#8778,#8779,#8785));
#8787=FACE_OUTER_BOUND('',#8786,.T.);
#8788=ADVANCED_FACE('',(#8787),#8771,.T.);
#8789=CARTESIAN_POINT('',(-18.399999999999984,51.199999999999974,100.0));
#8790=DIRECTION('',(1.0,0.0,0.0));
#8791=DIRECTION('',(0.0,0.0,1.0));
#8792=AXIS2_PLACEMENT_3D('',#8789,#8790,#8791);
#8793=PLANE('',#8792);
#8794=ORIENTED_EDGE('',*,*,#2379,.F.);
#8795=CARTESIAN_POINT('',(-18.399999999999981,58.399999999999977,100.0));
#8796=DIRECTION('',(0.0,0.0,-1.0));
#8797=VECTOR('',#8796,100.0);
#8798=LINE('',#8795,#8797);
#8799=EDGE_CURVE('',#5190,#2368,#8798,.T.);
#8800=ORIENTED_EDGE('',*,*,#8799,.F.);
#8801=ORIENTED_EDGE('',*,*,#5195,.F.);
#8802=ORIENTED_EDGE('',*,*,#8777,.T.);
#8803=EDGE_LOOP('',(#8794,#8800,#8801,#8802));
#8804=FACE_OUTER_BOUND('',#8803,.T.);
#8805=ADVANCED_FACE('',(#8804),#8793,.T.);
#8806=CARTESIAN_POINT('',(-18.399999999999981,58.399999999999977,100.0));
#8807=DIRECTION('',(0.0,-1.0,0.0));
#8808=DIRECTION('',(0.0,0.0,1.0));
#8809=AXIS2_PLACEMENT_3D('',#8806,#8807,#8808);
#8810=PLANE('',#8809);
#8811=ORIENTED_EDGE('',*,*,#2373,.F.);
#8812=CARTESIAN_POINT('',(-11.199999999999982,58.399999999999970,100.0));
#8813=DIRECTION('',(0.0,0.0,-1.0));
#8814=VECTOR('',#8813,100.0);
#8815=LINE('',#8812,#8814);
#8816=EDGE_CURVE('',#5198,#2360,#8815,.T.);
#8817=ORIENTED_EDGE('',*,*,#8816,.F.);
#8818=ORIENTED_EDGE('',*,*,#5203,.F.);
#8819=ORIENTED_EDGE('',*,*,#8799,.T.);
#8820=EDGE_LOOP('',(#8811,#8817,#8818,#8819));
#8821=FACE_OUTER_BOUND('',#8820,.T.);
#8822=ADVANCED_FACE('',(#8821),#8810,.T.);
#8823=CARTESIAN_POINT('',(-11.199999999999982,58.399999999999970,100.0));
#8824=DIRECTION('',(-1.0,0.0,0.0));
#8825=DIRECTION('',(0.0,0.0,-1.0));
#8826=AXIS2_PLACEMENT_3D('',#8823,#8824,#8825);
#8827=PLANE('',#8826);
#8828=ORIENTED_EDGE('',*,*,#2365,.F.);
#8829=ORIENTED_EDGE('',*,*,#8784,.F.);
#8830=ORIENTED_EDGE('',*,*,#5209,.F.);
#8831=ORIENTED_EDGE('',*,*,#8816,.T.);
#8832=EDGE_LOOP('',(#8828,#8829,#8830,#8831));
#8833=FACE_OUTER_BOUND('',#8832,.T.);
#8834=ADVANCED_FACE('',(#8833),#8827,.T.);
#8835=CARTESIAN_POINT('',(3.358757210636107,33.812815664617688,100.0));
#8836=DIRECTION('',(0.707106781186548,0.707106781186547,0.0));
#8837=DIRECTION('',(0.0,0.0,1.0));
#8838=AXIS2_PLACEMENT_3D('',#8835,#8836,#8837);
#8839=PLANE('',#8838);
#8840=ORIENTED_EDGE('',*,*,#2228,.F.);
#8841=CARTESIAN_POINT('',(2.772819993737968,34.398752881515826,100.0));
#8842=DIRECTION('',(0.0,0.0,-1.0));
#8843=VECTOR('',#8842,100.0);
#8844=LINE('',#8841,#8843);
#8845=EDGE_CURVE('',#5214,#2214,#8844,.T.);
#8846=ORIENTED_EDGE('',*,*,#8845,.F.);
#8847=ORIENTED_EDGE('',*,*,#5347,.F.);
#8848=CARTESIAN_POINT('',(3.358757210636107,33.812815664617688,100.0));
#8849=DIRECTION('',(0.0,0.0,-1.0));
#8850=VECTOR('',#8849,100.0);
#8851=LINE('',#8848,#8850);
#8852=EDGE_CURVE('',#5335,#2223,#8851,.T.);
#8853=ORIENTED_EDGE('',*,*,#8852,.T.);
#8854=EDGE_LOOP('',(#8840,#8846,#8847,#8853));
#8855=FACE_OUTER_BOUND('',#8854,.T.);
#8856=ADVANCED_FACE('',(#8855),#8839,.T.);
#8857=CARTESIAN_POINT('',(5.601247118484158,37.227180006262017,100.0));
#8858=DIRECTION('',(-0.707106781186548,-0.707106781186547,0.0));
#8859=DIRECTION('',(0.0,0.0,-1.0));
#8860=AXIS2_PLACEMENT_3D('',#8857,#8858,#8859);
#8861=PLANE('',#8860);
#8862=ORIENTED_EDGE('',*,*,#2245,.F.);
#8863=CARTESIAN_POINT('',(6.187184335382297,36.641242789363879,100.0));
#8864=DIRECTION('',(0.0,0.0,-1.0));
#8865=VECTOR('',#8864,100.0);
#8866=LINE('',#8863,#8865);
#8867=EDGE_CURVE('',#5327,#2231,#8866,.T.);
#8868=ORIENTED_EDGE('',*,*,#8867,.F.);
#8869=ORIENTED_EDGE('',*,*,#5332,.F.);
#8870=CARTESIAN_POINT('',(5.601247118484158,37.227180006262017,100.0));
#8871=DIRECTION('',(0.0,0.0,-1.0));
#8872=VECTOR('',#8871,100.0);
#8873=LINE('',#8870,#8872);
#8874=EDGE_CURVE('',#5318,#2240,#8873,.T.);
#8875=ORIENTED_EDGE('',*,*,#8874,.T.);
#8876=EDGE_LOOP('',(#8862,#8868,#8869,#8875));
#8877=FACE_OUTER_BOUND('',#8876,.T.);
#8878=ADVANCED_FACE('',(#8877),#8861,.T.);
#8879=CARTESIAN_POINT('',(4.772970773009203,35.227029226990787,100.0));
#8880=DIRECTION('',(0.0,0.0,1.0));
#8881=DIRECTION('',(0.707106781186548,0.707106781186548,0.0));
#8882=AXIS2_PLACEMENT_3D('',#8879,#8880,#8881);
#8883=CYLINDRICAL_SURFACE('',#8882,2.000000000000000);
#8884=ORIENTED_EDGE('',*,*,#2237,.F.);
#8885=ORIENTED_EDGE('',*,*,#8852,.F.);
#8886=ORIENTED_EDGE('',*,*,#5341,.F.);
#8887=ORIENTED_EDGE('',*,*,#8867,.T.);
#8888=EDGE_LOOP('',(#8884,#8885,#8886,#8887));
#8889=FACE_OUTER_BOUND('',#8888,.T.);
#8890=ADVANCED_FACE('',(#8889),#8883,.F.);
#8891=CARTESIAN_POINT('',(6.187184335382301,43.358757210636085,100.0));
#8892=DIRECTION('',(-0.707106781186547,0.707106781186548,0.0));
#8893=DIRECTION('',(0.0,0.0,1.0));
#8894=AXIS2_PLACEMENT_3D('',#8891,#8892,#8893);
#8895=PLANE('',#8894);
#8896=ORIENTED_EDGE('',*,*,#2262,.F.);
#8897=CARTESIAN_POINT('',(5.601247118484162,42.772819993737947,100.0));
#8898=DIRECTION('',(0.0,0.0,-1.0));
#8899=VECTOR('',#8898,100.0);
#8900=LINE('',#8897,#8899);
#8901=EDGE_CURVE('',#5310,#2248,#8900,.T.);
#8902=ORIENTED_EDGE('',*,*,#8901,.F.);
#8903=ORIENTED_EDGE('',*,*,#5315,.F.);
#8904=CARTESIAN_POINT('',(6.187184335382301,43.358757210636085,100.0));
#8905=DIRECTION('',(0.0,0.0,-1.0));
#8906=VECTOR('',#8905,100.0);
#8907=LINE('',#8904,#8906);
#8908=EDGE_CURVE('',#5301,#2257,#8907,.T.);
#8909=ORIENTED_EDGE('',*,*,#8908,.T.);
#8910=EDGE_LOOP('',(#8896,#8902,#8903,#8909));
#8911=FACE_OUTER_BOUND('',#8910,.T.);
#8912=ADVANCED_FACE('',(#8911),#8895,.T.);
#8913=CARTESIAN_POINT('',(7.347881E-015,39.999999999999986,100.0));
#8914=DIRECTION('',(0.0,0.0,1.0));
#8915=DIRECTION('',(0.896199538957464,0.443651198998074,0.0));
#8916=AXIS2_PLACEMENT_3D('',#8913,#8914,#8915);
#8917=CYLINDRICAL_SURFACE('',#8916,6.250000000000001);
#8918=ORIENTED_EDGE('',*,*,#2254,.F.);
#8919=ORIENTED_EDGE('',*,*,#8874,.F.);
#8920=ORIENTED_EDGE('',*,*,#5324,.F.);
#8921=ORIENTED_EDGE('',*,*,#8901,.T.);
#8922=EDGE_LOOP('',(#8918,#8919,#8920,#8921));
#8923=FACE_OUTER_BOUND('',#8922,.T.);
#8924=ADVANCED_FACE('',(#8923),#8917,.F.);
#8925=CARTESIAN_POINT('',(2.772819993737970,45.601247118484132,100.0));
#8926=DIRECTION('',(0.707106781186547,-0.707106781186548,0.0));
#8927=DIRECTION('',(0.0,0.0,-1.0));
#8928=AXIS2_PLACEMENT_3D('',#8925,#8926,#8927);
#8929=PLANE('',#8928);
#8930=ORIENTED_EDGE('',*,*,#2279,.F.);
#8931=CARTESIAN_POINT('',(3.358757210636109,46.187184335382270,100.0));
#8932=DIRECTION('',(0.0,0.0,-1.0));
#8933=VECTOR('',#8932,100.0);
#8934=LINE('',#8931,#8933);
#8935=EDGE_CURVE('',#5293,#2265,#8934,.T.);
#8936=ORIENTED_EDGE('',*,*,#8935,.F.);
#8937=ORIENTED_EDGE('',*,*,#5298,.F.);
#8938=CARTESIAN_POINT('',(2.772819993737970,45.601247118484132,100.0));
#8939=DIRECTION('',(0.0,0.0,-1.0));
#8940=VECTOR('',#8939,100.0);
#8941=LINE('',#8938,#8940);
#8942=EDGE_CURVE('',#5284,#2274,#8941,.T.);
#8943=ORIENTED_EDGE('',*,*,#8942,.T.);
#8944=EDGE_LOOP('',(#8930,#8936,#8937,#8943));
#8945=FACE_OUTER_BOUND('',#8944,.T.);
#8946=ADVANCED_FACE('',(#8945),#8929,.T.);
#8947=CARTESIAN_POINT('',(4.772970773009203,44.772970773009177,100.0));
#8948=DIRECTION('',(0.0,0.0,1.0));
#8949=DIRECTION('',(-0.707106781186547,0.707106781186548,0.0));
#8950=AXIS2_PLACEMENT_3D('',#8947,#8948,#8949);
#8951=CYLINDRICAL_SURFACE('',#8950,2.0);
#8952=ORIENTED_EDGE('',*,*,#2271,.F.);
#8953=ORIENTED_EDGE('',*,*,#8908,.F.);
#8954=ORIENTED_EDGE('',*,*,#5307,.F.);
#8955=ORIENTED_EDGE('',*,*,#8935,.T.);
#8956=EDGE_LOOP('',(#8952,#8953,#8954,#8955));
#8957=FACE_OUTER_BOUND('',#8956,.T.);
#8958=ADVANCED_FACE('',(#8957),#8951,.F.);
#8959=CARTESIAN_POINT('',(-3.358757210636092,46.187184335382277,100.0));
#8960=DIRECTION('',(-0.707106781186548,-0.707106781186547,0.0));
#8961=DIRECTION('',(0.0,0.0,1.0));
#8962=AXIS2_PLACEMENT_3D('',#8959,#8960,#8961);
#8963=PLANE('',#8962);
#8964=ORIENTED_EDGE('',*,*,#2296,.F.);
#8965=CARTESIAN_POINT('',(-2.772819993737953,45.601247118484132,100.0));
#8966=DIRECTION('',(0.0,0.0,-1.0));
#8967=VECTOR('',#8966,100.0);
#8968=LINE('',#8965,#8967);
#8969=EDGE_CURVE('',#5276,#2282,#8968,.T.);
#8970=ORIENTED_EDGE('',*,*,#8969,.F.);
#8971=ORIENTED_EDGE('',*,*,#5281,.F.);
#8972=CARTESIAN_POINT('',(-3.358757210636092,46.187184335382277,100.0));
#8973=DIRECTION('',(0.0,0.0,-1.0));
#8974=VECTOR('',#8973,100.0);
#8975=LINE('',#8972,#8974);
#8976=EDGE_CURVE('',#5267,#2291,#8975,.T.);
#8977=ORIENTED_EDGE('',*,*,#8976,.T.);
#8978=EDGE_LOOP('',(#8964,#8970,#8971,#8977));
#8979=FACE_OUTER_BOUND('',#8978,.T.);
#8980=ADVANCED_FACE('',(#8979),#8963,.T.);
#8981=CARTESIAN_POINT('',(7.347881E-015,39.999999999999986,100.0));
#8982=DIRECTION('',(0.0,0.0,1.0));
#8983=DIRECTION('',(-0.443651198998073,0.896199538957464,0.0));
#8984=AXIS2_PLACEMENT_3D('',#8981,#8982,#8983);
#8985=CYLINDRICAL_SURFACE('',#8984,6.250000000000001);
#8986=ORIENTED_EDGE('',*,*,#2288,.F.);
#8987=ORIENTED_EDGE('',*,*,#8942,.F.);
#8988=ORIENTED_EDGE('',*,*,#5290,.F.);
#8989=ORIENTED_EDGE('',*,*,#8969,.T.);
#8990=EDGE_LOOP('',(#8986,#8987,#8988,#8989));
#8991=FACE_OUTER_BOUND('',#8990,.T.);
#8992=ADVANCED_FACE('',(#8991),#8985,.F.);
#8993=CARTESIAN_POINT('',(-5.601247118484142,42.772819993737947,100.0));
#8994=DIRECTION('',(0.707106781186548,0.707106781186547,0.0));
#8995=DIRECTION('',(0.0,0.0,-1.0));
#8996=AXIS2_PLACEMENT_3D('',#8993,#8994,#8995);
#8997=PLANE('',#8996);
#8998=ORIENTED_EDGE('',*,*,#2313,.F.);
#8999=CARTESIAN_POINT('',(-6.187184335382282,43.358757210636085,100.0));
#9000=DIRECTION('',(0.0,0.0,-1.0));
#9001=VECTOR('',#9000,100.0);
#9002=LINE('',#8999,#9001);
#9003=EDGE_CURVE('',#5259,#2299,#9002,.T.);
#9004=ORIENTED_EDGE('',*,*,#9003,.F.);
#9005=ORIENTED_EDGE('',*,*,#5264,.F.);
#9006=CARTESIAN_POINT('',(-5.601247118484142,42.772819993737947,100.0));
#9007=DIRECTION('',(0.0,0.0,-1.0));
#9008=VECTOR('',#9007,100.0);
#9009=LINE('',#9006,#9008);
#9010=EDGE_CURVE('',#5250,#2308,#9009,.T.);
#9011=ORIENTED_EDGE('',*,*,#9010,.T.);
#9012=EDGE_LOOP('',(#8998,#9004,#9005,#9011));
#9013=FACE_OUTER_BOUND('',#9012,.T.);
#9014=ADVANCED_FACE('',(#9013),#8997,.T.);
#9015=CARTESIAN_POINT('',(-4.772970773009188,44.772970773009177,100.0));
#9016=DIRECTION('',(0.0,0.0,1.0));
#9017=DIRECTION('',(-0.707106781186548,-0.707106781186547,0.0));
#9018=AXIS2_PLACEMENT_3D('',#9015,#9016,#9017);
#9019=CYLINDRICAL_SURFACE('',#9018,2.0);
#9020=ORIENTED_EDGE('',*,*,#2305,.F.);
#9021=ORIENTED_EDGE('',*,*,#8976,.F.);
#9022=ORIENTED_EDGE('',*,*,#5273,.F.);
#9023=ORIENTED_EDGE('',*,*,#9003,.T.);
#9024=EDGE_LOOP('',(#9020,#9021,#9022,#9023));
#9025=FACE_OUTER_BOUND('',#9024,.T.);
#9026=ADVANCED_FACE('',(#9025),#9019,.F.);
#9027=CARTESIAN_POINT('',(-17.030441927275547,48.699999999999982,100.0));
#9028=DIRECTION('',(0.0,0.0,1.0));
#9029=DIRECTION('',(-0.984807753012208,0.173648177666928,0.0));
#9030=AXIS2_PLACEMENT_3D('',#9027,#9028,#9029);
#9031=CYLINDRICAL_SURFACE('',#9030,0.899999999999997);
#9032=ORIENTED_EDGE('',*,*,#913,.F.);
#9033=CARTESIAN_POINT('',(-17.030441927275547,49.599999999999980,100.0));
#9034=DIRECTION('',(0.0,0.0,-1.0));
#9035=VECTOR('',#9034,100.0);
#9036=LINE('',#9033,#9035);
#9037=EDGE_CURVE('',#3760,#899,#9036,.T.);
#9038=ORIENTED_EDGE('',*,*,#9037,.F.);
#9039=ORIENTED_EDGE('',*,*,#3766,.F.);
#9040=CARTESIAN_POINT('',(-17.916768904986533,48.856283359900218,100.0));
#9041=DIRECTION('',(0.0,0.0,-1.0));
#9042=VECTOR('',#9041,100.0);
#9043=LINE('',#9040,#9042);
#9044=EDGE_CURVE('',#3752,#907,#9043,.T.);
#9045=ORIENTED_EDGE('',*,*,#9044,.T.);
#9046=EDGE_LOOP('',(#9032,#9038,#9039,#9045));
#9047=FACE_OUTER_BOUND('',#9046,.T.);
#9048=ADVANCED_FACE('',(#9047),#9031,.F.);
#9049=CARTESIAN_POINT('',(-16.088163490354223,49.599999999999980,100.0));
#9050=DIRECTION('',(0.0,-1.0,0.0));
#9051=DIRECTION('',(0.0,0.0,1.0));
#9052=AXIS2_PLACEMENT_3D('',#9049,#9050,#9051);
#9053=PLANE('',#9052);
#9054=ORIENTED_EDGE('',*,*,#904,.F.);
#9055=CARTESIAN_POINT('',(-12.333865619795843,49.599999999999980,100.0));
#9056=DIRECTION('',(0.0,0.0,-1.0));
#9057=VECTOR('',#9056,100.0);
#9058=LINE('',#9055,#9057);
#9059=EDGE_CURVE('',#3769,#890,#9058,.T.);
#9060=ORIENTED_EDGE('',*,*,#9059,.F.);
#9061=ORIENTED_EDGE('',*,*,#3774,.F.);
#9062=ORIENTED_EDGE('',*,*,#9037,.T.);
#9063=EDGE_LOOP('',(#9054,#9060,#9061,#9062));
#9064=FACE_OUTER_BOUND('',#9063,.T.);
#9065=ADVANCED_FACE('',(#9064),#9053,.T.);
#9066=CARTESIAN_POINT('',(-12.333865619795841,46.599999999999973,100.0));
#9067=DIRECTION('',(0.0,0.0,1.0));
#9068=DIRECTION('',(0.0,1.0,0.0));
#9069=AXIS2_PLACEMENT_3D('',#9066,#9067,#9068);
#9070=CYLINDRICAL_SURFACE('',#9069,2.999999999999987);
#9071=ORIENTED_EDGE('',*,*,#896,.F.);
#9072=CARTESIAN_POINT('',(-10.212545276236193,48.721320343559626,100.0));
#9073=DIRECTION('',(0.0,0.0,-1.0));
#9074=VECTOR('',#9073,100.0);
#9075=LINE('',#9072,#9074);
#9076=EDGE_CURVE('',#3777,#882,#9075,.T.);
#9077=ORIENTED_EDGE('',*,*,#9076,.F.);
#9078=ORIENTED_EDGE('',*,*,#3783,.F.);
#9079=ORIENTED_EDGE('',*,*,#9059,.T.);
#9080=EDGE_LOOP('',(#9071,#9077,#9078,#9079));
#9081=FACE_OUTER_BOUND('',#9080,.T.);
#9082=ADVANCED_FACE('',(#9081),#9070,.F.);
#9083=CARTESIAN_POINT('',(-10.212545276236193,48.721320343559626,100.0));
#9084=DIRECTION('',(-0.707106781186547,-0.707106781186548,0.0));
#9085=DIRECTION('',(0.0,0.0,1.0));
#9086=AXIS2_PLACEMENT_3D('',#9083,#9084,#9085);
#9087=PLANE('',#9086);
#9088=ORIENTED_EDGE('',*,*,#887,.F.);
#9089=CARTESIAN_POINT('',(-9.678679656440348,48.187454723763778,100.0));
#9090=DIRECTION('',(0.0,0.0,-1.0));
#9091=VECTOR('',#9090,100.0);
#9092=LINE('',#9089,#9091);
#9093=EDGE_CURVE('',#3786,#873,#9092,.T.);
#9094=ORIENTED_EDGE('',*,*,#9093,.F.);
#9095=ORIENTED_EDGE('',*,*,#3791,.F.);
#9096=ORIENTED_EDGE('',*,*,#9076,.T.);
#9097=EDGE_LOOP('',(#9088,#9094,#9095,#9096));
#9098=FACE_OUTER_BOUND('',#9097,.T.);
#9099=ADVANCED_FACE('',(#9098),#9087,.T.);
#9100=CARTESIAN_POINT('',(-11.799999999999997,46.066134380204133,100.0));
#9101=DIRECTION('',(0.0,0.0,1.0));
#9102=DIRECTION('',(0.707106781186548,0.707106781186548,0.0));
#9103=AXIS2_PLACEMENT_3D('',#9100,#9101,#9102);
#9104=CYLINDRICAL_SURFACE('',#9103,3.000000000000010);
#9105=ORIENTED_EDGE('',*,*,#879,.F.);
#9106=CARTESIAN_POINT('',(-8.799999999999987,46.066134380204133,100.0));
#9107=DIRECTION('',(0.0,0.0,-1.0));
#9108=VECTOR('',#9107,100.0);
#9109=LINE('',#9106,#9108);
#9110=EDGE_CURVE('',#3794,#865,#9109,.T.);
#9111=ORIENTED_EDGE('',*,*,#9110,.F.);
#9112=ORIENTED_EDGE('',*,*,#3800,.F.);
#9113=ORIENTED_EDGE('',*,*,#9093,.T.);
#9114=EDGE_LOOP('',(#9105,#9111,#9112,#9113));
#9115=FACE_OUTER_BOUND('',#9114,.T.);
#9116=ADVANCED_FACE('',(#9115),#9104,.F.);
#9117=CARTESIAN_POINT('',(-15.999999999999989,44.249999999999979,100.0));
#9118=DIRECTION('',(1.0,0.0,0.0));
#9119=DIRECTION('',(0.0,0.0,1.0));
#9120=AXIS2_PLACEMENT_3D('',#9117,#9118,#9119);
#9121=PLANE('',#9120);
#9122=ORIENTED_EDGE('',*,*,#946,.F.);
#9123=CARTESIAN_POINT('',(-15.999999999999989,47.249999999999979,100.0));
#9124=DIRECTION('',(0.0,0.0,-1.0));
#9125=VECTOR('',#9124,100.0);
#9126=LINE('',#9123,#9125);
#9127=EDGE_CURVE('',#3727,#933,#9126,.T.);
#9128=ORIENTED_EDGE('',*,*,#9127,.F.);
#9129=ORIENTED_EDGE('',*,*,#3732,.F.);
#9130=ORIENTED_EDGE('',*,*,#8443,.T.);
#9131=EDGE_LOOP('',(#9122,#9128,#9129,#9130));
#9132=FACE_OUTER_BOUND('',#9131,.T.);
#9133=ADVANCED_FACE('',(#9132),#9121,.T.);
#9134=CARTESIAN_POINT('',(-15.999999999999989,47.249999999999979,100.0));
#9135=DIRECTION('',(0.0,1.0,0.0));
#9136=DIRECTION('',(0.0,0.0,-1.0));
#9137=AXIS2_PLACEMENT_3D('',#9134,#9135,#9136);
#9138=PLANE('',#9137);
#9139=ORIENTED_EDGE('',*,*,#938,.F.);
#9140=CARTESIAN_POINT('',(-17.604123203702883,47.249999999999979,100.0));
#9141=DIRECTION('',(0.0,0.0,-1.0));
#9142=VECTOR('',#9141,100.0);
#9143=LINE('',#9140,#9142);
#9144=EDGE_CURVE('',#3735,#924,#9143,.T.);
#9145=ORIENTED_EDGE('',*,*,#9144,.F.);
#9146=ORIENTED_EDGE('',*,*,#3740,.F.);
#9147=ORIENTED_EDGE('',*,*,#9127,.T.);
#9148=EDGE_LOOP('',(#9139,#9145,#9146,#9147));
#9149=FACE_OUTER_BOUND('',#9148,.T.);
#9150=ADVANCED_FACE('',(#9149),#9138,.T.);
#9151=CARTESIAN_POINT('',(-17.604123203702883,47.749999999999979,100.0));
#9152=DIRECTION('',(0.0,0.0,1.0));
#9153=DIRECTION('',(0.0,-1.0,0.0));
#9154=AXIS2_PLACEMENT_3D('',#9151,#9152,#9153);
#9155=CYLINDRICAL_SURFACE('',#9154,0.500000000000000);
#9156=ORIENTED_EDGE('',*,*,#930,.F.);
#9157=CARTESIAN_POINT('',(-18.096527080208983,47.836824088833446,100.0));
#9158=DIRECTION('',(0.0,0.0,-1.0));
#9159=VECTOR('',#9158,100.0);
#9160=LINE('',#9157,#9159);
#9161=EDGE_CURVE('',#3743,#916,#9160,.T.);
#9162=ORIENTED_EDGE('',*,*,#9161,.F.);
#9163=ORIENTED_EDGE('',*,*,#3749,.F.);
#9164=ORIENTED_EDGE('',*,*,#9144,.T.);
#9165=EDGE_LOOP('',(#9156,#9162,#9163,#9164));
#9166=FACE_OUTER_BOUND('',#9165,.T.);
#9167=ADVANCED_FACE('',(#9166),#9155,.F.);
#9168=CARTESIAN_POINT('',(-18.096527080208983,47.836824088833446,100.0));
#9169=DIRECTION('',(0.984807753012209,-0.173648177666925,0.0));
#9170=DIRECTION('',(0.0,0.0,1.0));
#9171=AXIS2_PLACEMENT_3D('',#9168,#9169,#9170);
#9172=PLANE('',#9171);
#9173=ORIENTED_EDGE('',*,*,#921,.F.);
#9174=ORIENTED_EDGE('',*,*,#9044,.F.);
#9175=ORIENTED_EDGE('',*,*,#3757,.F.);
#9176=ORIENTED_EDGE('',*,*,#9161,.T.);
#9177=EDGE_LOOP('',(#9173,#9174,#9175,#9176));
#9178=FACE_OUTER_BOUND('',#9177,.T.);
#9179=ADVANCED_FACE('',(#9178),#9172,.T.);
#9180=CARTESIAN_POINT('',(1.565765E-014,59.999999999999972,0.0));
#9181=DIRECTION('',(0.0,-1.0,0.0));
#9182=DIRECTION('',(0.0,0.0,1.0));
#9183=AXIS2_PLACEMENT_3D('',#9180,#9181,#9182);
#9184=PLANE('',#9183);
#9185=ORIENTED_EDGE('',*,*,#5568,.F.);
#9186=ORIENTED_EDGE('',*,*,#3691,.F.);
#9187=ORIENTED_EDGE('',*,*,#8386,.F.);
#9188=ORIENTED_EDGE('',*,*,#987,.F.);
#9189=EDGE_LOOP('',(#9185,#9186,#9187,#9188));
#9190=FACE_OUTER_BOUND('',#9189,.T.);
#9191=ADVANCED_FACE('',(#9190),#9184,.F.);
#9192=CARTESIAN_POINT('',(-19.499999999999989,35.249999999999993,50.0));
#9193=DIRECTION('',(-0.707106781186546,0.707106781186549,2.884444E-017));
#9194=DIRECTION('',(0.0,0.0,1.0));
#9195=AXIS2_PLACEMENT_3D('',#9192,#9193,#9194);
#9196=PLANE('',#9195);
#9197=ORIENTED_EDGE('',*,*,#778,.T.);
#9198=ORIENTED_EDGE('',*,*,#6120,.T.);
#9199=ORIENTED_EDGE('',*,*,#3900,.T.);
#9200=CARTESIAN_POINT('',(-18.999999999999989,35.749999999999993,100.0));
#9201=DIRECTION('',(0.0,0.0,-1.0));
#9202=VECTOR('',#9201,100.0);
#9203=LINE('',#9200,#9202);
#9204=EDGE_CURVE('',#3887,#773,#9203,.T.);
#9205=ORIENTED_EDGE('',*,*,#9204,.T.);
#9206=EDGE_LOOP('',(#9197,#9198,#9199,#9205));
#9207=FACE_OUTER_BOUND('',#9206,.T.);
#9208=ADVANCED_FACE('',(#9207),#9196,.T.);
#9209=CARTESIAN_POINT('',(-19.999999999999993,35.749999999999993,100.0));
#9210=DIRECTION('',(0.0,-1.0,0.0));
#9211=DIRECTION('',(0.0,0.0,1.0));
#9212=AXIS2_PLACEMENT_3D('',#9209,#9210,#9211);
#9213=PLANE('',#9212);
#9214=ORIENTED_EDGE('',*,*,#9204,.F.);
#9215=ORIENTED_EDGE('',*,*,#3892,.F.);
#9216=CARTESIAN_POINT('',(-15.999999999999993,35.749999999999993,100.0));
#9217=DIRECTION('',(0.0,0.0,-1.0));
#9218=VECTOR('',#9217,100.0);
#9219=LINE('',#9216,#9218);
#9220=EDGE_CURVE('',#3879,#781,#9219,.T.);
#9221=ORIENTED_EDGE('',*,*,#9220,.T.);
#9222=ORIENTED_EDGE('',*,*,#786,.F.);
#9223=EDGE_LOOP('',(#9214,#9215,#9221,#9222));
#9224=FACE_OUTER_BOUND('',#9223,.T.);
#9225=ADVANCED_FACE('',(#9224),#9213,.F.);
#9226=CARTESIAN_POINT('',(-17.030441927275550,31.299999999999986,100.0));
#9227=DIRECTION('',(-4.079220E-017,4.079220E-017,-1.0));
#9228=DIRECTION('',(-0.984807753012209,-0.173648177666928,3.308898E-017));
#9229=AXIS2_PLACEMENT_3D('',#9226,#9227,#9228);
#9230=CYLINDRICAL_SURFACE('',#9229,0.899999999999997);
#9231=ORIENTED_EDGE('',*,*,#828,.F.);
#9232=CARTESIAN_POINT('',(-17.916768904986537,31.143716640099754,100.0));
#9233=DIRECTION('',(0.0,0.0,-1.0));
#9234=VECTOR('',#9233,100.0);
#9235=LINE('',#9232,#9234);
#9236=EDGE_CURVE('',#3845,#814,#9235,.T.);
#9237=ORIENTED_EDGE('',*,*,#9236,.F.);
#9238=ORIENTED_EDGE('',*,*,#3851,.F.);
#9239=CARTESIAN_POINT('',(-17.030441927275550,30.399999999999988,100.0));
#9240=DIRECTION('',(0.0,0.0,-1.0));
#9241=VECTOR('',#9240,100.0);
#9242=LINE('',#9239,#9241);
#9243=EDGE_CURVE('',#3837,#822,#9242,.T.);
#9244=ORIENTED_EDGE('',*,*,#9243,.T.);
#9245=EDGE_LOOP('',(#9231,#9237,#9238,#9244));
#9246=FACE_OUTER_BOUND('',#9245,.T.);
#9247=ADVANCED_FACE('',(#9246),#9230,.F.);
#9248=CARTESIAN_POINT('',(-16.088163490354226,30.399999999999988,100.0));
#9249=DIRECTION('',(0.0,-1.0,0.0));
#9250=DIRECTION('',(0.0,0.0,1.0));
#9251=AXIS2_PLACEMENT_3D('',#9248,#9249,#9250);
#9252=PLANE('',#9251);
#9253=ORIENTED_EDGE('',*,*,#836,.F.);
#9254=ORIENTED_EDGE('',*,*,#9243,.F.);
#9255=ORIENTED_EDGE('',*,*,#3842,.F.);
#9256=CARTESIAN_POINT('',(-12.333865619795844,30.399999999999988,100.0));
#9257=DIRECTION('',(0.0,0.0,-1.0));
#9258=VECTOR('',#9257,100.0);
#9259=LINE('',#9256,#9258);
#9260=EDGE_CURVE('',#3828,#831,#9259,.T.);
#9261=ORIENTED_EDGE('',*,*,#9260,.T.);
#9262=EDGE_LOOP('',(#9253,#9254,#9255,#9261));
#9263=FACE_OUTER_BOUND('',#9262,.T.);
#9264=ADVANCED_FACE('',(#9263),#9252,.F.);
#9265=CARTESIAN_POINT('',(-12.333865619795843,33.399999999999991,100.0));
#9266=DIRECTION('',(-4.079220E-017,4.079220E-017,-1.0));
#9267=DIRECTION('',(0.0,-1.0,0.0));
#9268=AXIS2_PLACEMENT_3D('',#9265,#9266,#9267);
#9269=CYLINDRICAL_SURFACE('',#9268,2.999999999999987);
#9270=ORIENTED_EDGE('',*,*,#845,.F.);
#9271=ORIENTED_EDGE('',*,*,#9260,.F.);
#9272=ORIENTED_EDGE('',*,*,#3834,.F.);
#9273=CARTESIAN_POINT('',(-10.212545276236195,31.278679656440346,100.0));
#9274=DIRECTION('',(0.0,0.0,-1.0));
#9275=VECTOR('',#9274,100.0);
#9276=LINE('',#9273,#9275);
#9277=EDGE_CURVE('',#3820,#839,#9276,.T.);
#9278=ORIENTED_EDGE('',*,*,#9277,.T.);
#9279=EDGE_LOOP('',(#9270,#9271,#9272,#9278));
#9280=FACE_OUTER_BOUND('',#9279,.T.);
#9281=ADVANCED_FACE('',(#9280),#9269,.F.);
#9282=CARTESIAN_POINT('',(-10.212545276236195,31.278679656440346,100.0));
#9283=DIRECTION('',(0.707106781186547,-0.707106781186548,-5.768888E-017));
#9284=DIRECTION('',(0.0,0.0,1.0));
#9285=AXIS2_PLACEMENT_3D('',#9282,#9283,#9284);
#9286=PLANE('',#9285);
#9287=ORIENTED_EDGE('',*,*,#853,.F.);
#9288=ORIENTED_EDGE('',*,*,#9277,.F.);
#9289=ORIENTED_EDGE('',*,*,#3825,.F.);
#9290=CARTESIAN_POINT('',(-9.678679656440348,31.812545276236190,100.0));
#9291=DIRECTION('',(0.0,0.0,-1.0));
#9292=VECTOR('',#9291,100.0);
#9293=LINE('',#9290,#9292);
#9294=EDGE_CURVE('',#3811,#848,#9293,.T.);
#9295=ORIENTED_EDGE('',*,*,#9294,.T.);
#9296=EDGE_LOOP('',(#9287,#9288,#9289,#9295));
#9297=FACE_OUTER_BOUND('',#9296,.T.);
#9298=ADVANCED_FACE('',(#9297),#9286,.F.);
#9299=CARTESIAN_POINT('',(-11.799999999999999,33.933865619795839,100.0));
#9300=DIRECTION('',(-4.079220E-017,4.079220E-017,-1.0));
#9301=DIRECTION('',(0.707106781186547,-0.707106781186548,-5.768888E-017));
#9302=AXIS2_PLACEMENT_3D('',#9299,#9300,#9301);
#9303=CYLINDRICAL_SURFACE('',#9302,3.000000000000010);
#9304=ORIENTED_EDGE('',*,*,#862,.F.);
#9305=ORIENTED_EDGE('',*,*,#9294,.F.);
#9306=ORIENTED_EDGE('',*,*,#3817,.F.);
#9307=CARTESIAN_POINT('',(-8.799999999999988,33.933865619795839,100.0));
#9308=DIRECTION('',(0.0,0.0,-1.0));
#9309=VECTOR('',#9308,100.0);
#9310=LINE('',#9307,#9309);
#9311=EDGE_CURVE('',#3803,#856,#9310,.T.);
#9312=ORIENTED_EDGE('',*,*,#9311,.T.);
#9313=EDGE_LOOP('',(#9304,#9305,#9306,#9312));
#9314=FACE_OUTER_BOUND('',#9313,.T.);
#9315=ADVANCED_FACE('',(#9314),#9303,.F.);
#9316=CARTESIAN_POINT('',(-8.799999999999988,33.933865619795839,100.0));
#9317=DIRECTION('',(1.0,0.0,0.0));
#9318=DIRECTION('',(0.0,0.0,-1.0));
#9319=AXIS2_PLACEMENT_3D('',#9316,#9317,#9318);
#9320=PLANE('',#9319);
#9321=ORIENTED_EDGE('',*,*,#870,.F.);
#9322=ORIENTED_EDGE('',*,*,#9311,.F.);
#9323=ORIENTED_EDGE('',*,*,#3808,.F.);
#9324=ORIENTED_EDGE('',*,*,#9110,.T.);
#9325=EDGE_LOOP('',(#9321,#9322,#9323,#9324));
#9326=FACE_OUTER_BOUND('',#9325,.T.);
#9327=ADVANCED_FACE('',(#9326),#9320,.F.);
#9328=CARTESIAN_POINT('',(-15.999999999999993,35.749999999999993,100.0));
#9329=DIRECTION('',(-1.0,0.0,0.0));
#9330=DIRECTION('',(0.0,0.0,1.0));
#9331=AXIS2_PLACEMENT_3D('',#9328,#9329,#9330);
#9332=PLANE('',#9331);
#9333=ORIENTED_EDGE('',*,*,#794,.F.);
#9334=ORIENTED_EDGE('',*,*,#9220,.F.);
#9335=ORIENTED_EDGE('',*,*,#3884,.F.);
#9336=CARTESIAN_POINT('',(-15.999999999999993,32.749999999999993,100.0));
#9337=DIRECTION('',(0.0,0.0,-1.0));
#9338=VECTOR('',#9337,100.0);
#9339=LINE('',#9336,#9338);
#9340=EDGE_CURVE('',#3871,#789,#9339,.T.);
#9341=ORIENTED_EDGE('',*,*,#9340,.T.);
#9342=EDGE_LOOP('',(#9333,#9334,#9335,#9341));
#9343=FACE_OUTER_BOUND('',#9342,.T.);
#9344=ADVANCED_FACE('',(#9343),#9332,.F.);
#9345=CARTESIAN_POINT('',(-15.999999999999993,32.749999999999993,100.0));
#9346=DIRECTION('',(0.0,1.0,0.0));
#9347=DIRECTION('',(0.0,0.0,-1.0));
#9348=AXIS2_PLACEMENT_3D('',#9345,#9346,#9347);
#9349=PLANE('',#9348);
#9350=ORIENTED_EDGE('',*,*,#802,.F.);
#9351=ORIENTED_EDGE('',*,*,#9340,.F.);
#9352=ORIENTED_EDGE('',*,*,#3876,.F.);
#9353=CARTESIAN_POINT('',(-17.604123203702883,32.749999999999993,100.0));
#9354=DIRECTION('',(0.0,0.0,-1.0));
#9355=VECTOR('',#9354,100.0);
#9356=LINE('',#9353,#9355);
#9357=EDGE_CURVE('',#3862,#797,#9356,.T.);
#9358=ORIENTED_EDGE('',*,*,#9357,.T.);
#9359=EDGE_LOOP('',(#9350,#9351,#9352,#9358));
#9360=FACE_OUTER_BOUND('',#9359,.T.);
#9361=ADVANCED_FACE('',(#9360),#9349,.F.);
#9362=CARTESIAN_POINT('',(-17.604123203702883,32.249999999999986,100.0));
#9363=DIRECTION('',(-4.079220E-017,4.079220E-017,-1.0));
#9364=DIRECTION('',(0.0,1.0,0.0));
#9365=AXIS2_PLACEMENT_3D('',#9362,#9363,#9364);
#9366=CYLINDRICAL_SURFACE('',#9365,0.500000000000000);
#9367=ORIENTED_EDGE('',*,*,#811,.F.);
#9368=ORIENTED_EDGE('',*,*,#9357,.F.);
#9369=ORIENTED_EDGE('',*,*,#3868,.F.);
#9370=CARTESIAN_POINT('',(-18.096527080208986,32.163175911166526,100.0));
#9371=DIRECTION('',(0.0,0.0,-1.0));
#9372=VECTOR('',#9371,100.0);
#9373=LINE('',#9370,#9372);
#9374=EDGE_CURVE('',#3854,#805,#9373,.T.);
#9375=ORIENTED_EDGE('',*,*,#9374,.T.);
#9376=EDGE_LOOP('',(#9367,#9368,#9369,#9375));
#9377=FACE_OUTER_BOUND('',#9376,.T.);
#9378=ADVANCED_FACE('',(#9377),#9366,.F.);
#9379=CARTESIAN_POINT('',(-18.096527080208986,32.163175911166526,100.0));
#9380=DIRECTION('',(-0.984807753012209,-0.173648177666925,3.308898E-017));
#9381=DIRECTION('',(0.0,0.0,1.0));
#9382=AXIS2_PLACEMENT_3D('',#9379,#9380,#9381);
#9383=PLANE('',#9382);
#9384=ORIENTED_EDGE('',*,*,#819,.F.);
#9385=ORIENTED_EDGE('',*,*,#9374,.F.);
#9386=ORIENTED_EDGE('',*,*,#3859,.F.);
#9387=ORIENTED_EDGE('',*,*,#9236,.T.);
#9388=EDGE_LOOP('',(#9384,#9385,#9386,#9387));
#9389=FACE_OUTER_BOUND('',#9388,.T.);
#9390=ADVANCED_FACE('',(#9389),#9383,.F.);
#9391=CARTESIAN_POINT('',(-6.187184335382286,36.641242789363886,100.0));
#9392=DIRECTION('',(0.707106781186547,-0.707106781186548,0.0));
#9393=DIRECTION('',(0.0,0.0,1.0));
#9394=AXIS2_PLACEMENT_3D('',#9391,#9392,#9393);
#9395=PLANE('',#9394);
#9396=ORIENTED_EDGE('',*,*,#2330,.F.);
#9397=CARTESIAN_POINT('',(-5.601247118484146,37.227180006262024,100.0));
#9398=DIRECTION('',(0.0,0.0,-1.0));
#9399=VECTOR('',#9398,100.0);
#9400=LINE('',#9397,#9399);
#9401=EDGE_CURVE('',#5242,#2316,#9400,.T.);
#9402=ORIENTED_EDGE('',*,*,#9401,.F.);
#9403=ORIENTED_EDGE('',*,*,#5247,.F.);
#9404=CARTESIAN_POINT('',(-6.187184335382286,36.641242789363886,100.0));
#9405=DIRECTION('',(0.0,0.0,-1.0));
#9406=VECTOR('',#9405,100.0);
#9407=LINE('',#9404,#9406);
#9408=EDGE_CURVE('',#5233,#2325,#9407,.T.);
#9409=ORIENTED_EDGE('',*,*,#9408,.T.);
#9410=EDGE_LOOP('',(#9396,#9402,#9403,#9409));
#9411=FACE_OUTER_BOUND('',#9410,.T.);
#9412=ADVANCED_FACE('',(#9411),#9395,.T.);
#9413=CARTESIAN_POINT('',(7.347881E-015,39.999999999999986,100.0));
#9414=DIRECTION('',(0.0,0.0,1.0));
#9415=DIRECTION('',(-0.896199538957465,-0.443651198998073,0.0));
#9416=AXIS2_PLACEMENT_3D('',#9413,#9414,#9415);
#9417=CYLINDRICAL_SURFACE('',#9416,6.250000000000000);
#9418=ORIENTED_EDGE('',*,*,#2322,.F.);
#9419=ORIENTED_EDGE('',*,*,#9010,.F.);
#9420=ORIENTED_EDGE('',*,*,#5256,.F.);
#9421=ORIENTED_EDGE('',*,*,#9401,.T.);
#9422=EDGE_LOOP('',(#9418,#9419,#9420,#9421));
#9423=FACE_OUTER_BOUND('',#9422,.T.);
#9424=ADVANCED_FACE('',(#9423),#9417,.F.);
#9425=CARTESIAN_POINT('',(7.347881E-015,39.999999999999986,100.0));
#9426=DIRECTION('',(0.0,0.0,1.0));
#9427=DIRECTION('',(0.0,-1.0,0.0));
#9428=AXIS2_PLACEMENT_3D('',#9425,#9426,#9427);
#9429=CYLINDRICAL_SURFACE('',#9428,6.250000000000000);
#9430=ORIENTED_EDGE('',*,*,#2220,.F.);
#9431=CARTESIAN_POINT('',(-2.772819993737957,34.398752881515833,100.0));
#9432=DIRECTION('',(0.0,0.0,-1.0));
#9433=VECTOR('',#9432,100.0);
#9434=LINE('',#9431,#9433);
#9435=EDGE_CURVE('',#5216,#2212,#9434,.T.);
#9436=ORIENTED_EDGE('',*,*,#9435,.F.);
#9437=ORIENTED_EDGE('',*,*,#5222,.F.);
#9438=ORIENTED_EDGE('',*,*,#8845,.T.);
#9439=EDGE_LOOP('',(#9430,#9436,#9437,#9438));
#9440=FACE_OUTER_BOUND('',#9439,.T.);
#9441=ADVANCED_FACE('',(#9440),#9429,.F.);
#9442=CARTESIAN_POINT('',(-2.772819993737957,34.398752881515833,100.0));
#9443=DIRECTION('',(-0.707106781186547,0.707106781186548,0.0));
#9444=DIRECTION('',(0.0,0.0,-1.0));
#9445=AXIS2_PLACEMENT_3D('',#9442,#9443,#9444);
#9446=PLANE('',#9445);
#9447=ORIENTED_EDGE('',*,*,#2345,.F.);
#9448=CARTESIAN_POINT('',(-3.358757210636096,33.812815664617695,100.0));
#9449=DIRECTION('',(0.0,0.0,-1.0));
#9450=VECTOR('',#9449,100.0);
#9451=LINE('',#9448,#9450);
#9452=EDGE_CURVE('',#5225,#2333,#9451,.T.);
#9453=ORIENTED_EDGE('',*,*,#9452,.F.);
#9454=ORIENTED_EDGE('',*,*,#5230,.F.);
#9455=ORIENTED_EDGE('',*,*,#9435,.T.);
#9456=EDGE_LOOP('',(#9447,#9453,#9454,#9455));
#9457=FACE_OUTER_BOUND('',#9456,.T.);
#9458=ADVANCED_FACE('',(#9457),#9446,.T.);
#9459=CARTESIAN_POINT('',(-4.772970773009190,35.227029226990787,100.0));
#9460=DIRECTION('',(0.0,0.0,1.0));
#9461=DIRECTION('',(0.707106781186547,-0.707106781186548,0.0));
#9462=AXIS2_PLACEMENT_3D('',#9459,#9460,#9461);
#9463=CYLINDRICAL_SURFACE('',#9462,2.0);
#9464=ORIENTED_EDGE('',*,*,#2339,.F.);
#9465=ORIENTED_EDGE('',*,*,#9408,.F.);
#9466=ORIENTED_EDGE('',*,*,#5239,.F.);
#9467=ORIENTED_EDGE('',*,*,#9452,.T.);
#9468=EDGE_LOOP('',(#9464,#9465,#9466,#9467));
#9469=FACE_OUTER_BOUND('',#9468,.T.);
#9470=ADVANCED_FACE('',(#9469),#9463,.F.);
#9471=CARTESIAN_POINT('',(4.749999999999987,-19.499999999999989,50.0));
#9472=DIRECTION('',(-0.707106781186549,-0.707106781186547,0.0));
#9473=DIRECTION('',(0.0,0.0,1.0));
#9474=AXIS2_PLACEMENT_3D('',#9471,#9472,#9473);
#9475=PLANE('',#9474);
#9476=ORIENTED_EDGE('',*,*,#361,.T.);
#9477=ORIENTED_EDGE('',*,*,#8335,.T.);
#9478=ORIENTED_EDGE('',*,*,#4317,.T.);
#9479=CARTESIAN_POINT('',(4.249999999999988,-18.999999999999989,100.0));
#9480=DIRECTION('',(0.0,0.0,-1.0));
#9481=VECTOR('',#9480,100.0);
#9482=LINE('',#9479,#9481);
#9483=EDGE_CURVE('',#4304,#356,#9482,.T.);
#9484=ORIENTED_EDGE('',*,*,#9483,.T.);
#9485=EDGE_LOOP('',(#9476,#9477,#9478,#9484));
#9486=FACE_OUTER_BOUND('',#9485,.T.);
#9487=ADVANCED_FACE('',(#9486),#9475,.T.);
#9488=CARTESIAN_POINT('',(4.249999999999988,-19.999999999999996,100.0));
#9489=DIRECTION('',(1.0,0.0,0.0));
#9490=DIRECTION('',(0.0,0.0,1.0));
#9491=AXIS2_PLACEMENT_3D('',#9488,#9489,#9490);
#9492=PLANE('',#9491);
#9493=ORIENTED_EDGE('',*,*,#9483,.F.);
#9494=ORIENTED_EDGE('',*,*,#4309,.F.);
#9495=CARTESIAN_POINT('',(4.249999999999989,-15.999999999999998,100.0));
#9496=DIRECTION('',(0.0,0.0,-1.0));
#9497=VECTOR('',#9496,100.0);
#9498=LINE('',#9495,#9497);
#9499=EDGE_CURVE('',#4296,#364,#9498,.T.);
#9500=ORIENTED_EDGE('',*,*,#9499,.T.);
#9501=ORIENTED_EDGE('',*,*,#369,.F.);
#9502=EDGE_LOOP('',(#9493,#9494,#9500,#9501));
#9503=FACE_OUTER_BOUND('',#9502,.T.);
#9504=ADVANCED_FACE('',(#9503),#9492,.F.);
#9505=CARTESIAN_POINT('',(-4.750000000000000,-19.499999999999989,50.0));
#9506=DIRECTION('',(0.707106781186548,-0.707106781186547,2.884444E-017));
#9507=DIRECTION('',(0.0,0.0,-1.0));
#9508=AXIS2_PLACEMENT_3D('',#9505,#9506,#9507);
#9509=PLANE('',#9508);
#9510=ORIENTED_EDGE('',*,*,#4133,.T.);
#9511=CARTESIAN_POINT('',(-5.250000000000002,-19.999999999999993,100.0));
#9512=DIRECTION('',(0.0,0.0,-1.0));
#9513=VECTOR('',#9512,100.0);
#9514=LINE('',#9511,#9513);
#9515=EDGE_CURVE('',#4120,#540,#9514,.T.);
#9516=ORIENTED_EDGE('',*,*,#9515,.T.);
#9517=ORIENTED_EDGE('',*,*,#545,.T.);
#9518=CARTESIAN_POINT('',(-4.249999999999998,-18.999999999999989,0.0));
#9519=DIRECTION('',(0.0,0.0,1.0));
#9520=VECTOR('',#9519,100.0);
#9521=LINE('',#9518,#9520);
#9522=EDGE_CURVE('',#532,#4128,#9521,.T.);
#9523=ORIENTED_EDGE('',*,*,#9522,.T.);
#9524=EDGE_LOOP('',(#9510,#9516,#9517,#9523));
#9525=FACE_OUTER_BOUND('',#9524,.T.);
#9526=ADVANCED_FACE('',(#9525),#9509,.T.);
#9527=CARTESIAN_POINT('',(-4.250000000000003,-19.999999999999996,100.0));
#9528=DIRECTION('',(1.0,0.0,0.0));
#9529=DIRECTION('',(0.0,0.0,1.0));
#9530=AXIS2_PLACEMENT_3D('',#9527,#9528,#9529);
#9531=PLANE('',#9530);
#9532=ORIENTED_EDGE('',*,*,#9522,.F.);
#9533=ORIENTED_EDGE('',*,*,#537,.F.);
#9534=CARTESIAN_POINT('',(-4.250000000000002,-15.999999999999996,100.0));
#9535=DIRECTION('',(0.0,0.0,-1.0));
#9536=VECTOR('',#9535,100.0);
#9537=LINE('',#9534,#9536);
#9538=EDGE_CURVE('',#4136,#524,#9537,.T.);
#9539=ORIENTED_EDGE('',*,*,#9538,.F.);
#9540=ORIENTED_EDGE('',*,*,#4141,.F.);
#9541=EDGE_LOOP('',(#9532,#9533,#9539,#9540));
#9542=FACE_OUTER_BOUND('',#9541,.T.);
#9543=ADVANCED_FACE('',(#9542),#9531,.T.);
#9544=CARTESIAN_POINT('',(-19.499999999999996,-4.749999999999988,50.0));
#9545=DIRECTION('',(-0.707106781186546,0.707106781186549,0.0));
#9546=DIRECTION('',(0.0,0.0,1.0));
#9547=AXIS2_PLACEMENT_3D('',#9544,#9545,#9546);
#9548=PLANE('',#9547);
#9549=ORIENTED_EDGE('',*,*,#578,.T.);
#9550=ORIENTED_EDGE('',*,*,#5630,.T.);
#9551=ORIENTED_EDGE('',*,*,#4100,.T.);
#9552=CARTESIAN_POINT('',(-18.999999999999996,-4.249999999999989,100.0));
#9553=DIRECTION('',(0.0,0.0,-1.0));
#9554=VECTOR('',#9553,100.0);
#9555=LINE('',#9552,#9554);
#9556=EDGE_CURVE('',#4087,#573,#9555,.T.);
#9557=ORIENTED_EDGE('',*,*,#9556,.T.);
#9558=EDGE_LOOP('',(#9549,#9550,#9551,#9557));
#9559=FACE_OUTER_BOUND('',#9558,.T.);
#9560=ADVANCED_FACE('',(#9559),#9548,.T.);
#9561=CARTESIAN_POINT('',(-19.999999999999996,-4.249999999999989,100.0));
#9562=DIRECTION('',(0.0,-1.0,0.0));
#9563=DIRECTION('',(0.0,0.0,1.0));
#9564=AXIS2_PLACEMENT_3D('',#9561,#9562,#9563);
#9565=PLANE('',#9564);
#9566=ORIENTED_EDGE('',*,*,#9556,.F.);
#9567=ORIENTED_EDGE('',*,*,#4092,.F.);
#9568=CARTESIAN_POINT('',(-15.999999999999998,-4.249999999999990,100.0));
#9569=DIRECTION('',(0.0,0.0,-1.0));
#9570=VECTOR('',#9569,100.0);
#9571=LINE('',#9568,#9570);
#9572=EDGE_CURVE('',#4079,#581,#9571,.T.);
#9573=ORIENTED_EDGE('',*,*,#9572,.T.);
#9574=ORIENTED_EDGE('',*,*,#586,.F.);
#9575=EDGE_LOOP('',(#9566,#9567,#9573,#9574));
#9576=FACE_OUTER_BOUND('',#9575,.T.);
#9577=ADVANCED_FACE('',(#9576),#9565,.F.);
#9578=CARTESIAN_POINT('',(-8.700000000000008,-17.030441927275550,100.0));
#9579=DIRECTION('',(-4.079220E-017,4.079220E-017,1.0));
#9580=DIRECTION('',(-0.173648177666928,-0.984807753012208,3.308898E-017));
#9581=AXIS2_PLACEMENT_3D('',#9578,#9579,#9580);
#9582=CYLINDRICAL_SURFACE('',#9581,0.899999999999997);
#9583=ORIENTED_EDGE('',*,*,#496,.F.);
#9584=CARTESIAN_POINT('',(-9.600000000000005,-17.030441927275550,100.0));
#9585=DIRECTION('',(0.0,0.0,-1.0));
#9586=VECTOR('',#9585,100.0);
#9587=LINE('',#9584,#9586);
#9588=EDGE_CURVE('',#4177,#482,#9587,.T.);
#9589=ORIENTED_EDGE('',*,*,#9588,.F.);
#9590=ORIENTED_EDGE('',*,*,#4183,.F.);
#9591=CARTESIAN_POINT('',(-8.856283359900242,-17.916768904986537,100.0));
#9592=DIRECTION('',(0.0,0.0,-1.0));
#9593=VECTOR('',#9592,100.0);
#9594=LINE('',#9591,#9593);
#9595=EDGE_CURVE('',#4169,#490,#9594,.T.);
#9596=ORIENTED_EDGE('',*,*,#9595,.T.);
#9597=EDGE_LOOP('',(#9583,#9589,#9590,#9596));
#9598=FACE_OUTER_BOUND('',#9597,.T.);
#9599=ADVANCED_FACE('',(#9598),#9582,.F.);
#9600=CARTESIAN_POINT('',(-9.600000000000007,-16.088163490354226,100.0));
#9601=DIRECTION('',(1.0,0.0,0.0));
#9602=DIRECTION('',(0.0,0.0,1.0));
#9603=AXIS2_PLACEMENT_3D('',#9600,#9601,#9602);
#9604=PLANE('',#9603);
#9605=ORIENTED_EDGE('',*,*,#487,.F.);
#9606=CARTESIAN_POINT('',(-9.600000000000003,-12.333865619795844,100.0));
#9607=DIRECTION('',(0.0,0.0,-1.0));
#9608=VECTOR('',#9607,100.0);
#9609=LINE('',#9606,#9608);
#9610=EDGE_CURVE('',#4186,#473,#9609,.T.);
#9611=ORIENTED_EDGE('',*,*,#9610,.F.);
#9612=ORIENTED_EDGE('',*,*,#4191,.F.);
#9613=ORIENTED_EDGE('',*,*,#9588,.T.);
#9614=EDGE_LOOP('',(#9605,#9611,#9612,#9613));
#9615=FACE_OUTER_BOUND('',#9614,.T.);
#9616=ADVANCED_FACE('',(#9615),#9604,.T.);
#9617=CARTESIAN_POINT('',(-6.599999999999993,-12.333865619795844,100.0));
#9618=DIRECTION('',(-4.079220E-017,4.079220E-017,1.0));
#9619=DIRECTION('',(-1.0,0.0,0.0));
#9620=AXIS2_PLACEMENT_3D('',#9617,#9618,#9619);
#9621=CYLINDRICAL_SURFACE('',#9620,2.999999999999987);
#9622=ORIENTED_EDGE('',*,*,#479,.F.);
#9623=CARTESIAN_POINT('',(-8.721320343559642,-10.212545276236195,100.0));
#9624=DIRECTION('',(0.0,0.0,-1.0));
#9625=VECTOR('',#9624,100.0);
#9626=LINE('',#9623,#9625);
#9627=EDGE_CURVE('',#4194,#465,#9626,.T.);
#9628=ORIENTED_EDGE('',*,*,#9627,.F.);
#9629=ORIENTED_EDGE('',*,*,#4200,.F.);
#9630=ORIENTED_EDGE('',*,*,#9610,.T.);
#9631=EDGE_LOOP('',(#9622,#9628,#9629,#9630));
#9632=FACE_OUTER_BOUND('',#9631,.T.);
#9633=ADVANCED_FACE('',(#9632),#9621,.F.);
#9634=CARTESIAN_POINT('',(-8.721320343559642,-10.212545276236195,100.0));
#9635=DIRECTION('',(0.707106781186548,-0.707106781186547,5.768888E-017));
#9636=DIRECTION('',(0.0,0.0,1.0));
#9637=AXIS2_PLACEMENT_3D('',#9634,#9635,#9636);
#9638=PLANE('',#9637);
#9639=ORIENTED_EDGE('',*,*,#470,.F.);
#9640=CARTESIAN_POINT('',(-8.187454723763798,-9.678679656440352,100.0));
#9641=DIRECTION('',(0.0,0.0,-1.0));
#9642=VECTOR('',#9641,100.0);
#9643=LINE('',#9640,#9642);
#9644=EDGE_CURVE('',#4203,#456,#9643,.T.);
#9645=ORIENTED_EDGE('',*,*,#9644,.F.);
#9646=ORIENTED_EDGE('',*,*,#4208,.F.);
#9647=ORIENTED_EDGE('',*,*,#9627,.T.);
#9648=EDGE_LOOP('',(#9639,#9645,#9646,#9647));
#9649=FACE_OUTER_BOUND('',#9648,.T.);
#9650=ADVANCED_FACE('',(#9649),#9638,.T.);
#9651=CARTESIAN_POINT('',(-6.066134380204150,-11.800000000000001,100.0));
#9652=DIRECTION('',(-4.079220E-017,4.079220E-017,1.0));
#9653=DIRECTION('',(-0.707106781186547,0.707106781186548,-5.768888E-017));
#9654=AXIS2_PLACEMENT_3D('',#9651,#9652,#9653);
#9655=CYLINDRICAL_SURFACE('',#9654,3.000000000000010);
#9656=ORIENTED_EDGE('',*,*,#462,.F.);
#9657=CARTESIAN_POINT('',(-6.066134380204149,-8.799999999999992,100.0));
#9658=DIRECTION('',(0.0,0.0,-1.0));
#9659=VECTOR('',#9658,100.0);
#9660=LINE('',#9657,#9659);
#9661=EDGE_CURVE('',#4211,#448,#9660,.T.);
#9662=ORIENTED_EDGE('',*,*,#9661,.F.);
#9663=ORIENTED_EDGE('',*,*,#4217,.F.);
#9664=ORIENTED_EDGE('',*,*,#9644,.T.);
#9665=EDGE_LOOP('',(#9656,#9662,#9663,#9664));
#9666=FACE_OUTER_BOUND('',#9665,.T.);
#9667=ADVANCED_FACE('',(#9666),#9655,.F.);
#9668=CARTESIAN_POINT('',(-4.250000000000002,-15.999999999999996,100.0));
#9669=DIRECTION('',(0.0,1.0,0.0));
#9670=DIRECTION('',(0.0,0.0,1.0));
#9671=AXIS2_PLACEMENT_3D('',#9668,#9669,#9670);
#9672=PLANE('',#9671);
#9673=ORIENTED_EDGE('',*,*,#529,.F.);
#9674=CARTESIAN_POINT('',(-7.250000000000004,-15.999999999999995,100.0));
#9675=DIRECTION('',(0.0,0.0,-1.0));
#9676=VECTOR('',#9675,100.0);
#9677=LINE('',#9674,#9676);
#9678=EDGE_CURVE('',#4144,#516,#9677,.T.);
#9679=ORIENTED_EDGE('',*,*,#9678,.F.);
#9680=ORIENTED_EDGE('',*,*,#4149,.F.);
#9681=ORIENTED_EDGE('',*,*,#9538,.T.);
#9682=EDGE_LOOP('',(#9673,#9679,#9680,#9681));
#9683=FACE_OUTER_BOUND('',#9682,.T.);
#9684=ADVANCED_FACE('',(#9683),#9672,.T.);
#9685=CARTESIAN_POINT('',(-7.250000000000004,-15.999999999999995,100.0));
#9686=DIRECTION('',(-1.0,0.0,0.0));
#9687=DIRECTION('',(0.0,0.0,-1.0));
#9688=AXIS2_PLACEMENT_3D('',#9685,#9686,#9687);
#9689=PLANE('',#9688);
#9690=ORIENTED_EDGE('',*,*,#521,.F.);
#9691=CARTESIAN_POINT('',(-7.250000000000004,-17.604123203702887,100.0));
#9692=DIRECTION('',(0.0,0.0,-1.0));
#9693=VECTOR('',#9692,100.0);
#9694=LINE('',#9691,#9693);
#9695=EDGE_CURVE('',#4152,#507,#9694,.T.);
#9696=ORIENTED_EDGE('',*,*,#9695,.F.);
#9697=ORIENTED_EDGE('',*,*,#4157,.F.);
#9698=ORIENTED_EDGE('',*,*,#9678,.T.);
#9699=EDGE_LOOP('',(#9690,#9696,#9697,#9698));
#9700=FACE_OUTER_BOUND('',#9699,.T.);
#9701=ADVANCED_FACE('',(#9700),#9689,.T.);
#9702=CARTESIAN_POINT('',(-7.750000000000004,-17.604123203702887,100.0));
#9703=DIRECTION('',(-4.079220E-017,4.079220E-017,1.0));
#9704=DIRECTION('',(1.0,0.0,0.0));
#9705=AXIS2_PLACEMENT_3D('',#9702,#9703,#9704);
#9706=CYLINDRICAL_SURFACE('',#9705,0.500000000000000);
#9707=ORIENTED_EDGE('',*,*,#513,.F.);
#9708=CARTESIAN_POINT('',(-7.836824088833470,-18.096527080208990,100.0));
#9709=DIRECTION('',(0.0,0.0,-1.0));
#9710=VECTOR('',#9709,100.0);
#9711=LINE('',#9708,#9710);
#9712=EDGE_CURVE('',#4160,#499,#9711,.T.);
#9713=ORIENTED_EDGE('',*,*,#9712,.F.);
#9714=ORIENTED_EDGE('',*,*,#4166,.F.);
#9715=ORIENTED_EDGE('',*,*,#9695,.T.);
#9716=EDGE_LOOP('',(#9707,#9713,#9714,#9715));
#9717=FACE_OUTER_BOUND('',#9716,.T.);
#9718=ADVANCED_FACE('',(#9717),#9706,.F.);
#9719=CARTESIAN_POINT('',(-7.836824088833470,-18.096527080208990,100.0));
#9720=DIRECTION('',(0.173648177666925,0.984807753012209,-3.308898E-017));
#9721=DIRECTION('',(0.0,0.0,1.0));
#9722=AXIS2_PLACEMENT_3D('',#9719,#9720,#9721);
#9723=PLANE('',#9722);
#9724=ORIENTED_EDGE('',*,*,#504,.F.);
#9725=ORIENTED_EDGE('',*,*,#9595,.F.);
#9726=ORIENTED_EDGE('',*,*,#4174,.F.);
#9727=ORIENTED_EDGE('',*,*,#9712,.T.);
#9728=EDGE_LOOP('',(#9724,#9725,#9726,#9727));
#9729=FACE_OUTER_BOUND('',#9728,.T.);
#9730=ADVANCED_FACE('',(#9729),#9723,.T.);
#9731=CARTESIAN_POINT('',(8.699999999999994,-17.030441927275557,100.0));
#9732=DIRECTION('',(0.0,0.0,-1.0));
#9733=DIRECTION('',(0.173648177666928,-0.984807753012209,0.0));
#9734=AXIS2_PLACEMENT_3D('',#9731,#9732,#9733);
#9735=CYLINDRICAL_SURFACE('',#9734,0.899999999999997);
#9736=ORIENTED_EDGE('',*,*,#411,.F.);
#9737=CARTESIAN_POINT('',(8.856283359900228,-17.916768904986540,100.0));
#9738=DIRECTION('',(0.0,0.0,-1.0));
#9739=VECTOR('',#9738,100.0);
#9740=LINE('',#9737,#9739);
#9741=EDGE_CURVE('',#4262,#397,#9740,.T.);
#9742=ORIENTED_EDGE('',*,*,#9741,.F.);
#9743=ORIENTED_EDGE('',*,*,#4268,.F.);
#9744=CARTESIAN_POINT('',(9.599999999999993,-17.030441927275557,100.0));
#9745=DIRECTION('',(0.0,0.0,-1.0));
#9746=VECTOR('',#9745,100.0);
#9747=LINE('',#9744,#9746);
#9748=EDGE_CURVE('',#4254,#405,#9747,.T.);
#9749=ORIENTED_EDGE('',*,*,#9748,.T.);
#9750=EDGE_LOOP('',(#9736,#9742,#9743,#9749));
#9751=FACE_OUTER_BOUND('',#9750,.T.);
#9752=ADVANCED_FACE('',(#9751),#9735,.F.);
#9753=CARTESIAN_POINT('',(9.599999999999993,-16.088163490354233,100.0));
#9754=DIRECTION('',(1.0,0.0,0.0));
#9755=DIRECTION('',(0.0,0.0,1.0));
#9756=AXIS2_PLACEMENT_3D('',#9753,#9754,#9755);
#9757=PLANE('',#9756);
#9758=ORIENTED_EDGE('',*,*,#419,.F.);
#9759=ORIENTED_EDGE('',*,*,#9748,.F.);
#9760=ORIENTED_EDGE('',*,*,#4259,.F.);
#9761=CARTESIAN_POINT('',(9.599999999999993,-12.333865619795851,100.0));
#9762=DIRECTION('',(0.0,0.0,-1.0));
#9763=VECTOR('',#9762,100.0);
#9764=LINE('',#9761,#9763);
#9765=EDGE_CURVE('',#4245,#414,#9764,.T.);
#9766=ORIENTED_EDGE('',*,*,#9765,.T.);
#9767=EDGE_LOOP('',(#9758,#9759,#9760,#9766));
#9768=FACE_OUTER_BOUND('',#9767,.T.);
#9769=ADVANCED_FACE('',(#9768),#9757,.F.);
#9770=CARTESIAN_POINT('',(6.599999999999984,-12.333865619795850,100.0));
#9771=DIRECTION('',(0.0,0.0,-1.0));
#9772=DIRECTION('',(1.0,0.0,0.0));
#9773=AXIS2_PLACEMENT_3D('',#9770,#9771,#9772);
#9774=CYLINDRICAL_SURFACE('',#9773,2.999999999999987);
#9775=ORIENTED_EDGE('',*,*,#428,.F.);
#9776=ORIENTED_EDGE('',*,*,#9765,.F.);
#9777=ORIENTED_EDGE('',*,*,#4251,.F.);
#9778=CARTESIAN_POINT('',(8.721320343559633,-10.212545276236202,100.0));
#9779=DIRECTION('',(0.0,0.0,-1.0));
#9780=VECTOR('',#9779,100.0);
#9781=LINE('',#9778,#9780);
#9782=EDGE_CURVE('',#4237,#422,#9781,.T.);
#9783=ORIENTED_EDGE('',*,*,#9782,.T.);
#9784=EDGE_LOOP('',(#9775,#9776,#9777,#9783));
#9785=FACE_OUTER_BOUND('',#9784,.T.);
#9786=ADVANCED_FACE('',(#9785),#9774,.F.);
#9787=CARTESIAN_POINT('',(8.721320343559633,-10.212545276236202,100.0));
#9788=DIRECTION('',(0.707106781186548,0.707106781186547,0.0));
#9789=DIRECTION('',(0.0,0.0,1.0));
#9790=AXIS2_PLACEMENT_3D('',#9787,#9788,#9789);
#9791=PLANE('',#9790);
#9792=ORIENTED_EDGE('',*,*,#436,.F.);
#9793=ORIENTED_EDGE('',*,*,#9782,.F.);
#9794=ORIENTED_EDGE('',*,*,#4242,.F.);
#9795=CARTESIAN_POINT('',(8.187454723763789,-9.678679656440357,100.0));
#9796=DIRECTION('',(0.0,0.0,-1.0));
#9797=VECTOR('',#9796,100.0);
#9798=LINE('',#9795,#9797);
#9799=EDGE_CURVE('',#4228,#431,#9798,.T.);
#9800=ORIENTED_EDGE('',*,*,#9799,.T.);
#9801=EDGE_LOOP('',(#9792,#9793,#9794,#9800));
#9802=FACE_OUTER_BOUND('',#9801,.T.);
#9803=ADVANCED_FACE('',(#9802),#9791,.F.);
#9804=CARTESIAN_POINT('',(6.066134380204140,-11.800000000000006,100.0));
#9805=DIRECTION('',(0.0,0.0,-1.0));
#9806=DIRECTION('',(0.707106781186548,0.707106781186547,0.0));
#9807=AXIS2_PLACEMENT_3D('',#9804,#9805,#9806);
#9808=CYLINDRICAL_SURFACE('',#9807,3.000000000000010);
#9809=ORIENTED_EDGE('',*,*,#445,.F.);
#9810=ORIENTED_EDGE('',*,*,#9799,.F.);
#9811=ORIENTED_EDGE('',*,*,#4234,.F.);
#9812=CARTESIAN_POINT('',(6.066134380204144,-8.799999999999997,100.0));
#9813=DIRECTION('',(0.0,0.0,-1.0));
#9814=VECTOR('',#9813,100.0);
#9815=LINE('',#9812,#9814);
#9816=EDGE_CURVE('',#4220,#439,#9815,.T.);
#9817=ORIENTED_EDGE('',*,*,#9816,.T.);
#9818=EDGE_LOOP('',(#9809,#9810,#9811,#9817));
#9819=FACE_OUTER_BOUND('',#9818,.T.);
#9820=ADVANCED_FACE('',(#9819),#9808,.F.);
#9821=CARTESIAN_POINT('',(6.066134380204144,-8.799999999999997,100.0));
#9822=DIRECTION('',(0.0,1.0,0.0));
#9823=DIRECTION('',(0.0,0.0,-1.0));
#9824=AXIS2_PLACEMENT_3D('',#9821,#9822,#9823);
#9825=PLANE('',#9824);
#9826=ORIENTED_EDGE('',*,*,#453,.F.);
#9827=ORIENTED_EDGE('',*,*,#9816,.F.);
#9828=ORIENTED_EDGE('',*,*,#4225,.F.);
#9829=ORIENTED_EDGE('',*,*,#9661,.T.);
#9830=EDGE_LOOP('',(#9826,#9827,#9828,#9829));
#9831=FACE_OUTER_BOUND('',#9830,.T.);
#9832=ADVANCED_FACE('',(#9831),#9825,.F.);
#9833=CARTESIAN_POINT('',(4.249999999999989,-15.999999999999998,100.0));
#9834=DIRECTION('',(0.0,-1.0,0.0));
#9835=DIRECTION('',(0.0,0.0,1.0));
#9836=AXIS2_PLACEMENT_3D('',#9833,#9834,#9835);
#9837=PLANE('',#9836);
#9838=ORIENTED_EDGE('',*,*,#377,.F.);
#9839=ORIENTED_EDGE('',*,*,#9499,.F.);
#9840=ORIENTED_EDGE('',*,*,#4301,.F.);
#9841=CARTESIAN_POINT('',(7.249999999999989,-15.999999999999998,100.0));
#9842=DIRECTION('',(0.0,0.0,-1.0));
#9843=VECTOR('',#9842,100.0);
#9844=LINE('',#9841,#9843);
#9845=EDGE_CURVE('',#4288,#372,#9844,.T.);
#9846=ORIENTED_EDGE('',*,*,#9845,.T.);
#9847=EDGE_LOOP('',(#9838,#9839,#9840,#9846));
#9848=FACE_OUTER_BOUND('',#9847,.T.);
#9849=ADVANCED_FACE('',(#9848),#9837,.F.);
#9850=CARTESIAN_POINT('',(7.249999999999989,-15.999999999999998,100.0));
#9851=DIRECTION('',(-1.0,0.0,0.0));
#9852=DIRECTION('',(0.0,0.0,-1.0));
#9853=AXIS2_PLACEMENT_3D('',#9850,#9851,#9852);
#9854=PLANE('',#9853);
#9855=ORIENTED_EDGE('',*,*,#385,.F.);
#9856=ORIENTED_EDGE('',*,*,#9845,.F.);
#9857=ORIENTED_EDGE('',*,*,#4293,.F.);
#9858=CARTESIAN_POINT('',(7.249999999999989,-17.604123203702891,100.0));
#9859=DIRECTION('',(0.0,0.0,-1.0));
#9860=VECTOR('',#9859,100.0);
#9861=LINE('',#9858,#9860);
#9862=EDGE_CURVE('',#4279,#380,#9861,.T.);
#9863=ORIENTED_EDGE('',*,*,#9862,.T.);
#9864=EDGE_LOOP('',(#9855,#9856,#9857,#9863));
#9865=FACE_OUTER_BOUND('',#9864,.T.);
#9866=ADVANCED_FACE('',(#9865),#9854,.F.);
#9867=CARTESIAN_POINT('',(7.749999999999990,-17.604123203702891,100.0));
#9868=DIRECTION('',(0.0,0.0,-1.0));
#9869=DIRECTION('',(-1.0,0.0,0.0));
#9870=AXIS2_PLACEMENT_3D('',#9867,#9868,#9869);
#9871=CYLINDRICAL_SURFACE('',#9870,0.500000000000000);
#9872=ORIENTED_EDGE('',*,*,#394,.F.);
#9873=ORIENTED_EDGE('',*,*,#9862,.F.);
#9874=ORIENTED_EDGE('',*,*,#4285,.F.);
#9875=CARTESIAN_POINT('',(7.836824088833455,-18.096527080208993,100.0));
#9876=DIRECTION('',(0.0,0.0,-1.0));
#9877=VECTOR('',#9876,100.0);
#9878=LINE('',#9875,#9877);
#9879=EDGE_CURVE('',#4271,#388,#9878,.T.);
#9880=ORIENTED_EDGE('',*,*,#9879,.T.);
#9881=EDGE_LOOP('',(#9872,#9873,#9874,#9880));
#9882=FACE_OUTER_BOUND('',#9881,.T.);
#9883=ADVANCED_FACE('',(#9882),#9871,.F.);
#9884=CARTESIAN_POINT('',(7.836824088833455,-18.096527080208993,100.0));
#9885=DIRECTION('',(0.173648177666925,-0.984807753012209,0.0));
#9886=DIRECTION('',(0.0,0.0,1.0));
#9887=AXIS2_PLACEMENT_3D('',#9884,#9885,#9886);
#9888=PLANE('',#9887);
#9889=ORIENTED_EDGE('',*,*,#402,.F.);
#9890=ORIENTED_EDGE('',*,*,#9879,.F.);
#9891=ORIENTED_EDGE('',*,*,#4276,.F.);
#9892=ORIENTED_EDGE('',*,*,#9741,.T.);
#9893=EDGE_LOOP('',(#9889,#9890,#9891,#9892));
#9894=FACE_OUTER_BOUND('',#9893,.T.);
#9895=ADVANCED_FACE('',(#9894),#9888,.F.);
#9896=CARTESIAN_POINT('',(-11.199999999999994,-11.199999999999989,100.0));
#9897=DIRECTION('',(0.0,1.0,0.0));
#9898=DIRECTION('',(0.0,0.0,-1.0));
#9899=AXIS2_PLACEMENT_3D('',#9896,#9897,#9898);
#9900=PLANE('',#9899);
#9901=ORIENTED_EDGE('',*,*,#2185,.F.);
#9902=CARTESIAN_POINT('',(-11.199999999999994,-11.199999999999989,100.0));
#9903=DIRECTION('',(0.0,0.0,-1.0));
#9904=VECTOR('',#9903,100.0);
#9905=LINE('',#9902,#9904);
#9906=EDGE_CURVE('',#5010,#2178,#9905,.T.);
#9907=ORIENTED_EDGE('',*,*,#9906,.F.);
#9908=ORIENTED_EDGE('',*,*,#5015,.F.);
#9909=CARTESIAN_POINT('',(-18.399999999999995,-11.199999999999989,100.0));
#9910=DIRECTION('',(0.0,0.0,-1.0));
#9911=VECTOR('',#9910,100.0);
#9912=LINE('',#9909,#9911);
#9913=EDGE_CURVE('',#5008,#2180,#9912,.T.);
#9914=ORIENTED_EDGE('',*,*,#9913,.T.);
#9915=EDGE_LOOP('',(#9901,#9907,#9908,#9914));
#9916=FACE_OUTER_BOUND('',#9915,.T.);
#9917=ADVANCED_FACE('',(#9916),#9900,.F.);
#9918=CARTESIAN_POINT('',(-18.399999999999995,-11.199999999999989,100.0));
#9919=DIRECTION('',(-1.0,0.0,0.0));
#9920=DIRECTION('',(0.0,0.0,1.0));
#9921=AXIS2_PLACEMENT_3D('',#9918,#9919,#9920);
#9922=PLANE('',#9921);
#9923=ORIENTED_EDGE('',*,*,#2193,.F.);
#9924=ORIENTED_EDGE('',*,*,#9913,.F.);
#9925=ORIENTED_EDGE('',*,*,#5037,.F.);
#9926=CARTESIAN_POINT('',(-18.399999999999995,-18.399999999999988,100.0));
#9927=DIRECTION('',(0.0,0.0,-1.0));
#9928=VECTOR('',#9927,100.0);
#9929=LINE('',#9926,#9928);
#9930=EDGE_CURVE('',#5026,#2188,#9929,.T.);
#9931=ORIENTED_EDGE('',*,*,#9930,.T.);
#9932=EDGE_LOOP('',(#9923,#9924,#9925,#9931));
#9933=FACE_OUTER_BOUND('',#9932,.T.);
#9934=ADVANCED_FACE('',(#9933),#9922,.F.);
#9935=CARTESIAN_POINT('',(-18.399999999999995,-18.399999999999988,100.0));
#9936=DIRECTION('',(0.0,-1.0,0.0));
#9937=DIRECTION('',(0.0,0.0,1.0));
#9938=AXIS2_PLACEMENT_3D('',#9935,#9936,#9937);
#9939=PLANE('',#9938);
#9940=ORIENTED_EDGE('',*,*,#2201,.F.);
#9941=ORIENTED_EDGE('',*,*,#9930,.F.);
#9942=ORIENTED_EDGE('',*,*,#5031,.F.);
#9943=CARTESIAN_POINT('',(-11.199999999999996,-18.399999999999988,100.0));
#9944=DIRECTION('',(0.0,0.0,-1.0));
#9945=VECTOR('',#9944,100.0);
#9946=LINE('',#9943,#9945);
#9947=EDGE_CURVE('',#5018,#2196,#9946,.T.);
#9948=ORIENTED_EDGE('',*,*,#9947,.T.);
#9949=EDGE_LOOP('',(#9940,#9941,#9942,#9948));
#9950=FACE_OUTER_BOUND('',#9949,.T.);
#9951=ADVANCED_FACE('',(#9950),#9939,.F.);
#9952=CARTESIAN_POINT('',(-11.199999999999996,-18.399999999999988,100.0));
#9953=DIRECTION('',(1.0,0.0,0.0));
#9954=DIRECTION('',(0.0,0.0,-1.0));
#9955=AXIS2_PLACEMENT_3D('',#9952,#9953,#9954);
#9956=PLANE('',#9955);
#9957=ORIENTED_EDGE('',*,*,#2207,.F.);
#9958=ORIENTED_EDGE('',*,*,#9947,.F.);
#9959=ORIENTED_EDGE('',*,*,#5023,.F.);
#9960=ORIENTED_EDGE('',*,*,#9906,.T.);
#9961=EDGE_LOOP('',(#9957,#9958,#9959,#9960));
#9962=FACE_OUTER_BOUND('',#9961,.T.);
#9963=ADVANCED_FACE('',(#9962),#9956,.F.);
#9964=CARTESIAN_POINT('',(3.358757210636102,6.187184335382292,100.0));
#9965=DIRECTION('',(-0.707106781186547,0.707106781186548,0.0));
#9966=DIRECTION('',(0.0,0.0,1.0));
#9967=AXIS2_PLACEMENT_3D('',#9964,#9965,#9966);
#9968=PLANE('',#9967);
#9969=ORIENTED_EDGE('',*,*,#2173,.F.);
#9970=CARTESIAN_POINT('',(3.358757210636102,6.187184335382292,100.0));
#9971=DIRECTION('',(0.0,0.0,-1.0));
#9972=VECTOR('',#9971,100.0);
#9973=LINE('',#9970,#9972);
#9974=EDGE_CURVE('',#5053,#2161,#9973,.T.);
#9975=ORIENTED_EDGE('',*,*,#9974,.F.);
#9976=ORIENTED_EDGE('',*,*,#5058,.F.);
#9977=CARTESIAN_POINT('',(2.772819993737963,5.601247118484153,100.0));
#9978=DIRECTION('',(0.0,0.0,-1.0));
#9979=VECTOR('',#9978,100.0);
#9980=LINE('',#9977,#9979);
#9981=EDGE_CURVE('',#5044,#2040,#9980,.T.);
#9982=ORIENTED_EDGE('',*,*,#9981,.T.);
#9983=EDGE_LOOP('',(#9969,#9975,#9976,#9982));
#9984=FACE_OUTER_BOUND('',#9983,.T.);
#9985=ADVANCED_FACE('',(#9984),#9968,.F.);
#9986=CARTESIAN_POINT('',(5.601247118484151,2.772819993737961,100.0));
#9987=DIRECTION('',(0.707106781186547,-0.707106781186548,0.0));
#9988=DIRECTION('',(0.0,0.0,-1.0));
#9989=AXIS2_PLACEMENT_3D('',#9986,#9987,#9988);
#9990=PLANE('',#9989);
#9991=ORIENTED_EDGE('',*,*,#2158,.F.);
#9992=CARTESIAN_POINT('',(5.601247118484151,2.772819993737961,100.0));
#9993=DIRECTION('',(0.0,0.0,-1.0));
#9994=VECTOR('',#9993,100.0);
#9995=LINE('',#9992,#9994);
#9996=EDGE_CURVE('',#5070,#2144,#9995,.T.);
#9997=ORIENTED_EDGE('',*,*,#9996,.F.);
#9998=ORIENTED_EDGE('',*,*,#5075,.F.);
#9999=CARTESIAN_POINT('',(6.187184335382291,3.358757210636099,100.0));
#10000=DIRECTION('',(0.0,0.0,-1.0));
#10001=VECTOR('',#10000,100.0);
#10002=LINE('',#9999,#10001);
#10003=EDGE_CURVE('',#5061,#2153,#10002,.T.);
#10004=ORIENTED_EDGE('',*,*,#10003,.T.);
#10005=EDGE_LOOP('',(#9991,#9997,#9998,#10004));
#10006=FACE_OUTER_BOUND('',#10005,.T.);
#10007=ADVANCED_FACE('',(#10006),#9990,.F.);
#10008=CARTESIAN_POINT('',(4.772970773009198,4.772970773009194,100.0));
#10009=DIRECTION('',(0.0,0.0,-1.0));
#10010=DIRECTION('',(0.707106781186547,-0.707106781186548,0.0));
#10011=AXIS2_PLACEMENT_3D('',#10008,#10009,#10010);
#10012=CYLINDRICAL_SURFACE('',#10011,2.000000000000000);
#10013=ORIENTED_EDGE('',*,*,#2167,.F.);
#10014=ORIENTED_EDGE('',*,*,#10003,.F.);
#10015=ORIENTED_EDGE('',*,*,#5067,.F.);
#10016=ORIENTED_EDGE('',*,*,#9974,.T.);
#10017=EDGE_LOOP('',(#10013,#10014,#10015,#10016));
#10018=FACE_OUTER_BOUND('',#10017,.T.);
#10019=ADVANCED_FACE('',(#10018),#10012,.F.);
#10020=CARTESIAN_POINT('',(6.187184335382292,-3.358757210636102,100.0));
#10021=DIRECTION('',(0.707106781186548,0.707106781186548,0.0));
#10022=DIRECTION('',(0.0,0.0,1.0));
#10023=AXIS2_PLACEMENT_3D('',#10020,#10021,#10022);
#10024=PLANE('',#10023);
#10025=ORIENTED_EDGE('',*,*,#2141,.F.);
#10026=CARTESIAN_POINT('',(6.187184335382292,-3.358757210636102,100.0));
#10027=DIRECTION('',(0.0,0.0,-1.0));
#10028=VECTOR('',#10027,100.0);
#10029=LINE('',#10026,#10028);
#10030=EDGE_CURVE('',#5087,#2127,#10029,.T.);
#10031=ORIENTED_EDGE('',*,*,#10030,.F.);
#10032=ORIENTED_EDGE('',*,*,#5092,.F.);
#10033=CARTESIAN_POINT('',(5.601247118484153,-2.772819993737963,100.0));
#10034=DIRECTION('',(0.0,0.0,-1.0));
#10035=VECTOR('',#10034,100.0);
#10036=LINE('',#10033,#10035);
#10037=EDGE_CURVE('',#5078,#2136,#10036,.T.);
#10038=ORIENTED_EDGE('',*,*,#10037,.T.);
#10039=EDGE_LOOP('',(#10025,#10031,#10032,#10038));
#10040=FACE_OUTER_BOUND('',#10039,.T.);
#10041=ADVANCED_FACE('',(#10040),#10024,.F.);
#10042=CARTESIAN_POINT('',(0.0,0.0,100.0));
#10043=DIRECTION('',(0.0,0.0,-1.0));
#10044=DIRECTION('',(0.896199538957464,-0.443651198998074,0.0));
#10045=AXIS2_PLACEMENT_3D('',#10042,#10043,#10044);
#10046=CYLINDRICAL_SURFACE('',#10045,6.250000000000000);
#10047=ORIENTED_EDGE('',*,*,#2150,.F.);
#10048=ORIENTED_EDGE('',*,*,#10037,.F.);
#10049=ORIENTED_EDGE('',*,*,#5084,.F.);
#10050=ORIENTED_EDGE('',*,*,#9996,.T.);
#10051=EDGE_LOOP('',(#10047,#10048,#10049,#10050));
#10052=FACE_OUTER_BOUND('',#10051,.T.);
#10053=ADVANCED_FACE('',(#10052),#10046,.F.);
#10054=CARTESIAN_POINT('',(2.772819993737961,-5.601247118484151,100.0));
#10055=DIRECTION('',(-0.707106781186548,-0.707106781186548,0.0));
#10056=DIRECTION('',(0.0,0.0,-1.0));
#10057=AXIS2_PLACEMENT_3D('',#10054,#10055,#10056);
#10058=PLANE('',#10057);
#10059=ORIENTED_EDGE('',*,*,#2124,.F.);
#10060=CARTESIAN_POINT('',(2.772819993737961,-5.601247118484151,100.0));
#10061=DIRECTION('',(0.0,0.0,-1.0));
#10062=VECTOR('',#10061,100.0);
#10063=LINE('',#10060,#10062);
#10064=EDGE_CURVE('',#5104,#2110,#10063,.T.);
#10065=ORIENTED_EDGE('',*,*,#10064,.F.);
#10066=ORIENTED_EDGE('',*,*,#5109,.F.);
#10067=CARTESIAN_POINT('',(3.358757210636099,-6.187184335382291,100.0));
#10068=DIRECTION('',(0.0,0.0,-1.0));
#10069=VECTOR('',#10068,100.0);
#10070=LINE('',#10067,#10069);
#10071=EDGE_CURVE('',#5095,#2119,#10070,.T.);
#10072=ORIENTED_EDGE('',*,*,#10071,.T.);
#10073=EDGE_LOOP('',(#10059,#10065,#10066,#10072));
#10074=FACE_OUTER_BOUND('',#10073,.T.);
#10075=ADVANCED_FACE('',(#10074),#10058,.F.);
#10076=CARTESIAN_POINT('',(4.772970773009194,-4.772970773009198,100.0));
#10077=DIRECTION('',(0.0,0.0,-1.0));
#10078=DIRECTION('',(-0.707106781186548,-0.707106781186547,0.0));
#10079=AXIS2_PLACEMENT_3D('',#10076,#10077,#10078);
#10080=CYLINDRICAL_SURFACE('',#10079,2.0);
#10081=ORIENTED_EDGE('',*,*,#2133,.F.);
#10082=ORIENTED_EDGE('',*,*,#10071,.F.);
#10083=ORIENTED_EDGE('',*,*,#5101,.F.);
#10084=ORIENTED_EDGE('',*,*,#10030,.T.);
#10085=EDGE_LOOP('',(#10081,#10082,#10083,#10084));
#10086=FACE_OUTER_BOUND('',#10085,.T.);
#10087=ADVANCED_FACE('',(#10086),#10080,.F.);
#10088=CARTESIAN_POINT('',(-3.358757210636101,-6.187184335382292,100.0));
#10089=DIRECTION('',(0.707106781186548,-0.707106781186548,0.0));
#10090=DIRECTION('',(0.0,0.0,1.0));
#10091=AXIS2_PLACEMENT_3D('',#10088,#10089,#10090);
#10092=PLANE('',#10091);
#10093=ORIENTED_EDGE('',*,*,#2107,.F.);
#10094=CARTESIAN_POINT('',(-3.358757210636101,-6.187184335382292,100.0));
#10095=DIRECTION('',(0.0,0.0,-1.0));
#10096=VECTOR('',#10095,100.0);
#10097=LINE('',#10094,#10096);
#10098=EDGE_CURVE('',#5121,#2093,#10097,.T.);
#10099=ORIENTED_EDGE('',*,*,#10098,.F.);
#10100=ORIENTED_EDGE('',*,*,#5126,.F.);
#10101=CARTESIAN_POINT('',(-2.772819993737962,-5.601247118484153,100.0));
#10102=DIRECTION('',(0.0,0.0,-1.0));
#10103=VECTOR('',#10102,100.0);
#10104=LINE('',#10101,#10103);
#10105=EDGE_CURVE('',#5112,#2102,#10104,.T.);
#10106=ORIENTED_EDGE('',*,*,#10105,.T.);
#10107=EDGE_LOOP('',(#10093,#10099,#10100,#10106));
#10108=FACE_OUTER_BOUND('',#10107,.T.);
#10109=ADVANCED_FACE('',(#10108),#10092,.F.);
#10110=CARTESIAN_POINT('',(0.0,0.0,100.0));
#10111=DIRECTION('',(0.0,0.0,-1.0));
#10112=DIRECTION('',(-0.443651198998074,-0.896199538957464,0.0));
#10113=AXIS2_PLACEMENT_3D('',#10110,#10111,#10112);
#10114=CYLINDRICAL_SURFACE('',#10113,6.249999999999999);
#10115=ORIENTED_EDGE('',*,*,#2116,.F.);
#10116=ORIENTED_EDGE('',*,*,#10105,.F.);
#10117=ORIENTED_EDGE('',*,*,#5118,.F.);
#10118=ORIENTED_EDGE('',*,*,#10064,.T.);
#10119=EDGE_LOOP('',(#10115,#10116,#10117,#10118));
#10120=FACE_OUTER_BOUND('',#10119,.T.);
#10121=ADVANCED_FACE('',(#10120),#10114,.F.);
#10122=CARTESIAN_POINT('',(-5.601247118484151,-2.772819993737961,100.0));
#10123=DIRECTION('',(-0.707106781186548,0.707106781186548,0.0));
#10124=DIRECTION('',(0.0,0.0,-1.0));
#10125=AXIS2_PLACEMENT_3D('',#10122,#10123,#10124);
#10126=PLANE('',#10125);
#10127=ORIENTED_EDGE('',*,*,#2090,.F.);
#10128=CARTESIAN_POINT('',(-5.601247118484151,-2.772819993737961,100.0));
#10129=DIRECTION('',(0.0,0.0,-1.0));
#10130=VECTOR('',#10129,100.0);
#10131=LINE('',#10128,#10130);
#10132=EDGE_CURVE('',#5138,#2076,#10131,.T.);
#10133=ORIENTED_EDGE('',*,*,#10132,.F.);
#10134=ORIENTED_EDGE('',*,*,#5143,.F.);
#10135=CARTESIAN_POINT('',(-6.187184335382291,-3.358757210636100,100.0));
#10136=DIRECTION('',(0.0,0.0,-1.0));
#10137=VECTOR('',#10136,100.0);
#10138=LINE('',#10135,#10137);
#10139=EDGE_CURVE('',#5129,#2085,#10138,.T.);
#10140=ORIENTED_EDGE('',*,*,#10139,.T.);
#10141=EDGE_LOOP('',(#10127,#10133,#10134,#10140));
#10142=FACE_OUTER_BOUND('',#10141,.T.);
#10143=ADVANCED_FACE('',(#10142),#10126,.F.);
#10144=CARTESIAN_POINT('',(-4.772970773009197,-4.772970773009194,100.0));
#10145=DIRECTION('',(0.0,0.0,-1.0));
#10146=DIRECTION('',(-0.707106781186547,0.707106781186548,0.0));
#10147=AXIS2_PLACEMENT_3D('',#10144,#10145,#10146);
#10148=CYLINDRICAL_SURFACE('',#10147,2.0);
#10149=ORIENTED_EDGE('',*,*,#2099,.F.);
#10150=ORIENTED_EDGE('',*,*,#10139,.F.);
#10151=ORIENTED_EDGE('',*,*,#5135,.F.);
#10152=ORIENTED_EDGE('',*,*,#10098,.T.);
#10153=EDGE_LOOP('',(#10149,#10150,#10151,#10152));
#10154=FACE_OUTER_BOUND('',#10153,.T.);
#10155=ADVANCED_FACE('',(#10154),#10148,.F.);
#10156=CARTESIAN_POINT('',(-17.030441927275557,-8.699999999999996,100.0));
#10157=DIRECTION('',(0.0,0.0,-1.0));
#10158=DIRECTION('',(-0.984807753012209,-0.173648177666928,0.0));
#10159=AXIS2_PLACEMENT_3D('',#10156,#10157,#10158);
#10160=CYLINDRICAL_SURFACE('',#10159,0.899999999999997);
#10161=ORIENTED_EDGE('',*,*,#628,.F.);
#10162=CARTESIAN_POINT('',(-17.916768904986540,-8.856283359900230,100.0));
#10163=DIRECTION('',(0.0,0.0,-1.0));
#10164=VECTOR('',#10163,100.0);
#10165=LINE('',#10162,#10164);
#10166=EDGE_CURVE('',#4045,#614,#10165,.T.);
#10167=ORIENTED_EDGE('',*,*,#10166,.F.);
#10168=ORIENTED_EDGE('',*,*,#4051,.F.);
#10169=CARTESIAN_POINT('',(-17.030441927275557,-9.599999999999993,100.0));
#10170=DIRECTION('',(0.0,0.0,-1.0));
#10171=VECTOR('',#10170,100.0);
#10172=LINE('',#10169,#10171);
#10173=EDGE_CURVE('',#4037,#622,#10172,.T.);
#10174=ORIENTED_EDGE('',*,*,#10173,.T.);
#10175=EDGE_LOOP('',(#10161,#10167,#10168,#10174));
#10176=FACE_OUTER_BOUND('',#10175,.T.);
#10177=ADVANCED_FACE('',(#10176),#10160,.F.);
#10178=CARTESIAN_POINT('',(-16.088163490354233,-9.599999999999994,100.0));
#10179=DIRECTION('',(0.0,-1.0,0.0));
#10180=DIRECTION('',(0.0,0.0,1.0));
#10181=AXIS2_PLACEMENT_3D('',#10178,#10179,#10180);
#10182=PLANE('',#10181);
#10183=ORIENTED_EDGE('',*,*,#636,.F.);
#10184=ORIENTED_EDGE('',*,*,#10173,.F.);
#10185=ORIENTED_EDGE('',*,*,#4042,.F.);
#10186=CARTESIAN_POINT('',(-12.333865619795851,-9.599999999999994,100.0));
#10187=DIRECTION('',(0.0,0.0,-1.0));
#10188=VECTOR('',#10187,100.0);
#10189=LINE('',#10186,#10188);
#10190=EDGE_CURVE('',#4028,#631,#10189,.T.);
#10191=ORIENTED_EDGE('',*,*,#10190,.T.);
#10192=EDGE_LOOP('',(#10183,#10184,#10185,#10191));
#10193=FACE_OUTER_BOUND('',#10192,.T.);
#10194=ADVANCED_FACE('',(#10193),#10182,.F.);
#10195=CARTESIAN_POINT('',(-12.333865619795850,-6.599999999999985,100.0));
#10196=DIRECTION('',(0.0,0.0,-1.0));
#10197=DIRECTION('',(0.0,-1.0,0.0));
#10198=AXIS2_PLACEMENT_3D('',#10195,#10196,#10197);
#10199=CYLINDRICAL_SURFACE('',#10198,2.999999999999987);
#10200=ORIENTED_EDGE('',*,*,#645,.F.);
#10201=ORIENTED_EDGE('',*,*,#10190,.F.);
#10202=ORIENTED_EDGE('',*,*,#4034,.F.);
#10203=CARTESIAN_POINT('',(-10.212545276236202,-8.721320343559635,100.0));
#10204=DIRECTION('',(0.0,0.0,-1.0));
#10205=VECTOR('',#10204,100.0);
#10206=LINE('',#10203,#10205);
#10207=EDGE_CURVE('',#4020,#639,#10206,.T.);
#10208=ORIENTED_EDGE('',*,*,#10207,.T.);
#10209=EDGE_LOOP('',(#10200,#10201,#10202,#10208));
#10210=FACE_OUTER_BOUND('',#10209,.T.);
#10211=ADVANCED_FACE('',(#10210),#10199,.F.);
#10212=CARTESIAN_POINT('',(-10.212545276236202,-8.721320343559635,100.0));
#10213=DIRECTION('',(0.707106781186547,-0.707106781186548,0.0));
#10214=DIRECTION('',(0.0,0.0,1.0));
#10215=AXIS2_PLACEMENT_3D('',#10212,#10213,#10214);
#10216=PLANE('',#10215);
#10217=ORIENTED_EDGE('',*,*,#653,.F.);
#10218=ORIENTED_EDGE('',*,*,#10207,.F.);
#10219=ORIENTED_EDGE('',*,*,#4025,.F.);
#10220=CARTESIAN_POINT('',(-9.678679656440357,-8.187454723763791,100.0));
#10221=DIRECTION('',(0.0,0.0,-1.0));
#10222=VECTOR('',#10221,100.0);
#10223=LINE('',#10220,#10222);
#10224=EDGE_CURVE('',#4011,#648,#10223,.T.);
#10225=ORIENTED_EDGE('',*,*,#10224,.T.);
#10226=EDGE_LOOP('',(#10217,#10218,#10219,#10225));
#10227=FACE_OUTER_BOUND('',#10226,.T.);
#10228=ADVANCED_FACE('',(#10227),#10216,.F.);
#10229=CARTESIAN_POINT('',(-11.800000000000006,-6.066134380204141,100.0));
#10230=DIRECTION('',(0.0,0.0,-1.0));
#10231=DIRECTION('',(0.707106781186547,-0.707106781186548,0.0));
#10232=AXIS2_PLACEMENT_3D('',#10229,#10230,#10231);
#10233=CYLINDRICAL_SURFACE('',#10232,3.000000000000010);
#10234=ORIENTED_EDGE('',*,*,#662,.F.);
#10235=ORIENTED_EDGE('',*,*,#10224,.F.);
#10236=ORIENTED_EDGE('',*,*,#4017,.F.);
#10237=CARTESIAN_POINT('',(-8.799999999999997,-6.066134380204144,100.0));
#10238=DIRECTION('',(0.0,0.0,-1.0));
#10239=VECTOR('',#10238,100.0);
#10240=LINE('',#10237,#10239);
#10241=EDGE_CURVE('',#4003,#656,#10240,.T.);
#10242=ORIENTED_EDGE('',*,*,#10241,.T.);
#10243=EDGE_LOOP('',(#10234,#10235,#10236,#10242));
#10244=FACE_OUTER_BOUND('',#10243,.T.);
#10245=ADVANCED_FACE('',(#10244),#10233,.F.);
#10246=CARTESIAN_POINT('',(-15.999999999999998,-4.249999999999990,100.0));
#10247=DIRECTION('',(-1.0,0.0,0.0));
#10248=DIRECTION('',(0.0,0.0,1.0));
#10249=AXIS2_PLACEMENT_3D('',#10246,#10247,#10248);
#10250=PLANE('',#10249);
#10251=ORIENTED_EDGE('',*,*,#594,.F.);
#10252=ORIENTED_EDGE('',*,*,#9572,.F.);
#10253=ORIENTED_EDGE('',*,*,#4084,.F.);
#10254=CARTESIAN_POINT('',(-15.999999999999998,-7.249999999999991,100.0));
#10255=DIRECTION('',(0.0,0.0,-1.0));
#10256=VECTOR('',#10255,100.0);
#10257=LINE('',#10254,#10256);
#10258=EDGE_CURVE('',#4071,#589,#10257,.T.);
#10259=ORIENTED_EDGE('',*,*,#10258,.T.);
#10260=EDGE_LOOP('',(#10251,#10252,#10253,#10259));
#10261=FACE_OUTER_BOUND('',#10260,.T.);
#10262=ADVANCED_FACE('',(#10261),#10250,.F.);
#10263=CARTESIAN_POINT('',(-15.999999999999998,-7.249999999999991,100.0));
#10264=DIRECTION('',(0.0,1.0,0.0));
#10265=DIRECTION('',(0.0,0.0,-1.0));
#10266=AXIS2_PLACEMENT_3D('',#10263,#10264,#10265);
#10267=PLANE('',#10266);
#10268=ORIENTED_EDGE('',*,*,#602,.F.);
#10269=ORIENTED_EDGE('',*,*,#10258,.F.);
#10270=ORIENTED_EDGE('',*,*,#4076,.F.);
#10271=CARTESIAN_POINT('',(-17.604123203702891,-7.249999999999991,100.0));
#10272=DIRECTION('',(0.0,0.0,-1.0));
#10273=VECTOR('',#10272,100.0);
#10274=LINE('',#10271,#10273);
#10275=EDGE_CURVE('',#4062,#597,#10274,.T.);
#10276=ORIENTED_EDGE('',*,*,#10275,.T.);
#10277=EDGE_LOOP('',(#10268,#10269,#10270,#10276));
#10278=FACE_OUTER_BOUND('',#10277,.T.);
#10279=ADVANCED_FACE('',(#10278),#10267,.F.);
#10280=CARTESIAN_POINT('',(-17.604123203702891,-7.749999999999991,100.0));
#10281=DIRECTION('',(0.0,0.0,-1.0));
#10282=DIRECTION('',(0.0,1.0,0.0));
#10283=AXIS2_PLACEMENT_3D('',#10280,#10281,#10282);
#10284=CYLINDRICAL_SURFACE('',#10283,0.500000000000000);
#10285=ORIENTED_EDGE('',*,*,#611,.F.);
#10286=ORIENTED_EDGE('',*,*,#10275,.F.);
#10287=ORIENTED_EDGE('',*,*,#4068,.F.);
#10288=CARTESIAN_POINT('',(-18.096527080208993,-7.836824088833456,100.0));
#10289=DIRECTION('',(0.0,0.0,-1.0));
#10290=VECTOR('',#10289,100.0);
#10291=LINE('',#10288,#10290);
#10292=EDGE_CURVE('',#4054,#605,#10291,.T.);
#10293=ORIENTED_EDGE('',*,*,#10292,.T.);
#10294=EDGE_LOOP('',(#10285,#10286,#10287,#10293));
#10295=FACE_OUTER_BOUND('',#10294,.T.);
#10296=ADVANCED_FACE('',(#10295),#10284,.F.);
#10297=CARTESIAN_POINT('',(-18.096527080208993,-7.836824088833456,100.0));
#10298=DIRECTION('',(-0.984807753012209,-0.173648177666925,0.0));
#10299=DIRECTION('',(0.0,0.0,1.0));
#10300=AXIS2_PLACEMENT_3D('',#10297,#10298,#10299);
#10301=PLANE('',#10300);
#10302=ORIENTED_EDGE('',*,*,#619,.F.);
#10303=ORIENTED_EDGE('',*,*,#10292,.F.);
#10304=ORIENTED_EDGE('',*,*,#4059,.F.);
#10305=ORIENTED_EDGE('',*,*,#10166,.T.);
#10306=EDGE_LOOP('',(#10302,#10303,#10304,#10305));
#10307=FACE_OUTER_BOUND('',#10306,.T.);
#10308=ADVANCED_FACE('',(#10307),#10301,.F.);
#10309=CARTESIAN_POINT('',(9.618917E-016,-19.999999999999993,0.0));
#10310=DIRECTION('',(0.0,-1.0,0.0));
#10311=DIRECTION('',(0.0,0.0,1.0));
#10312=AXIS2_PLACEMENT_3D('',#10309,#10310,#10311);
#10313=PLANE('',#10312);
#10314=ORIENTED_EDGE('',*,*,#90,.F.);
#10315=ORIENTED_EDGE('',*,*,#4523,.T.);
#10316=ORIENTED_EDGE('',*,*,#7531,.F.);
#10317=ORIENTED_EDGE('',*,*,#153,.T.);
#10318=EDGE_LOOP('',(#10314,#10315,#10316,#10317));
#10319=FACE_OUTER_BOUND('',#10318,.T.);
#10320=ADVANCED_FACE('',(#10319),#10313,.T.);
#10321=CARTESIAN_POINT('',(9.618917E-016,-19.999999999999993,0.0));
#10322=DIRECTION('',(0.0,-1.0,0.0));
#10323=DIRECTION('',(0.0,0.0,1.0));
#10324=AXIS2_PLACEMENT_3D('',#10321,#10322,#10323);
#10325=PLANE('',#10324);
#10326=ORIENTED_EDGE('',*,*,#5614,.F.);
#10327=ORIENTED_EDGE('',*,*,#553,.T.);
#10328=ORIENTED_EDGE('',*,*,#9515,.F.);
#10329=ORIENTED_EDGE('',*,*,#4125,.T.);
#10330=EDGE_LOOP('',(#10326,#10327,#10328,#10329));
#10331=FACE_OUTER_BOUND('',#10330,.T.);
#10332=ADVANCED_FACE('',(#10331),#10325,.T.);
#10333=CARTESIAN_POINT('',(-19.499999999999989,4.749999999999996,50.0));
#10334=DIRECTION('',(-0.707106781186547,-0.707106781186548,2.884444E-017));
#10335=DIRECTION('',(0.0,0.0,1.0));
#10336=AXIS2_PLACEMENT_3D('',#10333,#10334,#10335);
#10337=PLANE('',#10336);
#10338=ORIENTED_EDGE('',*,*,#3916,.T.);
#10339=ORIENTED_EDGE('',*,*,#6127,.T.);
#10340=ORIENTED_EDGE('',*,*,#762,.T.);
#10341=CARTESIAN_POINT('',(-18.999999999999989,4.249999999999995,0.0));
#10342=DIRECTION('',(0.0,0.0,1.0));
#10343=VECTOR('',#10342,100.0);
#10344=LINE('',#10341,#10343);
#10345=EDGE_CURVE('',#749,#3911,#10344,.T.);
#10346=ORIENTED_EDGE('',*,*,#10345,.T.);
#10347=EDGE_LOOP('',(#10338,#10339,#10340,#10346));
#10348=FACE_OUTER_BOUND('',#10347,.T.);
#10349=ADVANCED_FACE('',(#10348),#10337,.T.);
#10350=CARTESIAN_POINT('',(-17.030441927275554,8.700000000000005,100.0));
#10351=DIRECTION('',(4.079220E-017,4.079220E-017,1.0));
#10352=DIRECTION('',(-0.984807753012208,0.173648177666928,3.308898E-017));
#10353=AXIS2_PLACEMENT_3D('',#10350,#10351,#10352);
#10354=CYLINDRICAL_SURFACE('',#10353,0.899999999999997);
#10355=ORIENTED_EDGE('',*,*,#713,.F.);
#10356=CARTESIAN_POINT('',(-17.030441927275554,9.600000000000001,100.0));
#10357=DIRECTION('',(0.0,0.0,-1.0));
#10358=VECTOR('',#10357,100.0);
#10359=LINE('',#10356,#10358);
#10360=EDGE_CURVE('',#3960,#699,#10359,.T.);
#10361=ORIENTED_EDGE('',*,*,#10360,.F.);
#10362=ORIENTED_EDGE('',*,*,#3966,.F.);
#10363=CARTESIAN_POINT('',(-17.916768904986537,8.856283359900239,100.0));
#10364=DIRECTION('',(0.0,0.0,-1.0));
#10365=VECTOR('',#10364,100.0);
#10366=LINE('',#10363,#10365);
#10367=EDGE_CURVE('',#3952,#707,#10366,.T.);
#10368=ORIENTED_EDGE('',*,*,#10367,.T.);
#10369=EDGE_LOOP('',(#10355,#10361,#10362,#10368));
#10370=FACE_OUTER_BOUND('',#10369,.T.);
#10371=ADVANCED_FACE('',(#10370),#10354,.F.);
#10372=CARTESIAN_POINT('',(-16.088163490354226,9.600000000000001,100.0));
#10373=DIRECTION('',(0.0,-1.0,0.0));
#10374=DIRECTION('',(0.0,0.0,1.0));
#10375=AXIS2_PLACEMENT_3D('',#10372,#10373,#10374);
#10376=PLANE('',#10375);
#10377=ORIENTED_EDGE('',*,*,#704,.F.);
#10378=CARTESIAN_POINT('',(-12.333865619795848,9.600000000000001,100.0));
#10379=DIRECTION('',(0.0,0.0,-1.0));
#10380=VECTOR('',#10379,100.0);
#10381=LINE('',#10378,#10380);
#10382=EDGE_CURVE('',#3969,#690,#10381,.T.);
#10383=ORIENTED_EDGE('',*,*,#10382,.F.);
#10384=ORIENTED_EDGE('',*,*,#3974,.F.);
#10385=ORIENTED_EDGE('',*,*,#10360,.T.);
#10386=EDGE_LOOP('',(#10377,#10383,#10384,#10385));
#10387=FACE_OUTER_BOUND('',#10386,.T.);
#10388=ADVANCED_FACE('',(#10387),#10376,.T.);
#10389=CARTESIAN_POINT('',(-12.333865619795848,6.599999999999992,100.0));
#10390=DIRECTION('',(4.079220E-017,4.079220E-017,1.0));
#10391=DIRECTION('',(0.0,1.0,0.0));
#10392=AXIS2_PLACEMENT_3D('',#10389,#10390,#10391);
#10393=CYLINDRICAL_SURFACE('',#10392,2.999999999999987);
#10394=ORIENTED_EDGE('',*,*,#696,.F.);
#10395=CARTESIAN_POINT('',(-10.212545276236199,8.721320343559640,100.0));
#10396=DIRECTION('',(0.0,0.0,-1.0));
#10397=VECTOR('',#10396,100.0);
#10398=LINE('',#10395,#10397);
#10399=EDGE_CURVE('',#3977,#682,#10398,.T.);
#10400=ORIENTED_EDGE('',*,*,#10399,.F.);
#10401=ORIENTED_EDGE('',*,*,#3983,.F.);
#10402=ORIENTED_EDGE('',*,*,#10382,.T.);
#10403=EDGE_LOOP('',(#10394,#10400,#10401,#10402));
#10404=FACE_OUTER_BOUND('',#10403,.T.);
#10405=ADVANCED_FACE('',(#10404),#10393,.F.);
#10406=CARTESIAN_POINT('',(-10.212545276236199,8.721320343559640,100.0));
#10407=DIRECTION('',(-0.707106781186547,-0.707106781186548,5.768888E-017));
#10408=DIRECTION('',(0.0,0.0,1.0));
#10409=AXIS2_PLACEMENT_3D('',#10406,#10407,#10408);
#10410=PLANE('',#10409);
#10411=ORIENTED_EDGE('',*,*,#687,.F.);
#10412=CARTESIAN_POINT('',(-9.678679656440355,8.187454723763796,100.0));
#10413=DIRECTION('',(0.0,0.0,-1.0));
#10414=VECTOR('',#10413,100.0);
#10415=LINE('',#10412,#10414);
#10416=EDGE_CURVE('',#3986,#673,#10415,.T.);
#10417=ORIENTED_EDGE('',*,*,#10416,.F.);
#10418=ORIENTED_EDGE('',*,*,#3991,.F.);
#10419=ORIENTED_EDGE('',*,*,#10399,.T.);
#10420=EDGE_LOOP('',(#10411,#10417,#10418,#10419));
#10421=FACE_OUTER_BOUND('',#10420,.T.);
#10422=ADVANCED_FACE('',(#10421),#10410,.T.);
#10423=CARTESIAN_POINT('',(-11.800000000000004,6.066134380204148,100.0));
#10424=DIRECTION('',(4.079220E-017,4.079220E-017,1.0));
#10425=DIRECTION('',(0.707106781186548,0.707106781186547,-5.768888E-017));
#10426=AXIS2_PLACEMENT_3D('',#10423,#10424,#10425);
#10427=CYLINDRICAL_SURFACE('',#10426,3.000000000000010);
#10428=ORIENTED_EDGE('',*,*,#679,.F.);
#10429=CARTESIAN_POINT('',(-8.799999999999994,6.066134380204148,100.0));
#10430=DIRECTION('',(0.0,0.0,-1.0));
#10431=VECTOR('',#10430,100.0);
#10432=LINE('',#10429,#10431);
#10433=EDGE_CURVE('',#3994,#665,#10432,.T.);
#10434=ORIENTED_EDGE('',*,*,#10433,.F.);
#10435=ORIENTED_EDGE('',*,*,#4000,.F.);
#10436=ORIENTED_EDGE('',*,*,#10416,.T.);
#10437=EDGE_LOOP('',(#10428,#10434,#10435,#10436));
#10438=FACE_OUTER_BOUND('',#10437,.T.);
#10439=ADVANCED_FACE('',(#10438),#10427,.F.);
#10440=CARTESIAN_POINT('',(-8.799999999999994,6.066134380204148,100.0));
#10441=DIRECTION('',(-1.0,0.0,0.0));
#10442=DIRECTION('',(0.0,0.0,-1.0));
#10443=AXIS2_PLACEMENT_3D('',#10440,#10441,#10442);
#10444=PLANE('',#10443);
#10445=ORIENTED_EDGE('',*,*,#670,.F.);
#10446=ORIENTED_EDGE('',*,*,#10241,.F.);
#10447=ORIENTED_EDGE('',*,*,#4008,.F.);
#10448=ORIENTED_EDGE('',*,*,#10433,.T.);
#10449=EDGE_LOOP('',(#10445,#10446,#10447,#10448));
#10450=FACE_OUTER_BOUND('',#10449,.T.);
#10451=ADVANCED_FACE('',(#10450),#10444,.T.);
#10452=CARTESIAN_POINT('',(-19.999999999999996,4.249999999999998,100.0));
#10453=DIRECTION('',(0.0,-1.0,0.0));
#10454=DIRECTION('',(0.0,0.0,1.0));
#10455=AXIS2_PLACEMENT_3D('',#10452,#10453,#10454);
#10456=PLANE('',#10455);
#10457=ORIENTED_EDGE('',*,*,#10345,.F.);
#10458=ORIENTED_EDGE('',*,*,#754,.F.);
#10459=CARTESIAN_POINT('',(-15.999999999999996,4.249999999999998,100.0));
#10460=DIRECTION('',(0.0,0.0,-1.0));
#10461=VECTOR('',#10460,100.0);
#10462=LINE('',#10459,#10461);
#10463=EDGE_CURVE('',#3919,#741,#10462,.T.);
#10464=ORIENTED_EDGE('',*,*,#10463,.F.);
#10465=ORIENTED_EDGE('',*,*,#3924,.F.);
#10466=EDGE_LOOP('',(#10457,#10458,#10464,#10465));
#10467=FACE_OUTER_BOUND('',#10466,.T.);
#10468=ADVANCED_FACE('',(#10467),#10456,.T.);
#10469=CARTESIAN_POINT('',(-15.999999999999996,4.249999999999998,100.0));
#10470=DIRECTION('',(1.0,0.0,0.0));
#10471=DIRECTION('',(0.0,0.0,1.0));
#10472=AXIS2_PLACEMENT_3D('',#10469,#10470,#10471);
#10473=PLANE('',#10472);
#10474=ORIENTED_EDGE('',*,*,#746,.F.);
#10475=CARTESIAN_POINT('',(-15.999999999999996,7.249999999999998,100.0));
#10476=DIRECTION('',(0.0,0.0,-1.0));
#10477=VECTOR('',#10476,100.0);
#10478=LINE('',#10475,#10477);
#10479=EDGE_CURVE('',#3927,#733,#10478,.T.);
#10480=ORIENTED_EDGE('',*,*,#10479,.F.);
#10481=ORIENTED_EDGE('',*,*,#3932,.F.);
#10482=ORIENTED_EDGE('',*,*,#10463,.T.);
#10483=EDGE_LOOP('',(#10474,#10480,#10481,#10482));
#10484=FACE_OUTER_BOUND('',#10483,.T.);
#10485=ADVANCED_FACE('',(#10484),#10473,.T.);
#10486=CARTESIAN_POINT('',(-15.999999999999996,7.249999999999998,100.0));
#10487=DIRECTION('',(0.0,1.0,0.0));
#10488=DIRECTION('',(0.0,0.0,-1.0));
#10489=AXIS2_PLACEMENT_3D('',#10486,#10487,#10488);
#10490=PLANE('',#10489);
#10491=ORIENTED_EDGE('',*,*,#738,.F.);
#10492=CARTESIAN_POINT('',(-17.604123203702887,7.250000000000000,100.0));
#10493=DIRECTION('',(0.0,0.0,-1.0));
#10494=VECTOR('',#10493,100.0);
#10495=LINE('',#10492,#10494);
#10496=EDGE_CURVE('',#3935,#724,#10495,.T.);
#10497=ORIENTED_EDGE('',*,*,#10496,.F.);
#10498=ORIENTED_EDGE('',*,*,#3940,.F.);
#10499=ORIENTED_EDGE('',*,*,#10479,.T.);
#10500=EDGE_LOOP('',(#10491,#10497,#10498,#10499));
#10501=FACE_OUTER_BOUND('',#10500,.T.);
#10502=ADVANCED_FACE('',(#10501),#10490,.T.);
#10503=CARTESIAN_POINT('',(-17.604123203702887,7.750000000000000,100.0));
#10504=DIRECTION('',(4.079220E-017,4.079220E-017,1.0));
#10505=DIRECTION('',(0.0,-1.0,0.0));
#10506=AXIS2_PLACEMENT_3D('',#10503,#10504,#10505);
#10507=CYLINDRICAL_SURFACE('',#10506,0.500000000000000);
#10508=ORIENTED_EDGE('',*,*,#730,.F.);
#10509=CARTESIAN_POINT('',(-18.096527080208990,7.836824088833465,100.0));
#10510=DIRECTION('',(0.0,0.0,-1.0));
#10511=VECTOR('',#10510,100.0);
#10512=LINE('',#10509,#10511);
#10513=EDGE_CURVE('',#3943,#716,#10512,.T.);
#10514=ORIENTED_EDGE('',*,*,#10513,.F.);
#10515=ORIENTED_EDGE('',*,*,#3949,.F.);
#10516=ORIENTED_EDGE('',*,*,#10496,.T.);
#10517=EDGE_LOOP('',(#10508,#10514,#10515,#10516));
#10518=FACE_OUTER_BOUND('',#10517,.T.);
#10519=ADVANCED_FACE('',(#10518),#10507,.F.);
#10520=CARTESIAN_POINT('',(-18.096527080208990,7.836824088833465,100.0));
#10521=DIRECTION('',(0.984807753012209,-0.173648177666925,-3.308898E-017));
#10522=DIRECTION('',(0.0,0.0,1.0));
#10523=AXIS2_PLACEMENT_3D('',#10520,#10521,#10522);
#10524=PLANE('',#10523);
#10525=ORIENTED_EDGE('',*,*,#721,.F.);
#10526=ORIENTED_EDGE('',*,*,#10367,.F.);
#10527=ORIENTED_EDGE('',*,*,#3957,.F.);
#10528=ORIENTED_EDGE('',*,*,#10513,.T.);
#10529=EDGE_LOOP('',(#10525,#10526,#10527,#10528));
#10530=FACE_OUTER_BOUND('',#10529,.T.);
#10531=ADVANCED_FACE('',(#10530),#10524,.T.);
#10532=CARTESIAN_POINT('',(-6.187184335382292,3.358757210636101,100.0));
#10533=DIRECTION('',(-0.707106781186548,-0.707106781186548,0.0));
#10534=DIRECTION('',(0.0,0.0,1.0));
#10535=AXIS2_PLACEMENT_3D('',#10532,#10533,#10534);
#10536=PLANE('',#10535);
#10537=ORIENTED_EDGE('',*,*,#2073,.F.);
#10538=CARTESIAN_POINT('',(-6.187184335382292,3.358757210636101,100.0));
#10539=DIRECTION('',(0.0,0.0,-1.0));
#10540=VECTOR('',#10539,100.0);
#10541=LINE('',#10538,#10540);
#10542=EDGE_CURVE('',#5155,#2059,#10541,.T.);
#10543=ORIENTED_EDGE('',*,*,#10542,.F.);
#10544=ORIENTED_EDGE('',*,*,#5160,.F.);
#10545=CARTESIAN_POINT('',(-5.601247118484153,2.772819993737961,100.0));
#10546=DIRECTION('',(0.0,0.0,-1.0));
#10547=VECTOR('',#10546,100.0);
#10548=LINE('',#10545,#10547);
#10549=EDGE_CURVE('',#5146,#2068,#10548,.T.);
#10550=ORIENTED_EDGE('',*,*,#10549,.T.);
#10551=EDGE_LOOP('',(#10537,#10543,#10544,#10550));
#10552=FACE_OUTER_BOUND('',#10551,.T.);
#10553=ADVANCED_FACE('',(#10552),#10536,.F.);
#10554=CARTESIAN_POINT('',(0.0,0.0,100.0));
#10555=DIRECTION('',(0.0,0.0,-1.0));
#10556=DIRECTION('',(-0.896199538957464,0.443651198998074,0.0));
#10557=AXIS2_PLACEMENT_3D('',#10554,#10555,#10556);
#10558=CYLINDRICAL_SURFACE('',#10557,6.249999999999999);
#10559=ORIENTED_EDGE('',*,*,#2082,.F.);
#10560=ORIENTED_EDGE('',*,*,#10549,.F.);
#10561=ORIENTED_EDGE('',*,*,#5152,.F.);
#10562=ORIENTED_EDGE('',*,*,#10132,.T.);
#10563=EDGE_LOOP('',(#10559,#10560,#10561,#10562));
#10564=FACE_OUTER_BOUND('',#10563,.T.);
#10565=ADVANCED_FACE('',(#10564),#10558,.F.);
#10566=CARTESIAN_POINT('',(0.0,0.0,100.0));
#10567=DIRECTION('',(0.0,0.0,-1.0));
#10568=DIRECTION('',(0.0,1.0,0.0));
#10569=AXIS2_PLACEMENT_3D('',#10566,#10567,#10568);
#10570=CYLINDRICAL_SURFACE('',#10569,6.250000000000000);
#10571=ORIENTED_EDGE('',*,*,#2048,.F.);
#10572=ORIENTED_EDGE('',*,*,#9981,.F.);
#10573=ORIENTED_EDGE('',*,*,#5050,.F.);
#10574=CARTESIAN_POINT('',(-2.772819993737961,5.601247118484151,100.0));
#10575=DIRECTION('',(0.0,0.0,-1.0));
#10576=VECTOR('',#10575,100.0);
#10577=LINE('',#10574,#10576);
#10578=EDGE_CURVE('',#5042,#2042,#10577,.T.);
#10579=ORIENTED_EDGE('',*,*,#10578,.T.);
#10580=EDGE_LOOP('',(#10571,#10572,#10573,#10579));
#10581=FACE_OUTER_BOUND('',#10580,.T.);
#10582=ADVANCED_FACE('',(#10581),#10570,.F.);
#10583=CARTESIAN_POINT('',(-2.772819993737961,5.601247118484151,100.0));
#10584=DIRECTION('',(0.707106781186548,0.707106781186548,0.0));
#10585=DIRECTION('',(0.0,0.0,-1.0));
#10586=AXIS2_PLACEMENT_3D('',#10583,#10584,#10585);
#10587=PLANE('',#10586);
#10588=ORIENTED_EDGE('',*,*,#2056,.F.);
#10589=ORIENTED_EDGE('',*,*,#10578,.F.);
#10590=ORIENTED_EDGE('',*,*,#5175,.F.);
#10591=CARTESIAN_POINT('',(-3.358757210636101,6.187184335382291,100.0));
#10592=DIRECTION('',(0.0,0.0,-1.0));
#10593=VECTOR('',#10592,100.0);
#10594=LINE('',#10591,#10593);
#10595=EDGE_CURVE('',#5163,#2051,#10594,.T.);
#10596=ORIENTED_EDGE('',*,*,#10595,.T.);
#10597=EDGE_LOOP('',(#10588,#10589,#10590,#10596));
#10598=FACE_OUTER_BOUND('',#10597,.T.);
#10599=ADVANCED_FACE('',(#10598),#10587,.F.);
#10600=CARTESIAN_POINT('',(-4.772970773009195,4.772970773009197,100.0));
#10601=DIRECTION('',(0.0,0.0,-1.0));
#10602=DIRECTION('',(0.707106781186548,0.707106781186547,0.0));
#10603=AXIS2_PLACEMENT_3D('',#10600,#10601,#10602);
#10604=CYLINDRICAL_SURFACE('',#10603,2.0);
#10605=ORIENTED_EDGE('',*,*,#2065,.F.);
#10606=ORIENTED_EDGE('',*,*,#10595,.F.);
#10607=ORIENTED_EDGE('',*,*,#5169,.F.);
#10608=ORIENTED_EDGE('',*,*,#10542,.T.);
#10609=EDGE_LOOP('',(#10605,#10606,#10607,#10608));
#10610=FACE_OUTER_BOUND('',#10609,.T.);
#10611=ADVANCED_FACE('',(#10610),#10604,.F.);
#10612=CARTESIAN_POINT('',(59.499999999999972,4.749999999999987,50.0));
#10613=DIRECTION('',(0.707106781186548,-0.707106781186547,2.884444E-017));
#10614=DIRECTION('',(0.0,0.0,-1.0));
#10615=AXIS2_PLACEMENT_3D('',#10612,#10613,#10614);
#10616=PLANE('',#10615);
#10617=ORIENTED_EDGE('',*,*,#1612,.T.);
#10618=CARTESIAN_POINT('',(59.999999999999972,5.249999999999984,0.0));
#10619=DIRECTION('',(0.0,0.0,1.0));
#10620=VECTOR('',#10619,100.0);
#10621=LINE('',#10618,#10620);
#10622=EDGE_CURVE('',#1599,#3078,#10621,.T.);
#10623=ORIENTED_EDGE('',*,*,#10622,.T.);
#10624=ORIENTED_EDGE('',*,*,#3083,.T.);
#10625=CARTESIAN_POINT('',(58.999999999999979,4.249999999999989,100.0));
#10626=DIRECTION('',(0.0,0.0,-1.0));
#10627=VECTOR('',#10626,100.0);
#10628=LINE('',#10625,#10627);
#10629=EDGE_CURVE('',#3070,#1607,#10628,.T.);
#10630=ORIENTED_EDGE('',*,*,#10629,.T.);
#10631=EDGE_LOOP('',(#10617,#10623,#10624,#10630));
#10632=FACE_OUTER_BOUND('',#10631,.T.);
#10633=ADVANCED_FACE('',(#10632),#10616,.T.);
#10634=CARTESIAN_POINT('',(59.999999999999986,4.249999999999989,100.0));
#10635=DIRECTION('',(0.0,1.0,0.0));
#10636=DIRECTION('',(0.0,0.0,1.0));
#10637=AXIS2_PLACEMENT_3D('',#10634,#10635,#10636);
#10638=PLANE('',#10637);
#10639=ORIENTED_EDGE('',*,*,#10629,.F.);
#10640=ORIENTED_EDGE('',*,*,#3075,.F.);
#10641=CARTESIAN_POINT('',(55.999999999999979,4.249999999999989,100.0));
#10642=DIRECTION('',(0.0,0.0,-1.0));
#10643=VECTOR('',#10642,100.0);
#10644=LINE('',#10641,#10643);
#10645=EDGE_CURVE('',#3062,#1615,#10644,.T.);
#10646=ORIENTED_EDGE('',*,*,#10645,.T.);
#10647=ORIENTED_EDGE('',*,*,#1620,.F.);
#10648=EDGE_LOOP('',(#10639,#10640,#10646,#10647));
#10649=FACE_OUTER_BOUND('',#10648,.T.);
#10650=ADVANCED_FACE('',(#10649),#10638,.F.);
#10651=CARTESIAN_POINT('',(57.030441927275533,8.699999999999996,100.0));
#10652=DIRECTION('',(4.079220E-017,-4.079220E-017,-1.0));
#10653=DIRECTION('',(0.984807753012208,0.173648177666928,3.308898E-017));
#10654=AXIS2_PLACEMENT_3D('',#10651,#10652,#10653);
#10655=CYLINDRICAL_SURFACE('',#10654,0.899999999999997);
#10656=ORIENTED_EDGE('',*,*,#1662,.F.);
#10657=CARTESIAN_POINT('',(57.916768904986526,8.856283359900230,100.0));
#10658=DIRECTION('',(0.0,0.0,-1.0));
#10659=VECTOR('',#10658,100.0);
#10660=LINE('',#10657,#10659);
#10661=EDGE_CURVE('',#3028,#1648,#10660,.T.);
#10662=ORIENTED_EDGE('',*,*,#10661,.F.);
#10663=ORIENTED_EDGE('',*,*,#3034,.F.);
#10664=CARTESIAN_POINT('',(57.030441927275533,9.599999999999993,100.0));
#10665=DIRECTION('',(0.0,0.0,-1.0));
#10666=VECTOR('',#10665,100.0);
#10667=LINE('',#10664,#10666);
#10668=EDGE_CURVE('',#3020,#1656,#10667,.T.);
#10669=ORIENTED_EDGE('',*,*,#10668,.T.);
#10670=EDGE_LOOP('',(#10656,#10662,#10663,#10669));
#10671=FACE_OUTER_BOUND('',#10670,.T.);
#10672=ADVANCED_FACE('',(#10671),#10655,.F.);
#10673=CARTESIAN_POINT('',(56.088163490354212,9.599999999999994,100.0));
#10674=DIRECTION('',(0.0,1.0,0.0));
#10675=DIRECTION('',(0.0,0.0,1.0));
#10676=AXIS2_PLACEMENT_3D('',#10673,#10674,#10675);
#10677=PLANE('',#10676);
#10678=ORIENTED_EDGE('',*,*,#1670,.F.);
#10679=ORIENTED_EDGE('',*,*,#10668,.F.);
#10680=ORIENTED_EDGE('',*,*,#3025,.F.);
#10681=CARTESIAN_POINT('',(52.333865619795830,9.599999999999993,100.0));
#10682=DIRECTION('',(0.0,0.0,-1.0));
#10683=VECTOR('',#10682,100.0);
#10684=LINE('',#10681,#10683);
#10685=EDGE_CURVE('',#3011,#1665,#10684,.T.);
#10686=ORIENTED_EDGE('',*,*,#10685,.T.);
#10687=EDGE_LOOP('',(#10678,#10679,#10680,#10686));
#10688=FACE_OUTER_BOUND('',#10687,.T.);
#10689=ADVANCED_FACE('',(#10688),#10677,.F.);
#10690=CARTESIAN_POINT('',(52.333865619795830,6.599999999999984,100.0));
#10691=DIRECTION('',(4.079220E-017,-4.079220E-017,-1.0));
#10692=DIRECTION('',(0.0,1.0,0.0));
#10693=AXIS2_PLACEMENT_3D('',#10690,#10691,#10692);
#10694=CYLINDRICAL_SURFACE('',#10693,2.999999999999987);
#10695=ORIENTED_EDGE('',*,*,#1679,.F.);
#10696=ORIENTED_EDGE('',*,*,#10685,.F.);
#10697=ORIENTED_EDGE('',*,*,#3017,.F.);
#10698=CARTESIAN_POINT('',(50.212545276236185,8.721320343559633,100.0));
#10699=DIRECTION('',(0.0,0.0,-1.0));
#10700=VECTOR('',#10699,100.0);
#10701=LINE('',#10698,#10700);
#10702=EDGE_CURVE('',#3003,#1673,#10701,.T.);
#10703=ORIENTED_EDGE('',*,*,#10702,.T.);
#10704=EDGE_LOOP('',(#10695,#10696,#10697,#10703));
#10705=FACE_OUTER_BOUND('',#10704,.T.);
#10706=ADVANCED_FACE('',(#10705),#10694,.F.);
#10707=CARTESIAN_POINT('',(50.212545276236185,8.721320343559633,100.0));
#10708=DIRECTION('',(-0.707106781186547,0.707106781186548,-5.768888E-017));
#10709=DIRECTION('',(0.0,0.0,1.0));
#10710=AXIS2_PLACEMENT_3D('',#10707,#10708,#10709);
#10711=PLANE('',#10710);
#10712=ORIENTED_EDGE('',*,*,#1687,.F.);
#10713=ORIENTED_EDGE('',*,*,#10702,.F.);
#10714=ORIENTED_EDGE('',*,*,#3008,.F.);
#10715=CARTESIAN_POINT('',(49.678679656440337,8.187454723763789,100.0));
#10716=DIRECTION('',(0.0,0.0,-1.0));
#10717=VECTOR('',#10716,100.0);
#10718=LINE('',#10715,#10717);
#10719=EDGE_CURVE('',#2994,#1682,#10718,.T.);
#10720=ORIENTED_EDGE('',*,*,#10719,.T.);
#10721=EDGE_LOOP('',(#10712,#10713,#10714,#10720));
#10722=FACE_OUTER_BOUND('',#10721,.T.);
#10723=ADVANCED_FACE('',(#10722),#10711,.F.);
#10724=CARTESIAN_POINT('',(51.799999999999990,6.066134380204140,100.0));
#10725=DIRECTION('',(4.079220E-017,-4.079220E-017,-1.0));
#10726=DIRECTION('',(-0.707106781186548,0.707106781186548,-5.768888E-017));
#10727=AXIS2_PLACEMENT_3D('',#10724,#10725,#10726);
#10728=CYLINDRICAL_SURFACE('',#10727,3.000000000000010);
#10729=ORIENTED_EDGE('',*,*,#1696,.F.);
#10730=ORIENTED_EDGE('',*,*,#10719,.F.);
#10731=ORIENTED_EDGE('',*,*,#3000,.F.);
#10732=CARTESIAN_POINT('',(48.799999999999983,6.066134380204141,100.0));
#10733=DIRECTION('',(0.0,0.0,-1.0));
#10734=VECTOR('',#10733,100.0);
#10735=LINE('',#10732,#10734);
#10736=EDGE_CURVE('',#2986,#1690,#10735,.T.);
#10737=ORIENTED_EDGE('',*,*,#10736,.T.);
#10738=EDGE_LOOP('',(#10729,#10730,#10731,#10737));
#10739=FACE_OUTER_BOUND('',#10738,.T.);
#10740=ADVANCED_FACE('',(#10739),#10728,.F.);
#10741=CARTESIAN_POINT('',(48.799999999999983,6.066134380204141,100.0));
#10742=DIRECTION('',(-1.0,0.0,0.0));
#10743=DIRECTION('',(0.0,0.0,-1.0));
#10744=AXIS2_PLACEMENT_3D('',#10741,#10742,#10743);
#10745=PLANE('',#10744);
#10746=ORIENTED_EDGE('',*,*,#1704,.F.);
#10747=ORIENTED_EDGE('',*,*,#10736,.F.);
#10748=ORIENTED_EDGE('',*,*,#2991,.F.);
#10749=ORIENTED_EDGE('',*,*,#8255,.T.);
#10750=EDGE_LOOP('',(#10746,#10747,#10748,#10749));
#10751=FACE_OUTER_BOUND('',#10750,.T.);
#10752=ADVANCED_FACE('',(#10751),#10745,.F.);
#10753=CARTESIAN_POINT('',(55.999999999999979,4.249999999999989,100.0));
#10754=DIRECTION('',(1.0,0.0,0.0));
#10755=DIRECTION('',(0.0,0.0,1.0));
#10756=AXIS2_PLACEMENT_3D('',#10753,#10754,#10755);
#10757=PLANE('',#10756);
#10758=ORIENTED_EDGE('',*,*,#1628,.F.);
#10759=ORIENTED_EDGE('',*,*,#10645,.F.);
#10760=ORIENTED_EDGE('',*,*,#3067,.F.);
#10761=CARTESIAN_POINT('',(55.999999999999979,7.249999999999991,100.0));
#10762=DIRECTION('',(0.0,0.0,-1.0));
#10763=VECTOR('',#10762,100.0);
#10764=LINE('',#10761,#10763);
#10765=EDGE_CURVE('',#3054,#1623,#10764,.T.);
#10766=ORIENTED_EDGE('',*,*,#10765,.T.);
#10767=EDGE_LOOP('',(#10758,#10759,#10760,#10766));
#10768=FACE_OUTER_BOUND('',#10767,.T.);
#10769=ADVANCED_FACE('',(#10768),#10757,.F.);
#10770=CARTESIAN_POINT('',(55.999999999999979,7.249999999999991,100.0));
#10771=DIRECTION('',(0.0,-1.0,0.0));
#10772=DIRECTION('',(0.0,0.0,-1.0));
#10773=AXIS2_PLACEMENT_3D('',#10770,#10771,#10772);
#10774=PLANE('',#10773);
#10775=ORIENTED_EDGE('',*,*,#1636,.F.);
#10776=ORIENTED_EDGE('',*,*,#10765,.F.);
#10777=ORIENTED_EDGE('',*,*,#3059,.F.);
#10778=CARTESIAN_POINT('',(57.604123203702869,7.249999999999991,100.0));
#10779=DIRECTION('',(0.0,0.0,-1.0));
#10780=VECTOR('',#10779,100.0);
#10781=LINE('',#10778,#10780);
#10782=EDGE_CURVE('',#3045,#1631,#10781,.T.);
#10783=ORIENTED_EDGE('',*,*,#10782,.T.);
#10784=EDGE_LOOP('',(#10775,#10776,#10777,#10783));
#10785=FACE_OUTER_BOUND('',#10784,.T.);
#10786=ADVANCED_FACE('',(#10785),#10774,.F.);
#10787=CARTESIAN_POINT('',(57.604123203702869,7.749999999999991,100.0));
#10788=DIRECTION('',(4.079220E-017,-4.079220E-017,-1.0));
#10789=DIRECTION('',(0.0,-1.0,0.0));
#10790=AXIS2_PLACEMENT_3D('',#10787,#10788,#10789);
#10791=CYLINDRICAL_SURFACE('',#10790,0.500000000000000);
#10792=ORIENTED_EDGE('',*,*,#1645,.F.);
#10793=ORIENTED_EDGE('',*,*,#10782,.F.);
#10794=ORIENTED_EDGE('',*,*,#3051,.F.);
#10795=CARTESIAN_POINT('',(58.096527080208972,7.836824088833456,100.0));
#10796=DIRECTION('',(0.0,0.0,-1.0));
#10797=VECTOR('',#10796,100.0);
#10798=LINE('',#10795,#10797);
#10799=EDGE_CURVE('',#3037,#1639,#10798,.T.);
#10800=ORIENTED_EDGE('',*,*,#10799,.T.);
#10801=EDGE_LOOP('',(#10792,#10793,#10794,#10800));
#10802=FACE_OUTER_BOUND('',#10801,.T.);
#10803=ADVANCED_FACE('',(#10802),#10791,.F.);
#10804=CARTESIAN_POINT('',(58.096527080208972,7.836824088833456,100.0));
#10805=DIRECTION('',(0.984807753012209,0.173648177666925,3.308898E-017));
#10806=DIRECTION('',(0.0,0.0,1.0));
#10807=AXIS2_PLACEMENT_3D('',#10804,#10805,#10806);
#10808=PLANE('',#10807);
#10809=ORIENTED_EDGE('',*,*,#1653,.F.);
#10810=ORIENTED_EDGE('',*,*,#10799,.F.);
#10811=ORIENTED_EDGE('',*,*,#3042,.F.);
#10812=ORIENTED_EDGE('',*,*,#10661,.T.);
#10813=EDGE_LOOP('',(#10809,#10810,#10811,#10812));
#10814=FACE_OUTER_BOUND('',#10813,.T.);
#10815=ADVANCED_FACE('',(#10814),#10808,.F.);
#10816=CARTESIAN_POINT('',(59.999999999999972,-1.198371E-014,0.0));
#10817=DIRECTION('',(-1.0,0.0,0.0));
#10818=DIRECTION('',(0.0,0.0,1.0));
#10819=AXIS2_PLACEMENT_3D('',#10816,#10817,#10818);
#10820=PLANE('',#10819);
#10821=ORIENTED_EDGE('',*,*,#3091,.F.);
#10822=ORIENTED_EDGE('',*,*,#10622,.F.);
#10823=ORIENTED_EDGE('',*,*,#1604,.F.);
#10824=ORIENTED_EDGE('',*,*,#7208,.F.);
#10825=EDGE_LOOP('',(#10821,#10822,#10823,#10824));
#10826=FACE_OUTER_BOUND('',#10825,.T.);
#10827=ADVANCED_FACE('',(#10826),#10820,.F.);
#10828=CARTESIAN_POINT('',(46.187184335382277,3.358757210636094,100.0));
#10829=DIRECTION('',(-0.707106781186547,0.707106781186548,0.0));
#10830=DIRECTION('',(0.0,0.0,1.0));
#10831=AXIS2_PLACEMENT_3D('',#10828,#10829,#10830);
#10832=PLANE('',#10831);
#10833=ORIENTED_EDGE('',*,*,#2502,.F.);
#10834=CARTESIAN_POINT('',(45.601247118484132,2.772819993737956,100.0));
#10835=DIRECTION('',(0.0,0.0,-1.0));
#10836=VECTOR('',#10835,100.0);
#10837=LINE('',#10834,#10836);
#10838=EDGE_CURVE('',#5414,#2488,#10837,.T.);
#10839=ORIENTED_EDGE('',*,*,#10838,.F.);
#10840=ORIENTED_EDGE('',*,*,#5419,.F.);
#10841=CARTESIAN_POINT('',(46.187184335382277,3.358757210636094,100.0));
#10842=DIRECTION('',(0.0,0.0,-1.0));
#10843=VECTOR('',#10842,100.0);
#10844=LINE('',#10841,#10843);
#10845=EDGE_CURVE('',#5405,#2497,#10844,.T.);
#10846=ORIENTED_EDGE('',*,*,#10845,.T.);
#10847=EDGE_LOOP('',(#10833,#10839,#10840,#10846));
#10848=FACE_OUTER_BOUND('',#10847,.T.);
#10849=ADVANCED_FACE('',(#10848),#10832,.T.);
#10850=CARTESIAN_POINT('',(39.999999999999986,-4.898587E-015,100.0));
#10851=DIRECTION('',(0.0,0.0,1.0));
#10852=DIRECTION('',(0.896199538957464,0.443651198998074,0.0));
#10853=AXIS2_PLACEMENT_3D('',#10850,#10851,#10852);
#10854=CYLINDRICAL_SURFACE('',#10853,6.250000000000001);
#10855=ORIENTED_EDGE('',*,*,#2494,.F.);
#10856=ORIENTED_EDGE('',*,*,#8155,.F.);
#10857=ORIENTED_EDGE('',*,*,#5428,.F.);
#10858=ORIENTED_EDGE('',*,*,#10838,.T.);
#10859=EDGE_LOOP('',(#10855,#10856,#10857,#10858));
#10860=FACE_OUTER_BOUND('',#10859,.T.);
#10861=ADVANCED_FACE('',(#10860),#10854,.F.);
#10862=CARTESIAN_POINT('',(39.999999999999986,-4.898587E-015,100.0));
#10863=DIRECTION('',(0.0,0.0,1.0));
#10864=DIRECTION('',(0.0,1.0,0.0));
#10865=AXIS2_PLACEMENT_3D('',#10862,#10863,#10864);
#10866=CYLINDRICAL_SURFACE('',#10865,6.250000000000000);
#10867=ORIENTED_EDGE('',*,*,#2392,.F.);
#10868=CARTESIAN_POINT('',(42.772819993737947,5.601247118484146,100.0));
#10869=DIRECTION('',(0.0,0.0,-1.0));
#10870=VECTOR('',#10869,100.0);
#10871=LINE('',#10868,#10870);
#10872=EDGE_CURVE('',#5388,#2384,#10871,.T.);
#10873=ORIENTED_EDGE('',*,*,#10872,.F.);
#10874=ORIENTED_EDGE('',*,*,#5394,.F.);
#10875=ORIENTED_EDGE('',*,*,#7990,.T.);
#10876=EDGE_LOOP('',(#10867,#10873,#10874,#10875));
#10877=FACE_OUTER_BOUND('',#10876,.T.);
#10878=ADVANCED_FACE('',(#10877),#10866,.F.);
#10879=CARTESIAN_POINT('',(42.772819993737947,5.601247118484146,100.0));
#10880=DIRECTION('',(0.707106781186547,-0.707106781186548,0.0));
#10881=DIRECTION('',(0.0,0.0,-1.0));
#10882=AXIS2_PLACEMENT_3D('',#10879,#10880,#10881);
#10883=PLANE('',#10882);
#10884=ORIENTED_EDGE('',*,*,#2517,.F.);
#10885=CARTESIAN_POINT('',(43.358757210636085,6.187184335382286,100.0));
#10886=DIRECTION('',(0.0,0.0,-1.0));
#10887=VECTOR('',#10886,100.0);
#10888=LINE('',#10885,#10887);
#10889=EDGE_CURVE('',#5397,#2505,#10888,.T.);
#10890=ORIENTED_EDGE('',*,*,#10889,.F.);
#10891=ORIENTED_EDGE('',*,*,#5402,.F.);
#10892=ORIENTED_EDGE('',*,*,#10872,.T.);
#10893=EDGE_LOOP('',(#10884,#10890,#10891,#10892));
#10894=FACE_OUTER_BOUND('',#10893,.T.);
#10895=ADVANCED_FACE('',(#10894),#10883,.T.);
#10896=CARTESIAN_POINT('',(44.772970773009177,4.772970773009191,100.0));
#10897=DIRECTION('',(0.0,0.0,1.0));
#10898=DIRECTION('',(-0.707106781186548,0.707106781186548,0.0));
#10899=AXIS2_PLACEMENT_3D('',#10896,#10897,#10898);
#10900=CYLINDRICAL_SURFACE('',#10899,2.000000000000000);
#10901=ORIENTED_EDGE('',*,*,#2511,.F.);
#10902=ORIENTED_EDGE('',*,*,#10845,.F.);
#10903=ORIENTED_EDGE('',*,*,#5411,.F.);
#10904=ORIENTED_EDGE('',*,*,#10889,.T.);
#10905=EDGE_LOOP('',(#10901,#10902,#10903,#10904));
#10906=FACE_OUTER_BOUND('',#10905,.T.);
#10907=ADVANCED_FACE('',(#10906),#10900,.F.);
#10908=CARTESIAN_POINT('',(46.066134380204133,8.799999999999992,100.0));
#10909=DIRECTION('',(0.0,1.0,0.0));
#10910=DIRECTION('',(0.0,0.0,-1.0));
#10911=AXIS2_PLACEMENT_3D('',#10908,#10909,#10910);
#10912=PLANE('',#10911);
#10913=ORIENTED_EDGE('',*,*,#5726,.F.);
#10914=ORIENTED_EDGE('',*,*,#2640,.F.);
#10915=ORIENTED_EDGE('',*,*,#5940,.F.);
#10916=ORIENTED_EDGE('',*,*,#4729,.F.);
#10917=EDGE_LOOP('',(#10913,#10914,#10915,#10916));
#10918=FACE_OUTER_BOUND('',#10917,.T.);
#10919=ADVANCED_FACE('',(#10918),#10912,.T.);
#10920=CLOSED_SHELL('',(#109,#140,#2829,#2861,#2885,#5557,#5579,#5596,#5618,#5635,#5657,#5674,#5691,#5708,#5730,#5747,#5764,#5781,#5803,#5820,#5837,#5854,#5876,#5893,#5910,#5927,#5944,#5961,#5973,#5990,#6007,#6019,#6041,#6058,#6075,#6087,#6109,#6131,#6153,#6170,#6187,#6209,#6226,#6243,#6255,#6277,#6294,#6311,#6323,#6335,#6347,#6364,#6381,#6403,#6420,#6437,#6454,#6476,#6493,#6510,#6527,#6544,#6561,#6578,#6595,#6607,#6629,#6646,#6663,#6680,#6697,#6709,#6726,#6743,#6760,#6772,#6794,#6811,#6828,#6840,#6862,#6884,#6896,#6918,#6930,#6952,#6964,#6986,#6998,#7020,#7032,#7054,#7071,#7088,#7105,#7122,#7139,#7156,#7173,#7185,#7197,#7219,#7236,#7258,#7275,#7292,#7309,#7326,#7338,#7355,#7372,#7389,#7401,#7423,#7435,#7452,#7469,#7481,#7503,#7520,#7542,#7559,#7576,#7593,#7615,#7632,#7649,#7666,#7683,#7700,#7717,#7734,#7746,#7768,#7785,#7802,#7819,#7836,#7848,#7865,#7882,#7899,#7911,#7933,#7950,#7967,#7979,#8001,#8023,#8035,#8057,#8069,#8091,#8103,#8125,#8137,#8159,#8171,#8193,#8210,#8227,#8244,#8261,#8278,#8295,#8312,#8324,#8341,#8358,#8375,#8397,#8414,#8431,#8448,#8470,#8487,#8504,#8521,#8538,#8555,#8572,#8589,#8601,#8623,#8640,#8657,#8674,#8691,#8703,#8720,#8737,#8754,#8766,#8788,#8805,#8822,#8834,#8856,#8878,#8890,#8912,#8924,#8946,#8958,#8980,#8992,#9014,#9026,#9048,#9065,#9082,#9099,#9116,#9133,#9150,#9167,#9179,#9191,#9208,#9225,#9247,#9264,#9281,#9298,#9315,#9327,#9344,#9361,#9378,#9390,#9412,#9424,#9441,#9458,#9470,#9487,#9504,#9526,#9543,#9560,#9577,#9599,#9616,#9633,#9650,#9667,#9684,#9701,#9718,#9730,#9752,#9769,#9786,#9803,#9820,#9832,#9849,#9866,#9883,#9895,#9917,#9934,#9951,#9963,#9985,#10007,#10019,#10041,#10053,#10075,#10087,#10109,#10121,#10143,#10155,#10177,#10194,#10211,#10228,#10245,#10262,#10279,#10296,#10308,#10320,#10332,#10349,#10371,#10388,#10405,#10422,#10439,#10451,#10468,#10485,#10502,#10519,#10531,#10553,#10565,#10582,#10599,#10611,#10633,#10650,#10672,#10689,#10706,#10723,#10740,#10752,#10769,#10786,#10803,#10815,#10827,#10849,#10861,#10878,#10895,#10907,#10919));
#10921=MANIFOLD_SOLID_BREP('Volumenk\S\vrper1',#10920);
#10922=COLOUR_RGB('Aluminium (gleichm\X2\FFFDFFFD\X0\ig)',0.847059011459351,0.839215993881226,0.839215993881226);
#10923=FILL_AREA_STYLE_COLOUR('Aluminium (gleichm\X2\FFFDFFFD\X0\ig)',#10922);
#10924=FILL_AREA_STYLE('Aluminium (gleichm\X2\FFFDFFFD\X0\ig)',(#10923));
#10925=SURFACE_STYLE_FILL_AREA(#10924);
#10926=SURFACE_SIDE_STYLE('Aluminium (gleichm\X2\FFFDFFFD\X0\ig)',(#10925));
#10927=SURFACE_STYLE_USAGE(.BOTH.,#10926);
#10928=PRESENTATION_STYLE_ASSIGNMENT((#10927));
#10929=STYLED_ITEM('',(#10928),#10921);
#10930=MECHANICAL_DESIGN_GEOMETRIC_PRESENTATION_REPRESENTATION('',(#10929),#36);
#10931=ADVANCED_BREP_SHAPE_REPRESENTATION('ABSR',(#10921),#36);
#10932=SHAPE_REPRESENTATION_RELATIONSHIP('SRR','None',#10931,#41);
ENDSEC;
END-ISO-10303-21;
