ISO-10303-21;
HEADER;
/* Generated by software containing ST-Developer
 * from STEP Tools, Inc. (www.steptools.com) 
 */

FILE_DESCRIPTION(
/* description */ ('',
'CAx-IF Rec.Pracs.---Representation and Presentation of Product Manufa
cturing Information (PMI)---4.0---2014-10-13'),
/* implementation_level */ '2;1');

FILE_NAME(
/* name */ 'JTH Gripper.step',
/* time_stamp */ '2025-02-24T11:08:26+01:00',
/* author */ (''),
/* organization */ (''),
/* preprocessor_version */ 'ST-DEVELOPER v20',
/* originating_system */ 'Autodesk Translation Framework v13.20.0.188',

/* authorisation */ '');

FILE_SCHEMA (('AP242_MANAGED_MODEL_BASED_3D_ENGINEERING_MIM_LF { 1 0 10303 442 1 1 4 }'));
ENDSEC;

DATA;
#10=MECHANICAL_DESIGN_GEOMETRIC_PRESENTATION_REPRESENTATION('',(#48,#49,
#50,#51),#4479);
#11=ITEM_DEFINED_TRANSFORMATION($,$,#2385,#2601);
#12=ITEM_DEFINED_TRANSFORMATION($,$,#2415,#2602);
#13=ITEM_DEFINED_TRANSFORMATION($,$,#2556,#2603);
#14=(
REPRESENTATION_RELATIONSHIP($,$,#4496,#4495)
REPRESENTATION_RELATIONSHIP_WITH_TRANSFORMATION(#11)
SHAPE_REPRESENTATION_RELATIONSHIP()
);
#15=(
REPRESENTATION_RELATIONSHIP($,$,#4497,#4495)
REPRESENTATION_RELATIONSHIP_WITH_TRANSFORMATION(#12)
SHAPE_REPRESENTATION_RELATIONSHIP()
);
#16=(
REPRESENTATION_RELATIONSHIP($,$,#4498,#4495)
REPRESENTATION_RELATIONSHIP_WITH_TRANSFORMATION(#13)
SHAPE_REPRESENTATION_RELATIONSHIP()
);
#17=CONTEXT_DEPENDENT_SHAPE_REPRESENTATION(#14,#4492);
#18=CONTEXT_DEPENDENT_SHAPE_REPRESENTATION(#15,#4493);
#19=CONTEXT_DEPENDENT_SHAPE_REPRESENTATION(#16,#4494);
#20=NEXT_ASSEMBLY_USAGE_OCCURRENCE('RightWedge:1','RightWedge:1',
'RightWedge:1',#4500,#4501,'RightWedge:1');
#21=NEXT_ASSEMBLY_USAGE_OCCURRENCE('ClampBody:1','ClampBody:1',
'ClampBody:1',#4500,#4502,'ClampBody:1');
#22=NEXT_ASSEMBLY_USAGE_OCCURRENCE('LeftWedge:1','LeftWedge:1',
'LeftWedge:1',#4500,#4503,'LeftWedge:1');
#23=FACE_BOUND('',#416,.T.);
#24=FACE_BOUND('',#417,.T.);
#25=FACE_BOUND('',#418,.T.);
#26=FACE_BOUND('',#419,.T.);
#27=FACE_BOUND('',#420,.T.);
#28=FACE_BOUND('',#421,.T.);
#29=FACE_BOUND('',#433,.T.);
#30=FACE_BOUND('',#434,.T.);
#31=FACE_BOUND('',#435,.T.);
#32=FACE_BOUND('',#449,.T.);
#33=FACE_BOUND('',#450,.T.);
#34=FACE_BOUND('',#451,.T.);
#35=B_SPLINE_SURFACE_WITH_KNOTS('',3,3,((#3516,#3517,#3518,#3519,#3520,
#3521,#3522,#3523),(#3524,#3525,#3526,#3527,#3528,#3529,#3530,#3531),(#3532,
#3533,#3534,#3535,#3536,#3537,#3538,#3539),(#3540,#3541,#3542,#3543,#3544,
#3545,#3546,#3547),(#3548,#3549,#3550,#3551,#3552,#3553,#3554,#3555)),
 .UNSPECIFIED.,.F.,.F.,.F.,(4,1,4),(4,2,1,1,4),(0.,0.571428571428571,1.),
(-0.000879755848256608,0.,0.17004680755551,0.255070211333264,0.425117018888774),
 .UNSPECIFIED.);
#36=B_SPLINE_SURFACE_WITH_KNOTS('',3,3,((#3711,#3712,#3713,#3714,#3715,
#3716,#3717,#3718),(#3719,#3720,#3721,#3722,#3723,#3724,#3725,#3726),(#3727,
#3728,#3729,#3730,#3731,#3732,#3733,#3734),(#3735,#3736,#3737,#3738,#3739,
#3740,#3741,#3742),(#3743,#3744,#3745,#3746,#3747,#3748,#3749,#3750)),
 .UNSPECIFIED.,.F.,.F.,.F.,(4,1,4),(4,2,1,1,4),(0.,0.571428571428571,1.),
(-0.000879755848256608,0.,0.17004680755551,0.255070211333264,0.425117018888774),
 .UNSPECIFIED.);
#37=B_SPLINE_SURFACE_WITH_KNOTS('',3,3,((#4032,#4033,#4034,#4035,#4036,
#4037,#4038,#4039,#4040,#4041,#4042),(#4043,#4044,#4045,#4046,#4047,#4048,
#4049,#4050,#4051,#4052,#4053),(#4054,#4055,#4056,#4057,#4058,#4059,#4060,
#4061,#4062,#4063,#4064),(#4065,#4066,#4067,#4068,#4069,#4070,#4071,#4072,
#4073,#4074,#4075)),.UNSPECIFIED.,.F.,.F.,.F.,(4,4),(4,1,1,1,1,1,1,1,4),
(0.,1.),(0.,0.142857142857143,0.285714285714286,0.428571428571429,0.571428571428571,
0.642857142857143,0.857142857142857,0.964285714285714,1.),.UNSPECIFIED.);
#38=B_SPLINE_SURFACE_WITH_KNOTS('',3,3,((#4348,#4349,#4350,#4351,#4352,
#4353,#4354,#4355,#4356,#4357,#4358,#4359,#4360,#4361),(#4362,#4363,#4364,
#4365,#4366,#4367,#4368,#4369,#4370,#4371,#4372,#4373,#4374,#4375),(#4376,
#4377,#4378,#4379,#4380,#4381,#4382,#4383,#4384,#4385,#4386,#4387,#4388,
#4389),(#4390,#4391,#4392,#4393,#4394,#4395,#4396,#4397,#4398,#4399,#4400,
#4401,#4402,#4403)),.UNSPECIFIED.,.F.,.F.,.F.,(4,4),(4,2,2,2,2,2,4),(0.,
1.),(-1.63246572937987E-15,0.0666748400782237,0.138236398241757,0.221714603664044,
0.283672467778233,0.347589101414042,0.348252328162645),.UNSPECIFIED.);
#39=(
BOUNDED_CURVE()
B_SPLINE_CURVE(2,(#3460,#3461,#3462),.UNSPECIFIED.,.F.,.F.)
B_SPLINE_CURVE_WITH_KNOTS((3,3),(2.42983337735781,3.04154032520024),
 .UNSPECIFIED.)
CURVE()
GEOMETRIC_REPRESENTATION_ITEM()
RATIONAL_B_SPLINE_CURVE((1.01776390370264,1.0111179700526,1.))
REPRESENTATION_ITEM('')
);
#40=(
BOUNDED_CURVE()
B_SPLINE_CURVE(2,(#3657,#3658,#3659),.UNSPECIFIED.,.F.,.F.)
B_SPLINE_CURVE_WITH_KNOTS((3,3),(2.42983337735781,3.04154032520024),
 .UNSPECIFIED.)
CURVE()
GEOMETRIC_REPRESENTATION_ITEM()
RATIONAL_B_SPLINE_CURVE((1.01776390370264,1.0111179700526,1.))
REPRESENTATION_ITEM('')
);
#41=(
BOUNDED_CURVE()
B_SPLINE_CURVE(2,(#3963,#3964,#3965),.UNSPECIFIED.,.F.,.F.)
B_SPLINE_CURVE_WITH_KNOTS((3,3),(0.,0.440701508548712),.UNSPECIFIED.)
CURVE()
GEOMETRIC_REPRESENTATION_ITEM()
RATIONAL_B_SPLINE_CURVE((1.,1.,1.))
REPRESENTATION_ITEM('')
);
#42=SHAPE_REPRESENTATION_RELATIONSHIP('SRR','None',#4496,#45);
#43=SHAPE_REPRESENTATION_RELATIONSHIP('SRR','None',#4497,#46);
#44=SHAPE_REPRESENTATION_RELATIONSHIP('SRR','None',#4498,#47);
#45=ADVANCED_BREP_SHAPE_REPRESENTATION('',(#52),#4476);
#46=ADVANCED_BREP_SHAPE_REPRESENTATION('',(#53,#54),#4477);
#47=ADVANCED_BREP_SHAPE_REPRESENTATION('',(#55),#4478);
#48=STYLED_ITEM('',(#4519),#52);
#49=STYLED_ITEM('',(#4519),#53);
#50=STYLED_ITEM('',(#4519),#54);
#51=STYLED_ITEM('',(#4519),#55);
#52=MANIFOLD_SOLID_BREP('RightWedge',#2346);
#53=MANIFOLD_SOLID_BREP('ClampBody',#2347);
#54=MANIFOLD_SOLID_BREP('Guide',#2348);
#55=MANIFOLD_SOLID_BREP('LeftWedge',#2349);
#56=TOROIDAL_SURFACE('',#2408,7.9,2.);
#57=TOROIDAL_SURFACE('',#2436,8.,2.);
#58=TOROIDAL_SURFACE('',#2449,3.,1.);
#59=TOROIDAL_SURFACE('',#2488,8.,2.);
#60=TOROIDAL_SURFACE('',#2500,3.,1.);
#61=TOROIDAL_SURFACE('',#2585,7.9,2.);
#62=ELLIPSE('',#2402,2.44154917752292,2.);
#63=ELLIPSE('',#2404,2.82842712474619,2.);
#64=ELLIPSE('',#2406,2.82842712474619,2.);
#65=ELLIPSE('',#2430,1.4142135623731,1.);
#66=ELLIPSE('',#2443,2.92380440016308,1.);
#67=ELLIPSE('',#2465,2.92380440016308,1.);
#68=ELLIPSE('',#2480,1.4142135623731,1.);
#69=ELLIPSE('',#2561,1.06417777247591,1.);
#70=ELLIPSE('',#2562,1.03584444487401,1.);
#71=ELLIPSE('',#2564,1.06417777247591,1.);
#72=ELLIPSE('',#2565,1.03584444487401,1.);
#73=ELLIPSE('',#2571,14.0007142674936,9.9);
#74=ELLIPSE('',#2590,2.82842712474619,2.);
#75=ELLIPSE('',#2593,2.82842712474619,2.);
#76=ELLIPSE('',#2595,2.44154917752291,2.);
#77=CYLINDRICAL_SURFACE('',#2393,9.9);
#78=CYLINDRICAL_SURFACE('',#2400,2.);
#79=CYLINDRICAL_SURFACE('',#2403,2.);
#80=CYLINDRICAL_SURFACE('',#2405,2.);
#81=CYLINDRICAL_SURFACE('',#2407,2.);
#82=CYLINDRICAL_SURFACE('',#2416,38.4204922928579);
#83=CYLINDRICAL_SURFACE('',#2420,10.);
#84=CYLINDRICAL_SURFACE('',#2424,5.);
#85=CYLINDRICAL_SURFACE('',#2442,1.);
#86=CYLINDRICAL_SURFACE('',#2444,2.);
#87=CYLINDRICAL_SURFACE('',#2447,1.);
#88=CYLINDRICAL_SURFACE('',#2453,1.4);
#89=CYLINDRICAL_SURFACE('',#2457,1.4);
#90=CYLINDRICAL_SURFACE('',#2461,1.4);
#91=CYLINDRICAL_SURFACE('',#2466,38.4204922928579);
#92=CYLINDRICAL_SURFACE('',#2470,10.);
#93=CYLINDRICAL_SURFACE('',#2474,5.);
#94=CYLINDRICAL_SURFACE('',#2486,2.);
#95=CYLINDRICAL_SURFACE('',#2494,1.);
#96=CYLINDRICAL_SURFACE('',#2495,2.);
#97=CYLINDRICAL_SURFACE('',#2498,1.);
#98=CYLINDRICAL_SURFACE('',#2504,1.4);
#99=CYLINDRICAL_SURFACE('',#2508,1.4);
#100=CYLINDRICAL_SURFACE('',#2512,1.4);
#101=CYLINDRICAL_SURFACE('',#2530,5.);
#102=CYLINDRICAL_SURFACE('',#2533,5.);
#103=CYLINDRICAL_SURFACE('',#2548,1.);
#104=CYLINDRICAL_SURFACE('',#2549,1.6);
#105=CYLINDRICAL_SURFACE('',#2551,1.6);
#106=CYLINDRICAL_SURFACE('',#2553,1.6);
#107=CYLINDRICAL_SURFACE('',#2560,1.);
#108=CYLINDRICAL_SURFACE('',#2563,1.);
#109=CYLINDRICAL_SURFACE('',#2572,9.9);
#110=CYLINDRICAL_SURFACE('',#2589,2.);
#111=CYLINDRICAL_SURFACE('',#2592,2.);
#112=CYLINDRICAL_SURFACE('',#2594,2.);
#113=CYLINDRICAL_SURFACE('',#2596,2.);
#114=CIRCLE('',#2391,9.40000000000001);
#115=CIRCLE('',#2392,9.9);
#116=CIRCLE('',#2394,9.9);
#117=CIRCLE('',#2401,2.);
#118=CIRCLE('',#2409,7.9);
#119=CIRCLE('',#2417,38.4204922928579);
#120=CIRCLE('',#2418,38.4204922928579);
#121=CIRCLE('',#2421,10.);
#122=CIRCLE('',#2422,10.);
#123=CIRCLE('',#2425,5.);
#124=CIRCLE('',#2426,5.);
#125=CIRCLE('',#2432,4.00000000018991);
#126=CIRCLE('',#2435,37.4204922928579);
#127=CIRCLE('',#2437,2.);
#128=CIRCLE('',#2438,8.);
#129=CIRCLE('',#2439,2.);
#130=CIRCLE('',#2441,3.);
#131=CIRCLE('',#2445,2.);
#132=CIRCLE('',#2448,1.);
#133=CIRCLE('',#2450,1.);
#134=CIRCLE('',#2452,1.4);
#135=CIRCLE('',#2454,1.4);
#136=CIRCLE('',#2456,1.4);
#137=CIRCLE('',#2458,1.4);
#138=CIRCLE('',#2460,1.4);
#139=CIRCLE('',#2462,1.4);
#140=CIRCLE('',#2467,38.4204922928579);
#141=CIRCLE('',#2468,38.4204922928579);
#142=CIRCLE('',#2471,10.);
#143=CIRCLE('',#2472,10.);
#144=CIRCLE('',#2475,5.);
#145=CIRCLE('',#2476,5.);
#146=CIRCLE('',#2482,4.00000000018991);
#147=CIRCLE('',#2485,37.4204922928579);
#148=CIRCLE('',#2487,2.);
#149=CIRCLE('',#2489,2.);
#150=CIRCLE('',#2490,8.);
#151=CIRCLE('',#2492,3.);
#152=CIRCLE('',#2496,2.);
#153=CIRCLE('',#2499,1.);
#154=CIRCLE('',#2501,1.);
#155=CIRCLE('',#2503,1.4);
#156=CIRCLE('',#2505,1.4);
#157=CIRCLE('',#2507,1.4);
#158=CIRCLE('',#2509,1.4);
#159=CIRCLE('',#2511,1.4);
#160=CIRCLE('',#2513,1.4);
#161=CIRCLE('',#2520,4.);
#162=CIRCLE('',#2521,5.);
#163=CIRCLE('',#2524,5.);
#164=CIRCLE('',#2525,4.);
#165=CIRCLE('',#2529,1.);
#166=CIRCLE('',#2531,5.);
#167=CIRCLE('',#2534,5.);
#168=CIRCLE('',#2536,1.6);
#169=CIRCLE('',#2537,1.6);
#170=CIRCLE('',#2538,1.6);
#171=CIRCLE('',#2542,1.);
#172=CIRCLE('',#2550,1.6);
#173=CIRCLE('',#2552,1.6);
#174=CIRCLE('',#2554,1.6);
#175=CIRCLE('',#2573,9.9);
#176=CIRCLE('',#2574,9.9);
#177=CIRCLE('',#2586,7.9);
#178=CIRCLE('',#2587,2.00000000000002);
#179=CONICAL_SURFACE('',#2390,9.65,0.785398163397445);
#180=CONICAL_SURFACE('',#2431,4.50000000009496,0.785398163302492);
#181=CONICAL_SURFACE('',#2434,37.9204922928579,0.785398163397449);
#182=CONICAL_SURFACE('',#2481,4.50000000009496,0.785398163302492);
#183=CONICAL_SURFACE('',#2484,37.9204922928579,0.785398163397449);
#184=CONICAL_SURFACE('',#2519,4.5,0.785398163397448);
#185=CONICAL_SURFACE('',#2523,4.5,0.785398163397448);
#186=CONICAL_SURFACE('',#2583,9.65,0.785398163397446);
#187=B_SPLINE_CURVE_WITH_KNOTS('',3,(#3296,#3297,#3298,#3299),
 .UNSPECIFIED.,.F.,.F.,(4,4),(0.,0.0776289746679424),.UNSPECIFIED.);
#188=B_SPLINE_CURVE_WITH_KNOTS('',3,(#3354,#3355,#3356,#3357,#3358,#3359,
#3360,#3361,#3362,#3363,#3364,#3365,#3366,#3367),.UNSPECIFIED.,.F.,.F.,
(4,2,2,2,2,2,4),(-0.000776643742481134,0.,0.0643191073904291,0.126667111172181,
0.210670966724246,0.28268313762131,0.349777819479345),.UNSPECIFIED.);
#189=B_SPLINE_CURVE_WITH_KNOTS('',3,(#3484,#3485,#3486,#3487,#3488,#3489,
#3490,#3491),.UNSPECIFIED.,.F.,.F.,(4,1,1,2,4),(-0.425117018888774,-0.255070211333264,
-0.17004680755551,0.,0.000879755848256608),.UNSPECIFIED.);
#190=B_SPLINE_CURVE_WITH_KNOTS('',3,(#3501,#3502,#3503,#3504,#3505,#3506,
#3507,#3508),.UNSPECIFIED.,.F.,.F.,(4,2,1,1,4),(-0.000879755848256608,0.,
0.17004680755551,0.255070211333264,0.425117018888774),.UNSPECIFIED.);
#191=B_SPLINE_CURVE_WITH_KNOTS('',3,(#3683,#3684,#3685,#3686,#3687,#3688,
#3689,#3690),.UNSPECIFIED.,.F.,.F.,(4,1,1,2,4),(-0.425117018888774,-0.255070211333264,
-0.17004680755551,0.,0.000879755848256608),.UNSPECIFIED.);
#192=B_SPLINE_CURVE_WITH_KNOTS('',3,(#3695,#3696,#3697,#3698,#3699,#3700,
#3701,#3702),.UNSPECIFIED.,.F.,.F.,(4,2,1,1,4),(-0.000879755848256608,0.,
0.17004680755551,0.255070211333264,0.425117018888774),.UNSPECIFIED.);
#193=B_SPLINE_CURVE_WITH_KNOTS('',3,(#3924,#3925,#3926,#3927,#3928,#3929,
#3930,#3931),.UNSPECIFIED.,.F.,.F.,(4,2,2,4),(0.317448516033768,0.34783438687512,
0.367129811055965,0.38642523523681),.UNSPECIFIED.);
#194=B_SPLINE_CURVE_WITH_KNOTS('',3,(#4078,#4079,#4080,#4081,#4082,#4083,
#4084,#4085,#4086,#4087,#4088,#4089,#4090,#4091,#4092,#4093,#4094,#4095,
#4096,#4097,#4098,#4099,#4100,#4101,#4102,#4103,#4104,#4105,#4106,#4107,
#4108,#4109,#4110,#4111,#4112,#4113,#4114,#4115,#4116,#4117,#4118,#4119,
#4120,#4121,#4122,#4123,#4124,#4125,#4126,#4127,#4128,#4129,#4130,#4131,
#4132,#4133,#4134,#4135,#4136,#4137,#4138,#4139,#4140,#4141,#4142,#4143,
#4144,#4145,#4146,#4147,#4148,#4149,#4150,#4151,#4152,#4153,#4154,#4155,
#4156,#4157,#4158,#4159,#4160,#4161,#4162,#4163,#4164,#4165,#4166,#4167,
#4168,#4169,#4170,#4171,#4172,#4173,#4174,#4175,#4176,#4177,#4178,#4179,
#4180,#4181,#4182,#4183,#4184,#4185,#4186,#4187,#4188,#4189,#4190,#4191,
#4192,#4193,#4194,#4195,#4196,#4197,#4198,#4199,#4200,#4201,#4202,#4203,
#4204,#4205,#4206,#4207,#4208,#4209,#4210,#4211,#4212,#4213,#4214,#4215,
#4216,#4217,#4218,#4219,#4220,#4221,#4222,#4223,#4224,#4225,#4226,#4227,
#4228,#4229,#4230,#4231),.UNSPECIFIED.,.F.,.F.,(4,3,3,3,3,3,3,3,3,3,3,3,
3,3,3,3,3,3,3,3,3,3,3,3,3,3,3,3,3,3,3,3,3,3,3,3,3,3,3,3,3,3,3,3,3,3,3,3,
3,3,3,4),(0.,0.015625,0.0316181056689901,0.0482097367595579,0.0655588324005789,
0.0839231348767019,0.103787148202106,0.126341169428936,0.157413605338351,
0.180927766226953,0.200789181933596,0.218971108464748,0.236073848810387,
0.253266014285696,0.272077717973048,0.289440781938474,0.307538176012067,
0.326600813290801,0.34807463023313,0.371231072885304,0.401979617556018,
0.425739080005546,0.446354300310695,0.465328859859118,0.483216184630484,
0.500300184245807,0.516997143777554,0.53379312421121,0.551182870848822,
0.569457083158711,0.588971398391292,0.610456599180801,0.636722889882403,
0.661094624232651,0.68227621021811,0.702133947079478,0.720750575387011,
0.738203664425323,0.754520717493719,0.771333281427091,0.788229075078119,
0.806058825864124,0.825247670086742,0.846975547362544,0.885231660521908,
0.906145456781124,0.92489688288537,0.942398176467607,0.958695011544324,
0.974486221719571,0.989648028110004,1.),.UNSPECIFIED.);
#195=B_SPLINE_CURVE_WITH_KNOTS('',3,(#4233,#4234,#4235,#4236),
 .UNSPECIFIED.,.F.,.F.,(4,4),(-1.,0.),.UNSPECIFIED.);
#196=B_SPLINE_CURVE_WITH_KNOTS('',3,(#4238,#4239,#4240,#4241,#4242,#4243,
#4244,#4245,#4246,#4247,#4248,#4249,#4250,#4251,#4252,#4253,#4254,#4255,
#4256,#4257,#4258,#4259,#4260,#4261,#4262,#4263,#4264,#4265,#4266,#4267,
#4268,#4269,#4270,#4271,#4272,#4273,#4274,#4275,#4276,#4277,#4278,#4279,
#4280,#4281,#4282,#4283,#4284,#4285,#4286,#4287,#4288,#4289,#4290,#4291,
#4292,#4293,#4294,#4295,#4296,#4297,#4298,#4299,#4300,#4301,#4302,#4303,
#4304,#4305,#4306,#4307,#4308,#4309,#4310,#4311,#4312,#4313,#4314,#4315,
#4316,#4317,#4318,#4319,#4320,#4321,#4322,#4323,#4324,#4325,#4326,#4327,
#4328,#4329,#4330,#4331,#4332,#4333,#4334,#4335,#4336,#4337,#4338,#4339,
#4340,#4341,#4342,#4343),.UNSPECIFIED.,.F.,.F.,(4,3,3,3,3,3,3,3,3,3,3,3,
3,3,3,3,3,3,3,3,3,3,3,3,3,3,3,3,3,3,3,3,3,3,3,4),(0.,0.0231861572175971,
0.0468907953380655,0.0711877038754949,0.0961761214377765,0.121995025857439,
0.149503611335757,0.17855829939362,0.209822885161735,0.244618642591368,
0.285359342810701,0.323799652137027,0.356657419343235,0.386608981684438,
0.414695430956031,0.441433591169767,0.467128253999707,0.492081977607956,
0.518900737502363,0.544154897461467,0.570336001646913,0.598391800801987,
0.628143827221542,0.660321960771083,0.696330230407518,0.735590600232767,
0.769431305606493,0.80010552788489,0.828774972932086,0.856024930368716,
0.882198117991903,0.907515113148184,0.931795211401301,0.955595608609596,
0.978717636096173,1.),.UNSPECIFIED.);
#197=B_SPLINE_CURVE_WITH_KNOTS('',3,(#4344,#4345,#4346,#4347),
 .UNSPECIFIED.,.F.,.F.,(4,4),(0.,1.),.UNSPECIFIED.);
#198=B_SPLINE_CURVE_WITH_KNOTS('',3,(#4404,#4405,#4406,#4407,#4408,#4409,
#4410,#4411,#4412,#4413,#4414,#4415,#4416,#4417),.UNSPECIFIED.,.F.,.F.,
(4,2,2,2,2,2,4),(-0.348252328162645,-0.347589101414042,-0.283672467778233,
-0.221714603664044,-0.138236398241757,-0.0666748400782237,1.63246572937987E-15),
 .UNSPECIFIED.);
#199=B_SPLINE_CURVE_WITH_KNOTS('',3,(#4418,#4419,#4420,#4421,#4422,#4423,
#4424,#4425,#4426,#4427,#4428,#4429,#4430,#4431),.UNSPECIFIED.,.F.,.F.,
(4,2,2,2,2,2,4),(-1.63246572937987E-15,0.0666748400782237,0.138236398241757,
0.221714603664044,0.283672467778233,0.347589101414042,0.348252328162645),
 .UNSPECIFIED.);
#200=FACE_OUTER_BOUND('',#337,.T.);
#201=FACE_OUTER_BOUND('',#338,.T.);
#202=FACE_OUTER_BOUND('',#339,.T.);
#203=FACE_OUTER_BOUND('',#340,.T.);
#204=FACE_OUTER_BOUND('',#341,.T.);
#205=FACE_OUTER_BOUND('',#342,.T.);
#206=FACE_OUTER_BOUND('',#343,.T.);
#207=FACE_OUTER_BOUND('',#344,.T.);
#208=FACE_OUTER_BOUND('',#345,.T.);
#209=FACE_OUTER_BOUND('',#346,.T.);
#210=FACE_OUTER_BOUND('',#347,.T.);
#211=FACE_OUTER_BOUND('',#348,.T.);
#212=FACE_OUTER_BOUND('',#349,.T.);
#213=FACE_OUTER_BOUND('',#350,.T.);
#214=FACE_OUTER_BOUND('',#351,.T.);
#215=FACE_OUTER_BOUND('',#352,.T.);
#216=FACE_OUTER_BOUND('',#353,.T.);
#217=FACE_OUTER_BOUND('',#354,.T.);
#218=FACE_OUTER_BOUND('',#355,.T.);
#219=FACE_OUTER_BOUND('',#356,.T.);
#220=FACE_OUTER_BOUND('',#357,.T.);
#221=FACE_OUTER_BOUND('',#358,.T.);
#222=FACE_OUTER_BOUND('',#359,.T.);
#223=FACE_OUTER_BOUND('',#360,.T.);
#224=FACE_OUTER_BOUND('',#361,.T.);
#225=FACE_OUTER_BOUND('',#362,.T.);
#226=FACE_OUTER_BOUND('',#363,.T.);
#227=FACE_OUTER_BOUND('',#364,.T.);
#228=FACE_OUTER_BOUND('',#365,.T.);
#229=FACE_OUTER_BOUND('',#366,.T.);
#230=FACE_OUTER_BOUND('',#367,.T.);
#231=FACE_OUTER_BOUND('',#368,.T.);
#232=FACE_OUTER_BOUND('',#369,.T.);
#233=FACE_OUTER_BOUND('',#370,.T.);
#234=FACE_OUTER_BOUND('',#371,.T.);
#235=FACE_OUTER_BOUND('',#372,.T.);
#236=FACE_OUTER_BOUND('',#373,.T.);
#237=FACE_OUTER_BOUND('',#374,.T.);
#238=FACE_OUTER_BOUND('',#375,.T.);
#239=FACE_OUTER_BOUND('',#376,.T.);
#240=FACE_OUTER_BOUND('',#377,.T.);
#241=FACE_OUTER_BOUND('',#378,.T.);
#242=FACE_OUTER_BOUND('',#379,.T.);
#243=FACE_OUTER_BOUND('',#380,.T.);
#244=FACE_OUTER_BOUND('',#381,.T.);
#245=FACE_OUTER_BOUND('',#382,.T.);
#246=FACE_OUTER_BOUND('',#383,.T.);
#247=FACE_OUTER_BOUND('',#384,.T.);
#248=FACE_OUTER_BOUND('',#385,.T.);
#249=FACE_OUTER_BOUND('',#386,.T.);
#250=FACE_OUTER_BOUND('',#387,.T.);
#251=FACE_OUTER_BOUND('',#388,.T.);
#252=FACE_OUTER_BOUND('',#389,.T.);
#253=FACE_OUTER_BOUND('',#390,.T.);
#254=FACE_OUTER_BOUND('',#391,.T.);
#255=FACE_OUTER_BOUND('',#392,.T.);
#256=FACE_OUTER_BOUND('',#393,.T.);
#257=FACE_OUTER_BOUND('',#394,.T.);
#258=FACE_OUTER_BOUND('',#395,.T.);
#259=FACE_OUTER_BOUND('',#396,.T.);
#260=FACE_OUTER_BOUND('',#397,.T.);
#261=FACE_OUTER_BOUND('',#398,.T.);
#262=FACE_OUTER_BOUND('',#399,.T.);
#263=FACE_OUTER_BOUND('',#400,.T.);
#264=FACE_OUTER_BOUND('',#401,.T.);
#265=FACE_OUTER_BOUND('',#402,.T.);
#266=FACE_OUTER_BOUND('',#403,.T.);
#267=FACE_OUTER_BOUND('',#404,.T.);
#268=FACE_OUTER_BOUND('',#405,.T.);
#269=FACE_OUTER_BOUND('',#406,.T.);
#270=FACE_OUTER_BOUND('',#407,.T.);
#271=FACE_OUTER_BOUND('',#408,.T.);
#272=FACE_OUTER_BOUND('',#409,.T.);
#273=FACE_OUTER_BOUND('',#410,.T.);
#274=FACE_OUTER_BOUND('',#411,.T.);
#275=FACE_OUTER_BOUND('',#412,.T.);
#276=FACE_OUTER_BOUND('',#413,.T.);
#277=FACE_OUTER_BOUND('',#414,.T.);
#278=FACE_OUTER_BOUND('',#415,.T.);
#279=FACE_OUTER_BOUND('',#422,.T.);
#280=FACE_OUTER_BOUND('',#423,.T.);
#281=FACE_OUTER_BOUND('',#424,.T.);
#282=FACE_OUTER_BOUND('',#425,.T.);
#283=FACE_OUTER_BOUND('',#426,.T.);
#284=FACE_OUTER_BOUND('',#427,.T.);
#285=FACE_OUTER_BOUND('',#428,.T.);
#286=FACE_OUTER_BOUND('',#429,.T.);
#287=FACE_OUTER_BOUND('',#430,.T.);
#288=FACE_OUTER_BOUND('',#431,.T.);
#289=FACE_OUTER_BOUND('',#432,.T.);
#290=FACE_OUTER_BOUND('',#436,.T.);
#291=FACE_OUTER_BOUND('',#437,.T.);
#292=FACE_OUTER_BOUND('',#438,.T.);
#293=FACE_OUTER_BOUND('',#439,.T.);
#294=FACE_OUTER_BOUND('',#440,.T.);
#295=FACE_OUTER_BOUND('',#441,.T.);
#296=FACE_OUTER_BOUND('',#442,.T.);
#297=FACE_OUTER_BOUND('',#443,.T.);
#298=FACE_OUTER_BOUND('',#444,.T.);
#299=FACE_OUTER_BOUND('',#445,.T.);
#300=FACE_OUTER_BOUND('',#446,.T.);
#301=FACE_OUTER_BOUND('',#447,.T.);
#302=FACE_OUTER_BOUND('',#448,.T.);
#303=FACE_OUTER_BOUND('',#452,.T.);
#304=FACE_OUTER_BOUND('',#453,.T.);
#305=FACE_OUTER_BOUND('',#454,.T.);
#306=FACE_OUTER_BOUND('',#455,.T.);
#307=FACE_OUTER_BOUND('',#456,.T.);
#308=FACE_OUTER_BOUND('',#457,.T.);
#309=FACE_OUTER_BOUND('',#458,.T.);
#310=FACE_OUTER_BOUND('',#459,.T.);
#311=FACE_OUTER_BOUND('',#460,.T.);
#312=FACE_OUTER_BOUND('',#461,.T.);
#313=FACE_OUTER_BOUND('',#462,.T.);
#314=FACE_OUTER_BOUND('',#463,.T.);
#315=FACE_OUTER_BOUND('',#464,.T.);
#316=FACE_OUTER_BOUND('',#465,.T.);
#317=FACE_OUTER_BOUND('',#466,.T.);
#318=FACE_OUTER_BOUND('',#467,.T.);
#319=FACE_OUTER_BOUND('',#468,.T.);
#320=FACE_OUTER_BOUND('',#469,.T.);
#321=FACE_OUTER_BOUND('',#470,.T.);
#322=FACE_OUTER_BOUND('',#471,.T.);
#323=FACE_OUTER_BOUND('',#472,.T.);
#324=FACE_OUTER_BOUND('',#473,.T.);
#325=FACE_OUTER_BOUND('',#474,.T.);
#326=FACE_OUTER_BOUND('',#475,.T.);
#327=FACE_OUTER_BOUND('',#476,.T.);
#328=FACE_OUTER_BOUND('',#477,.T.);
#329=FACE_OUTER_BOUND('',#478,.T.);
#330=FACE_OUTER_BOUND('',#479,.T.);
#331=FACE_OUTER_BOUND('',#480,.T.);
#332=FACE_OUTER_BOUND('',#481,.T.);
#333=FACE_OUTER_BOUND('',#482,.T.);
#334=FACE_OUTER_BOUND('',#483,.T.);
#335=FACE_OUTER_BOUND('',#484,.T.);
#336=FACE_OUTER_BOUND('',#485,.T.);
#337=EDGE_LOOP('',(#1475,#1476,#1477,#1478));
#338=EDGE_LOOP('',(#1479,#1480,#1481,#1482));
#339=EDGE_LOOP('',(#1483,#1484,#1485,#1486));
#340=EDGE_LOOP('',(#1487,#1488,#1489,#1490));
#341=EDGE_LOOP('',(#1491,#1492,#1493,#1494));
#342=EDGE_LOOP('',(#1495,#1496,#1497,#1498));
#343=EDGE_LOOP('',(#1499,#1500,#1501,#1502,#1503,#1504,#1505,#1506,#1507,
#1508));
#344=EDGE_LOOP('',(#1509,#1510,#1511,#1512,#1513,#1514));
#345=EDGE_LOOP('',(#1515,#1516,#1517,#1518,#1519));
#346=EDGE_LOOP('',(#1520,#1521,#1522,#1523));
#347=EDGE_LOOP('',(#1524,#1525,#1526,#1527));
#348=EDGE_LOOP('',(#1528,#1529,#1530,#1531));
#349=EDGE_LOOP('',(#1532,#1533,#1534,#1535));
#350=EDGE_LOOP('',(#1536,#1537,#1538,#1539));
#351=EDGE_LOOP('',(#1540,#1541,#1542,#1543));
#352=EDGE_LOOP('',(#1544,#1545,#1546,#1547));
#353=EDGE_LOOP('',(#1548,#1549,#1550,#1551,#1552));
#354=EDGE_LOOP('',(#1553,#1554,#1555));
#355=EDGE_LOOP('',(#1556,#1557,#1558,#1559,#1560));
#356=EDGE_LOOP('',(#1561,#1562,#1563,#1564,#1565,#1566,#1567));
#357=EDGE_LOOP('',(#1568,#1569,#1570,#1571,#1572));
#358=EDGE_LOOP('',(#1573,#1574,#1575,#1576,#1577));
#359=EDGE_LOOP('',(#1578,#1579,#1580,#1581));
#360=EDGE_LOOP('',(#1582,#1583,#1584,#1585));
#361=EDGE_LOOP('',(#1586,#1587,#1588,#1589));
#362=EDGE_LOOP('',(#1590,#1591,#1592,#1593,#1594));
#363=EDGE_LOOP('',(#1595,#1596,#1597,#1598));
#364=EDGE_LOOP('',(#1599,#1600,#1601));
#365=EDGE_LOOP('',(#1602,#1603,#1604,#1605,#1606));
#366=EDGE_LOOP('',(#1607,#1608,#1609,#1610));
#367=EDGE_LOOP('',(#1611,#1612,#1613,#1614));
#368=EDGE_LOOP('',(#1615,#1616,#1617,#1618));
#369=EDGE_LOOP('',(#1619,#1620,#1621,#1622));
#370=EDGE_LOOP('',(#1623,#1624,#1625,#1626,#1627,#1628,#1629,#1630));
#371=EDGE_LOOP('',(#1631,#1632,#1633,#1634));
#372=EDGE_LOOP('',(#1635,#1636,#1637,#1638,#1639));
#373=EDGE_LOOP('',(#1640,#1641,#1642,#1643,#1644,#1645,#1646,#1647));
#374=EDGE_LOOP('',(#1648,#1649,#1650,#1651));
#375=EDGE_LOOP('',(#1652,#1653,#1654,#1655));
#376=EDGE_LOOP('',(#1656,#1657,#1658));
#377=EDGE_LOOP('',(#1659));
#378=EDGE_LOOP('',(#1660,#1661,#1662,#1663));
#379=EDGE_LOOP('',(#1664));
#380=EDGE_LOOP('',(#1665,#1666,#1667,#1668));
#381=EDGE_LOOP('',(#1669));
#382=EDGE_LOOP('',(#1670,#1671,#1672,#1673));
#383=EDGE_LOOP('',(#1674,#1675,#1676,#1677));
#384=EDGE_LOOP('',(#1678,#1679,#1680,#1681,#1682,#1683,#1684,#1685,#1686,
#1687));
#385=EDGE_LOOP('',(#1688,#1689,#1690,#1691,#1692));
#386=EDGE_LOOP('',(#1693,#1694,#1695,#1696));
#387=EDGE_LOOP('',(#1697,#1698,#1699,#1700));
#388=EDGE_LOOP('',(#1701,#1702,#1703,#1704));
#389=EDGE_LOOP('',(#1705,#1706,#1707,#1708,#1709));
#390=EDGE_LOOP('',(#1710,#1711,#1712,#1713));
#391=EDGE_LOOP('',(#1714,#1715,#1716));
#392=EDGE_LOOP('',(#1717,#1718,#1719,#1720,#1721));
#393=EDGE_LOOP('',(#1722,#1723,#1724,#1725));
#394=EDGE_LOOP('',(#1726,#1727,#1728,#1729));
#395=EDGE_LOOP('',(#1730,#1731,#1732,#1733));
#396=EDGE_LOOP('',(#1734,#1735,#1736,#1737));
#397=EDGE_LOOP('',(#1738,#1739,#1740,#1741));
#398=EDGE_LOOP('',(#1742,#1743,#1744,#1745,#1746,#1747,#1748,#1749));
#399=EDGE_LOOP('',(#1750,#1751,#1752,#1753,#1754,#1755,#1756,#1757));
#400=EDGE_LOOP('',(#1758,#1759,#1760,#1761));
#401=EDGE_LOOP('',(#1762,#1763,#1764,#1765,#1766));
#402=EDGE_LOOP('',(#1767,#1768,#1769,#1770,#1771,#1772,#1773,#1774));
#403=EDGE_LOOP('',(#1775,#1776,#1777,#1778));
#404=EDGE_LOOP('',(#1779,#1780,#1781,#1782));
#405=EDGE_LOOP('',(#1783,#1784,#1785));
#406=EDGE_LOOP('',(#1786));
#407=EDGE_LOOP('',(#1787,#1788,#1789,#1790));
#408=EDGE_LOOP('',(#1791));
#409=EDGE_LOOP('',(#1792,#1793,#1794,#1795));
#410=EDGE_LOOP('',(#1796));
#411=EDGE_LOOP('',(#1797,#1798,#1799,#1800));
#412=EDGE_LOOP('',(#1801,#1802,#1803,#1804));
#413=EDGE_LOOP('',(#1805,#1806,#1807,#1808,#1809,#1810,#1811,#1812));
#414=EDGE_LOOP('',(#1813,#1814,#1815,#1816,#1817,#1818));
#415=EDGE_LOOP('',(#1819,#1820,#1821,#1822,#1823,#1824,#1825,#1826,#1827,
#1828,#1829,#1830,#1831,#1832,#1833,#1834));
#416=EDGE_LOOP('',(#1835));
#417=EDGE_LOOP('',(#1836));
#418=EDGE_LOOP('',(#1837));
#419=EDGE_LOOP('',(#1838));
#420=EDGE_LOOP('',(#1839));
#421=EDGE_LOOP('',(#1840));
#422=EDGE_LOOP('',(#1841,#1842,#1843,#1844));
#423=EDGE_LOOP('',(#1845,#1846,#1847,#1848));
#424=EDGE_LOOP('',(#1849,#1850,#1851,#1852));
#425=EDGE_LOOP('',(#1853,#1854,#1855,#1856));
#426=EDGE_LOOP('',(#1857,#1858,#1859,#1860));
#427=EDGE_LOOP('',(#1861,#1862,#1863,#1864));
#428=EDGE_LOOP('',(#1865,#1866,#1867,#1868,#1869,#1870,#1871));
#429=EDGE_LOOP('',(#1872,#1873,#1874,#1875));
#430=EDGE_LOOP('',(#1876,#1877,#1878,#1879));
#431=EDGE_LOOP('',(#1880,#1881,#1882,#1883));
#432=EDGE_LOOP('',(#1884,#1885,#1886,#1887,#1888,#1889));
#433=EDGE_LOOP('',(#1890));
#434=EDGE_LOOP('',(#1891));
#435=EDGE_LOOP('',(#1892));
#436=EDGE_LOOP('',(#1893,#1894,#1895,#1896));
#437=EDGE_LOOP('',(#1897,#1898,#1899,#1900));
#438=EDGE_LOOP('',(#1901,#1902,#1903,#1904,#1905,#1906,#1907));
#439=EDGE_LOOP('',(#1908,#1909,#1910,#1911));
#440=EDGE_LOOP('',(#1912,#1913,#1914,#1915));
#441=EDGE_LOOP('',(#1916,#1917,#1918,#1919));
#442=EDGE_LOOP('',(#1920,#1921,#1922,#1923));
#443=EDGE_LOOP('',(#1924,#1925,#1926,#1927));
#444=EDGE_LOOP('',(#1928,#1929,#1930,#1931));
#445=EDGE_LOOP('',(#1932,#1933,#1934,#1935));
#446=EDGE_LOOP('',(#1936,#1937,#1938,#1939));
#447=EDGE_LOOP('',(#1940,#1941,#1942,#1943));
#448=EDGE_LOOP('',(#1944,#1945,#1946,#1947,#1948,#1949));
#449=EDGE_LOOP('',(#1950));
#450=EDGE_LOOP('',(#1951));
#451=EDGE_LOOP('',(#1952));
#452=EDGE_LOOP('',(#1953,#1954,#1955,#1956));
#453=EDGE_LOOP('',(#1957,#1958,#1959,#1960));
#454=EDGE_LOOP('',(#1961,#1962,#1963,#1964));
#455=EDGE_LOOP('',(#1965,#1966,#1967,#1968));
#456=EDGE_LOOP('',(#1969,#1970,#1971,#1972,#1973));
#457=EDGE_LOOP('',(#1974,#1975,#1976,#1977));
#458=EDGE_LOOP('',(#1978,#1979,#1980,#1981));
#459=EDGE_LOOP('',(#1982,#1983,#1984,#1985));
#460=EDGE_LOOP('',(#1986,#1987,#1988,#1989));
#461=EDGE_LOOP('',(#1990,#1991,#1992,#1993,#1994,#1995));
#462=EDGE_LOOP('',(#1996,#1997,#1998,#1999,#2000,#2001,#2002));
#463=EDGE_LOOP('',(#2003,#2004,#2005,#2006,#2007,#2008,#2009,#2010,#2011,
#2012,#2013,#2014,#2015,#2016,#2017));
#464=EDGE_LOOP('',(#2018,#2019,#2020,#2021));
#465=EDGE_LOOP('',(#2022,#2023,#2024,#2025));
#466=EDGE_LOOP('',(#2026,#2027,#2028,#2029,#2030,#2031,#2032,#2033,#2034,
#2035,#2036,#2037));
#467=EDGE_LOOP('',(#2038,#2039,#2040,#2041));
#468=EDGE_LOOP('',(#2042,#2043,#2044,#2045));
#469=EDGE_LOOP('',(#2046,#2047,#2048));
#470=EDGE_LOOP('',(#2049,#2050,#2051,#2052));
#471=EDGE_LOOP('',(#2053,#2054,#2055));
#472=EDGE_LOOP('',(#2056,#2057,#2058,#2059,#2060,#2061,#2062,#2063,#2064,
#2065));
#473=EDGE_LOOP('',(#2066,#2067,#2068,#2069));
#474=EDGE_LOOP('',(#2070,#2071,#2072,#2073));
#475=EDGE_LOOP('',(#2074,#2075,#2076,#2077,#2078));
#476=EDGE_LOOP('',(#2079,#2080,#2081,#2082,#2083,#2084));
#477=EDGE_LOOP('',(#2085,#2086,#2087,#2088,#2089));
#478=EDGE_LOOP('',(#2090,#2091,#2092,#2093,#2094));
#479=EDGE_LOOP('',(#2095,#2096,#2097,#2098));
#480=EDGE_LOOP('',(#2099,#2100,#2101,#2102));
#481=EDGE_LOOP('',(#2103,#2104,#2105,#2106));
#482=EDGE_LOOP('',(#2107,#2108,#2109));
#483=EDGE_LOOP('',(#2110,#2111,#2112,#2113,#2114));
#484=EDGE_LOOP('',(#2115,#2116,#2117,#2118,#2119,#2120,#2121));
#485=EDGE_LOOP('',(#2122,#2123,#2124,#2125,#2126));
#486=LINE('',#3279,#716);
#487=LINE('',#3281,#717);
#488=LINE('',#3283,#718);
#489=LINE('',#3284,#719);
#490=LINE('',#3287,#720);
#491=LINE('',#3289,#721);
#492=LINE('',#3290,#722);
#493=LINE('',#3293,#723);
#494=LINE('',#3295,#724);
#495=LINE('',#3302,#725);
#496=LINE('',#3304,#726);
#497=LINE('',#3305,#727);
#498=LINE('',#3311,#728);
#499=LINE('',#3314,#729);
#500=LINE('',#3317,#730);
#501=LINE('',#3319,#731);
#502=LINE('',#3321,#732);
#503=LINE('',#3323,#733);
#504=LINE('',#3325,#734);
#505=LINE('',#3327,#735);
#506=LINE('',#3329,#736);
#507=LINE('',#3330,#737);
#508=LINE('',#3333,#738);
#509=LINE('',#3334,#739);
#510=LINE('',#3335,#740);
#511=LINE('',#3339,#741);
#512=LINE('',#3340,#742);
#513=LINE('',#3342,#743);
#514=LINE('',#3346,#744);
#515=LINE('',#3352,#745);
#516=LINE('',#3370,#746);
#517=LINE('',#3373,#747);
#518=LINE('',#3379,#748);
#519=LINE('',#3380,#749);
#520=LINE('',#3383,#750);
#521=LINE('',#3385,#751);
#522=LINE('',#3386,#752);
#523=LINE('',#3389,#753);
#524=LINE('',#3390,#754);
#525=LINE('',#3398,#755);
#526=LINE('',#3402,#756);
#527=LINE('',#3403,#757);
#528=LINE('',#3407,#758);
#529=LINE('',#3408,#759);
#530=LINE('',#3409,#760);
#531=LINE('',#3415,#761);
#532=LINE('',#3418,#762);
#533=LINE('',#3421,#763);
#534=LINE('',#3422,#764);
#535=LINE('',#3428,#765);
#536=LINE('',#3432,#766);
#537=LINE('',#3434,#767);
#538=LINE('',#3436,#768);
#539=LINE('',#3437,#769);
#540=LINE('',#3440,#770);
#541=LINE('',#3441,#771);
#542=LINE('',#3446,#772);
#543=LINE('',#3447,#773);
#544=LINE('',#3450,#774);
#545=LINE('',#3452,#775);
#546=LINE('',#3456,#776);
#547=LINE('',#3457,#777);
#548=LINE('',#3472,#778);
#549=LINE('',#3476,#779);
#550=LINE('',#3478,#780);
#551=LINE('',#3480,#781);
#552=LINE('',#3481,#782);
#553=LINE('',#3493,#783);
#554=LINE('',#3499,#784);
#555=LINE('',#3500,#785);
#556=LINE('',#3510,#786);
#557=LINE('',#3511,#787);
#558=LINE('',#3562,#788);
#559=LINE('',#3569,#789);
#560=LINE('',#3576,#790);
#561=LINE('',#3579,#791);
#562=LINE('',#3581,#792);
#563=LINE('',#3582,#793);
#564=LINE('',#3585,#794);
#565=LINE('',#3589,#795);
#566=LINE('',#3591,#796);
#567=LINE('',#3593,#797);
#568=LINE('',#3594,#798);
#569=LINE('',#3595,#799);
#570=LINE('',#3601,#800);
#571=LINE('',#3603,#801);
#572=LINE('',#3606,#802);
#573=LINE('',#3610,#803);
#574=LINE('',#3611,#804);
#575=LINE('',#3612,#805);
#576=LINE('',#3618,#806);
#577=LINE('',#3621,#807);
#578=LINE('',#3622,#808);
#579=LINE('',#3629,#809);
#580=LINE('',#3631,#810);
#581=LINE('',#3633,#811);
#582=LINE('',#3634,#812);
#583=LINE('',#3637,#813);
#584=LINE('',#3638,#814);
#585=LINE('',#3643,#815);
#586=LINE('',#3644,#816);
#587=LINE('',#3647,#817);
#588=LINE('',#3650,#818);
#589=LINE('',#3653,#819);
#590=LINE('',#3654,#820);
#591=LINE('',#3664,#821);
#592=LINE('',#3671,#822);
#593=LINE('',#3673,#823);
#594=LINE('',#3674,#824);
#595=LINE('',#3676,#825);
#596=LINE('',#3680,#826);
#597=LINE('',#3681,#827);
#598=LINE('',#3703,#828);
#599=LINE('',#3705,#829);
#600=LINE('',#3706,#830);
#601=LINE('',#3757,#831);
#602=LINE('',#3764,#832);
#603=LINE('',#3771,#833);
#604=LINE('',#3773,#834);
#605=LINE('',#3775,#835);
#606=LINE('',#3777,#836);
#607=LINE('',#3782,#837);
#608=LINE('',#3784,#838);
#609=LINE('',#3786,#839);
#610=LINE('',#3787,#840);
#611=LINE('',#3791,#841);
#612=LINE('',#3797,#842);
#613=LINE('',#3798,#843);
#614=LINE('',#3799,#844);
#615=LINE('',#3803,#845);
#616=LINE('',#3809,#846);
#617=LINE('',#3810,#847);
#618=LINE('',#3811,#848);
#619=LINE('',#3813,#849);
#620=LINE('',#3814,#850);
#621=LINE('',#3817,#851);
#622=LINE('',#3819,#852);
#623=LINE('',#3823,#853);
#624=LINE('',#3825,#854);
#625=LINE('',#3826,#855);
#626=LINE('',#3829,#856);
#627=LINE('',#3833,#857);
#628=LINE('',#3834,#858);
#629=LINE('',#3837,#859);
#630=LINE('',#3849,#860);
#631=LINE('',#3851,#861);
#632=LINE('',#3853,#862);
#633=LINE('',#3854,#863);
#634=LINE('',#3856,#864);
#635=LINE('',#3858,#865);
#636=LINE('',#3859,#866);
#637=LINE('',#3861,#867);
#638=LINE('',#3863,#868);
#639=LINE('',#3866,#869);
#640=LINE('',#3869,#870);
#641=LINE('',#3870,#871);
#642=LINE('',#3871,#872);
#643=LINE('',#3873,#873);
#644=LINE('',#3877,#874);
#645=LINE('',#3879,#875);
#646=LINE('',#3882,#876);
#647=LINE('',#3886,#877);
#648=LINE('',#3890,#878);
#649=LINE('',#3897,#879);
#650=LINE('',#3899,#880);
#651=LINE('',#3901,#881);
#652=LINE('',#3902,#882);
#653=LINE('',#3905,#883);
#654=LINE('',#3907,#884);
#655=LINE('',#3908,#885);
#656=LINE('',#3911,#886);
#657=LINE('',#3913,#887);
#658=LINE('',#3914,#888);
#659=LINE('',#3920,#889);
#660=LINE('',#3933,#890);
#661=LINE('',#3937,#891);
#662=LINE('',#3941,#892);
#663=LINE('',#3943,#893);
#664=LINE('',#3944,#894);
#665=LINE('',#3947,#895);
#666=LINE('',#3949,#896);
#667=LINE('',#3950,#897);
#668=LINE('',#3953,#898);
#669=LINE('',#3955,#899);
#670=LINE('',#3956,#900);
#671=LINE('',#3958,#901);
#672=LINE('',#3959,#902);
#673=LINE('',#3967,#903);
#674=LINE('',#3969,#904);
#675=LINE('',#3970,#905);
#676=LINE('',#3974,#906);
#677=LINE('',#3978,#907);
#678=LINE('',#3982,#908);
#679=LINE('',#3984,#909);
#680=LINE('',#3986,#910);
#681=LINE('',#3988,#911);
#682=LINE('',#3990,#912);
#683=LINE('',#3991,#913);
#684=LINE('',#3995,#914);
#685=LINE('',#3997,#915);
#686=LINE('',#3999,#916);
#687=LINE('',#4000,#917);
#688=LINE('',#4002,#918);
#689=LINE('',#4003,#919);
#690=LINE('',#4005,#920);
#691=LINE('',#4007,#921);
#692=LINE('',#4008,#922);
#693=LINE('',#4011,#923);
#694=LINE('',#4012,#924);
#695=LINE('',#4014,#925);
#696=LINE('',#4016,#926);
#697=LINE('',#4018,#927);
#698=LINE('',#4019,#928);
#699=LINE('',#4022,#929);
#700=LINE('',#4024,#930);
#701=LINE('',#4026,#931);
#702=LINE('',#4028,#932);
#703=LINE('',#4030,#933);
#704=LINE('',#4031,#934);
#705=LINE('',#4438,#935);
#706=LINE('',#4440,#936);
#707=LINE('',#4442,#937);
#708=LINE('',#4443,#938);
#709=LINE('',#4454,#939);
#710=LINE('',#4455,#940);
#711=LINE('',#4458,#941);
#712=LINE('',#4460,#942);
#713=LINE('',#4461,#943);
#714=LINE('',#4464,#944);
#715=LINE('',#4465,#945);
#716=VECTOR('',#2610,10.);
#717=VECTOR('',#2611,10.);
#718=VECTOR('',#2612,10.);
#719=VECTOR('',#2613,10.);
#720=VECTOR('',#2616,10.);
#721=VECTOR('',#2617,10.);
#722=VECTOR('',#2618,10.);
#723=VECTOR('',#2621,10.);
#724=VECTOR('',#2622,10.);
#725=VECTOR('',#2625,10.);
#726=VECTOR('',#2626,10.);
#727=VECTOR('',#2627,10.);
#728=VECTOR('',#2636,10.);
#729=VECTOR('',#2639,10.);
#730=VECTOR('',#2642,10.);
#731=VECTOR('',#2643,10.);
#732=VECTOR('',#2644,10.);
#733=VECTOR('',#2645,10.);
#734=VECTOR('',#2646,10.);
#735=VECTOR('',#2647,10.);
#736=VECTOR('',#2648,10.);
#737=VECTOR('',#2649,10.);
#738=VECTOR('',#2652,10.);
#739=VECTOR('',#2653,10.);
#740=VECTOR('',#2654,10.);
#741=VECTOR('',#2659,10.);
#742=VECTOR('',#2660,10.);
#743=VECTOR('',#2663,10.);
#744=VECTOR('',#2666,10.);
#745=VECTOR('',#2673,10.);
#746=VECTOR('',#2678,10.);
#747=VECTOR('',#2683,10.);
#748=VECTOR('',#2692,10.);
#749=VECTOR('',#2693,10.);
#750=VECTOR('',#2696,10.);
#751=VECTOR('',#2697,10.);
#752=VECTOR('',#2698,10.);
#753=VECTOR('',#2701,10.);
#754=VECTOR('',#2702,10.);
#755=VECTOR('',#2711,10.);
#756=VECTOR('',#2714,10.);
#757=VECTOR('',#2715,10.);
#758=VECTOR('',#2718,10.);
#759=VECTOR('',#2719,10.);
#760=VECTOR('',#2720,10.);
#761=VECTOR('',#2725,10.);
#762=VECTOR('',#2728,10.);
#763=VECTOR('',#2731,10.);
#764=VECTOR('',#2732,10.);
#765=VECTOR('',#2739,10.);
#766=VECTOR('',#2742,10.);
#767=VECTOR('',#2743,10.);
#768=VECTOR('',#2744,10.);
#769=VECTOR('',#2745,10.);
#770=VECTOR('',#2748,10.);
#771=VECTOR('',#2749,10.);
#772=VECTOR('',#2754,10.);
#773=VECTOR('',#2755,10.);
#774=VECTOR('',#2758,10.);
#775=VECTOR('',#2759,10.);
#776=VECTOR('',#2764,10.);
#777=VECTOR('',#2765,10.);
#778=VECTOR('',#2780,10.);
#779=VECTOR('',#2783,10.);
#780=VECTOR('',#2784,10.);
#781=VECTOR('',#2785,10.);
#782=VECTOR('',#2786,10.);
#783=VECTOR('',#2789,10.);
#784=VECTOR('',#2796,10.);
#785=VECTOR('',#2797,10.);
#786=VECTOR('',#2800,10.);
#787=VECTOR('',#2801,10.);
#788=VECTOR('',#2818,1.4);
#789=VECTOR('',#2827,1.4);
#790=VECTOR('',#2836,1.4);
#791=VECTOR('',#2839,10.);
#792=VECTOR('',#2840,10.);
#793=VECTOR('',#2841,10.);
#794=VECTOR('',#2844,10.);
#795=VECTOR('',#2847,10.);
#796=VECTOR('',#2848,10.);
#797=VECTOR('',#2849,10.);
#798=VECTOR('',#2850,10.);
#799=VECTOR('',#2851,10.);
#800=VECTOR('',#2856,10.);
#801=VECTOR('',#2857,10.);
#802=VECTOR('',#2860,10.);
#803=VECTOR('',#2863,10.);
#804=VECTOR('',#2864,10.);
#805=VECTOR('',#2865,10.);
#806=VECTOR('',#2872,10.);
#807=VECTOR('',#2875,10.);
#808=VECTOR('',#2876,10.);
#809=VECTOR('',#2885,10.);
#810=VECTOR('',#2886,10.);
#811=VECTOR('',#2887,10.);
#812=VECTOR('',#2888,10.);
#813=VECTOR('',#2891,10.);
#814=VECTOR('',#2892,10.);
#815=VECTOR('',#2897,10.);
#816=VECTOR('',#2898,10.);
#817=VECTOR('',#2901,10.);
#818=VECTOR('',#2904,10.);
#819=VECTOR('',#2907,10.);
#820=VECTOR('',#2908,10.);
#821=VECTOR('',#2917,10.);
#822=VECTOR('',#2926,10.);
#823=VECTOR('',#2927,10.);
#824=VECTOR('',#2928,10.);
#825=VECTOR('',#2929,10.);
#826=VECTOR('',#2934,10.);
#827=VECTOR('',#2935,10.);
#828=VECTOR('',#2942,10.);
#829=VECTOR('',#2945,10.);
#830=VECTOR('',#2946,10.);
#831=VECTOR('',#2963,1.4);
#832=VECTOR('',#2972,1.4);
#833=VECTOR('',#2981,1.4);
#834=VECTOR('',#2984,10.);
#835=VECTOR('',#2987,10.);
#836=VECTOR('',#2990,10.);
#837=VECTOR('',#2995,10.);
#838=VECTOR('',#2996,10.);
#839=VECTOR('',#2997,10.);
#840=VECTOR('',#2998,10.);
#841=VECTOR('',#3001,10.);
#842=VECTOR('',#3008,10.);
#843=VECTOR('',#3009,10.);
#844=VECTOR('',#3010,10.);
#845=VECTOR('',#3013,10.);
#846=VECTOR('',#3020,10.);
#847=VECTOR('',#3021,10.);
#848=VECTOR('',#3022,10.);
#849=VECTOR('',#3025,10.);
#850=VECTOR('',#3026,10.);
#851=VECTOR('',#3029,10.);
#852=VECTOR('',#3030,10.);
#853=VECTOR('',#3033,10.);
#854=VECTOR('',#3034,10.);
#855=VECTOR('',#3035,10.);
#856=VECTOR('',#3038,10.);
#857=VECTOR('',#3043,10.);
#858=VECTOR('',#3044,10.);
#859=VECTOR('',#3047,10.);
#860=VECTOR('',#3060,10.);
#861=VECTOR('',#3061,10.);
#862=VECTOR('',#3062,10.);
#863=VECTOR('',#3063,10.);
#864=VECTOR('',#3066,10.);
#865=VECTOR('',#3067,10.);
#866=VECTOR('',#3068,10.);
#867=VECTOR('',#3071,10.);
#868=VECTOR('',#3072,10.);
#869=VECTOR('',#3075,10.);
#870=VECTOR('',#3078,10.);
#871=VECTOR('',#3079,10.);
#872=VECTOR('',#3080,10.);
#873=VECTOR('',#3083,10.);
#874=VECTOR('',#3090,10.);
#875=VECTOR('',#3093,10.);
#876=VECTOR('',#3096,1.4);
#877=VECTOR('',#3101,1.4);
#878=VECTOR('',#3106,1.4);
#879=VECTOR('',#3115,10.);
#880=VECTOR('',#3116,10.);
#881=VECTOR('',#3117,10.);
#882=VECTOR('',#3118,10.);
#883=VECTOR('',#3121,10.);
#884=VECTOR('',#3122,10.);
#885=VECTOR('',#3123,10.);
#886=VECTOR('',#3126,10.);
#887=VECTOR('',#3127,10.);
#888=VECTOR('',#3128,10.);
#889=VECTOR('',#3135,10.);
#890=VECTOR('',#3138,10.);
#891=VECTOR('',#3141,10.);
#892=VECTOR('',#3146,10.);
#893=VECTOR('',#3147,10.);
#894=VECTOR('',#3148,10.);
#895=VECTOR('',#3151,10.);
#896=VECTOR('',#3152,10.);
#897=VECTOR('',#3153,10.);
#898=VECTOR('',#3156,10.);
#899=VECTOR('',#3157,10.);
#900=VECTOR('',#3158,10.);
#901=VECTOR('',#3161,10.);
#902=VECTOR('',#3162,10.);
#903=VECTOR('',#3165,10.);
#904=VECTOR('',#3166,10.);
#905=VECTOR('',#3167,10.);
#906=VECTOR('',#3172,10.);
#907=VECTOR('',#3175,10.);
#908=VECTOR('',#3180,10.);
#909=VECTOR('',#3181,10.);
#910=VECTOR('',#3182,10.);
#911=VECTOR('',#3183,10.);
#912=VECTOR('',#3184,10.);
#913=VECTOR('',#3185,10.);
#914=VECTOR('',#3188,10.);
#915=VECTOR('',#3189,10.);
#916=VECTOR('',#3190,10.);
#917=VECTOR('',#3191,10.);
#918=VECTOR('',#3194,10.);
#919=VECTOR('',#3195,10.);
#920=VECTOR('',#3198,10.);
#921=VECTOR('',#3199,10.);
#922=VECTOR('',#3200,10.);
#923=VECTOR('',#3203,10.);
#924=VECTOR('',#3204,10.);
#925=VECTOR('',#3207,10.);
#926=VECTOR('',#3210,10.);
#927=VECTOR('',#3213,10.);
#928=VECTOR('',#3214,10.);
#929=VECTOR('',#3219,10.);
#930=VECTOR('',#3220,10.);
#931=VECTOR('',#3221,10.);
#932=VECTOR('',#3222,10.);
#933=VECTOR('',#3223,10.);
#934=VECTOR('',#3224,10.);
#935=VECTOR('',#3233,10.);
#936=VECTOR('',#3234,10.);
#937=VECTOR('',#3235,10.);
#938=VECTOR('',#3236,10.);
#939=VECTOR('',#3255,10.);
#940=VECTOR('',#3256,10.);
#941=VECTOR('',#3259,10.);
#942=VECTOR('',#3260,10.);
#943=VECTOR('',#3261,10.);
#944=VECTOR('',#3264,10.);
#945=VECTOR('',#3265,10.);
#946=VERTEX_POINT('',#3277);
#947=VERTEX_POINT('',#3278);
#948=VERTEX_POINT('',#3280);
#949=VERTEX_POINT('',#3282);
#950=VERTEX_POINT('',#3286);
#951=VERTEX_POINT('',#3288);
#952=VERTEX_POINT('',#3292);
#953=VERTEX_POINT('',#3294);
#954=VERTEX_POINT('',#3301);
#955=VERTEX_POINT('',#3303);
#956=VERTEX_POINT('',#3310);
#957=VERTEX_POINT('',#3312);
#958=VERTEX_POINT('',#3316);
#959=VERTEX_POINT('',#3318);
#960=VERTEX_POINT('',#3320);
#961=VERTEX_POINT('',#3322);
#962=VERTEX_POINT('',#3324);
#963=VERTEX_POINT('',#3326);
#964=VERTEX_POINT('',#3328);
#965=VERTEX_POINT('',#3332);
#966=VERTEX_POINT('',#3338);
#967=VERTEX_POINT('',#3344);
#968=VERTEX_POINT('',#3345);
#969=VERTEX_POINT('',#3350);
#970=VERTEX_POINT('',#3351);
#971=VERTEX_POINT('',#3369);
#972=VERTEX_POINT('',#3378);
#973=VERTEX_POINT('',#3382);
#974=VERTEX_POINT('',#3384);
#975=VERTEX_POINT('',#3388);
#976=VERTEX_POINT('',#3394);
#977=VERTEX_POINT('',#3395);
#978=VERTEX_POINT('',#3397);
#979=VERTEX_POINT('',#3399);
#980=VERTEX_POINT('',#3401);
#981=VERTEX_POINT('',#3405);
#982=VERTEX_POINT('',#3406);
#983=VERTEX_POINT('',#3411);
#984=VERTEX_POINT('',#3412);
#985=VERTEX_POINT('',#3414);
#986=VERTEX_POINT('',#3416);
#987=VERTEX_POINT('',#3420);
#988=VERTEX_POINT('',#3424);
#989=VERTEX_POINT('',#3426);
#990=VERTEX_POINT('',#3430);
#991=VERTEX_POINT('',#3431);
#992=VERTEX_POINT('',#3433);
#993=VERTEX_POINT('',#3435);
#994=VERTEX_POINT('',#3439);
#995=VERTEX_POINT('',#3443);
#996=VERTEX_POINT('',#3444);
#997=VERTEX_POINT('',#3449);
#998=VERTEX_POINT('',#3451);
#999=VERTEX_POINT('',#3455);
#1000=VERTEX_POINT('',#3459);
#1001=VERTEX_POINT('',#3465);
#1002=VERTEX_POINT('',#3467);
#1003=VERTEX_POINT('',#3471);
#1004=VERTEX_POINT('',#3473);
#1005=VERTEX_POINT('',#3475);
#1006=VERTEX_POINT('',#3477);
#1007=VERTEX_POINT('',#3479);
#1008=VERTEX_POINT('',#3483);
#1009=VERTEX_POINT('',#3492);
#1010=VERTEX_POINT('',#3496);
#1011=VERTEX_POINT('',#3497);
#1012=VERTEX_POINT('',#3557);
#1013=VERTEX_POINT('',#3560);
#1014=VERTEX_POINT('',#3564);
#1015=VERTEX_POINT('',#3567);
#1016=VERTEX_POINT('',#3571);
#1017=VERTEX_POINT('',#3574);
#1018=VERTEX_POINT('',#3578);
#1019=VERTEX_POINT('',#3580);
#1020=VERTEX_POINT('',#3584);
#1021=VERTEX_POINT('',#3586);
#1022=VERTEX_POINT('',#3588);
#1023=VERTEX_POINT('',#3590);
#1024=VERTEX_POINT('',#3592);
#1025=VERTEX_POINT('',#3597);
#1026=VERTEX_POINT('',#3598);
#1027=VERTEX_POINT('',#3600);
#1028=VERTEX_POINT('',#3602);
#1029=VERTEX_POINT('',#3604);
#1030=VERTEX_POINT('',#3608);
#1031=VERTEX_POINT('',#3609);
#1032=VERTEX_POINT('',#3614);
#1033=VERTEX_POINT('',#3616);
#1034=VERTEX_POINT('',#3620);
#1035=VERTEX_POINT('',#3627);
#1036=VERTEX_POINT('',#3628);
#1037=VERTEX_POINT('',#3630);
#1038=VERTEX_POINT('',#3632);
#1039=VERTEX_POINT('',#3636);
#1040=VERTEX_POINT('',#3640);
#1041=VERTEX_POINT('',#3641);
#1042=VERTEX_POINT('',#3646);
#1043=VERTEX_POINT('',#3648);
#1044=VERTEX_POINT('',#3652);
#1045=VERTEX_POINT('',#3656);
#1046=VERTEX_POINT('',#3662);
#1047=VERTEX_POINT('',#3666);
#1048=VERTEX_POINT('',#3670);
#1049=VERTEX_POINT('',#3672);
#1050=VERTEX_POINT('',#3675);
#1051=VERTEX_POINT('',#3679);
#1052=VERTEX_POINT('',#3692);
#1053=VERTEX_POINT('',#3693);
#1054=VERTEX_POINT('',#3752);
#1055=VERTEX_POINT('',#3755);
#1056=VERTEX_POINT('',#3759);
#1057=VERTEX_POINT('',#3762);
#1058=VERTEX_POINT('',#3766);
#1059=VERTEX_POINT('',#3769);
#1060=VERTEX_POINT('',#3780);
#1061=VERTEX_POINT('',#3781);
#1062=VERTEX_POINT('',#3783);
#1063=VERTEX_POINT('',#3785);
#1064=VERTEX_POINT('',#3789);
#1065=VERTEX_POINT('',#3790);
#1066=VERTEX_POINT('',#3795);
#1067=VERTEX_POINT('',#3796);
#1068=VERTEX_POINT('',#3801);
#1069=VERTEX_POINT('',#3802);
#1070=VERTEX_POINT('',#3807);
#1071=VERTEX_POINT('',#3808);
#1072=VERTEX_POINT('',#3816);
#1073=VERTEX_POINT('',#3818);
#1074=VERTEX_POINT('',#3820);
#1075=VERTEX_POINT('',#3822);
#1076=VERTEX_POINT('',#3824);
#1077=VERTEX_POINT('',#3828);
#1078=VERTEX_POINT('',#3832);
#1079=VERTEX_POINT('',#3836);
#1080=VERTEX_POINT('',#3840);
#1081=VERTEX_POINT('',#3842);
#1082=VERTEX_POINT('',#3844);
#1083=VERTEX_POINT('',#3847);
#1084=VERTEX_POINT('',#3848);
#1085=VERTEX_POINT('',#3850);
#1086=VERTEX_POINT('',#3852);
#1087=VERTEX_POINT('',#3857);
#1088=VERTEX_POINT('',#3862);
#1089=VERTEX_POINT('',#3864);
#1090=VERTEX_POINT('',#3868);
#1091=VERTEX_POINT('',#3881);
#1092=VERTEX_POINT('',#3885);
#1093=VERTEX_POINT('',#3889);
#1094=VERTEX_POINT('',#3895);
#1095=VERTEX_POINT('',#3896);
#1096=VERTEX_POINT('',#3898);
#1097=VERTEX_POINT('',#3900);
#1098=VERTEX_POINT('',#3904);
#1099=VERTEX_POINT('',#3906);
#1100=VERTEX_POINT('',#3910);
#1101=VERTEX_POINT('',#3912);
#1102=VERTEX_POINT('',#3916);
#1103=VERTEX_POINT('',#3918);
#1104=VERTEX_POINT('',#3922);
#1105=VERTEX_POINT('',#3923);
#1106=VERTEX_POINT('',#3932);
#1107=VERTEX_POINT('',#3934);
#1108=VERTEX_POINT('',#3936);
#1109=VERTEX_POINT('',#3940);
#1110=VERTEX_POINT('',#3942);
#1111=VERTEX_POINT('',#3946);
#1112=VERTEX_POINT('',#3948);
#1113=VERTEX_POINT('',#3952);
#1114=VERTEX_POINT('',#3954);
#1115=VERTEX_POINT('',#3961);
#1116=VERTEX_POINT('',#3962);
#1117=VERTEX_POINT('',#3966);
#1118=VERTEX_POINT('',#3968);
#1119=VERTEX_POINT('',#3973);
#1120=VERTEX_POINT('',#3975);
#1121=VERTEX_POINT('',#3977);
#1122=VERTEX_POINT('',#3981);
#1123=VERTEX_POINT('',#3983);
#1124=VERTEX_POINT('',#3985);
#1125=VERTEX_POINT('',#3987);
#1126=VERTEX_POINT('',#3989);
#1127=VERTEX_POINT('',#3993);
#1128=VERTEX_POINT('',#3994);
#1129=VERTEX_POINT('',#3996);
#1130=VERTEX_POINT('',#3998);
#1131=VERTEX_POINT('',#4006);
#1132=VERTEX_POINT('',#4010);
#1133=VERTEX_POINT('',#4023);
#1134=VERTEX_POINT('',#4025);
#1135=VERTEX_POINT('',#4027);
#1136=VERTEX_POINT('',#4029);
#1137=VERTEX_POINT('',#4076);
#1138=VERTEX_POINT('',#4077);
#1139=VERTEX_POINT('',#4232);
#1140=VERTEX_POINT('',#4237);
#1141=VERTEX_POINT('',#4433);
#1142=VERTEX_POINT('',#4437);
#1143=VERTEX_POINT('',#4439);
#1144=VERTEX_POINT('',#4441);
#1145=VERTEX_POINT('',#4453);
#1146=VERTEX_POINT('',#4457);
#1147=VERTEX_POINT('',#4459);
#1148=VERTEX_POINT('',#4463);
#1149=EDGE_CURVE('',#946,#947,#486,.T.);
#1150=EDGE_CURVE('',#947,#948,#487,.T.);
#1151=EDGE_CURVE('',#948,#949,#488,.T.);
#1152=EDGE_CURVE('',#949,#946,#489,.T.);
#1153=EDGE_CURVE('',#947,#950,#490,.T.);
#1154=EDGE_CURVE('',#950,#951,#491,.T.);
#1155=EDGE_CURVE('',#951,#948,#492,.T.);
#1156=EDGE_CURVE('',#952,#951,#493,.T.);
#1157=EDGE_CURVE('',#950,#953,#494,.T.);
#1158=EDGE_CURVE('',#952,#953,#187,.T.);
#1159=EDGE_CURVE('',#949,#954,#495,.T.);
#1160=EDGE_CURVE('',#954,#955,#496,.T.);
#1161=EDGE_CURVE('',#955,#946,#497,.T.);
#1162=EDGE_CURVE('',#953,#955,#114,.T.);
#1163=EDGE_CURVE('',#954,#952,#115,.T.);
#1164=EDGE_CURVE('',#954,#956,#498,.T.);
#1165=EDGE_CURVE('',#957,#956,#116,.T.);
#1166=EDGE_CURVE('',#952,#957,#499,.T.);
#1167=EDGE_CURVE('',#949,#958,#500,.T.);
#1168=EDGE_CURVE('',#958,#959,#501,.T.);
#1169=EDGE_CURVE('',#959,#960,#502,.T.);
#1170=EDGE_CURVE('',#960,#961,#503,.T.);
#1171=EDGE_CURVE('',#961,#962,#504,.T.);
#1172=EDGE_CURVE('',#962,#963,#505,.T.);
#1173=EDGE_CURVE('',#963,#964,#506,.T.);
#1174=EDGE_CURVE('',#956,#964,#507,.T.);
#1175=EDGE_CURVE('',#948,#965,#508,.T.);
#1176=EDGE_CURVE('',#964,#965,#509,.T.);
#1177=EDGE_CURVE('',#958,#963,#510,.T.);
#1178=EDGE_CURVE('',#951,#966,#511,.T.);
#1179=EDGE_CURVE('',#965,#966,#512,.T.);
#1180=EDGE_CURVE('',#966,#957,#513,.T.);
#1181=EDGE_CURVE('',#967,#968,#514,.T.);
#1182=EDGE_CURVE('',#968,#956,#117,.T.);
#1183=EDGE_CURVE('',#964,#967,#62,.T.);
#1184=EDGE_CURVE('',#969,#970,#515,.T.);
#1185=EDGE_CURVE('',#970,#966,#63,.T.);
#1186=EDGE_CURVE('',#969,#957,#188,.T.);
#1187=EDGE_CURVE('',#970,#971,#516,.T.);
#1188=EDGE_CURVE('',#971,#965,#64,.T.);
#1189=EDGE_CURVE('',#971,#967,#517,.T.);
#1190=EDGE_CURVE('',#968,#969,#118,.T.);
#1191=EDGE_CURVE('',#972,#963,#518,.T.);
#1192=EDGE_CURVE('',#958,#972,#519,.T.);
#1193=EDGE_CURVE('',#972,#973,#520,.T.);
#1194=EDGE_CURVE('',#974,#973,#521,.T.);
#1195=EDGE_CURVE('',#959,#974,#522,.T.);
#1196=EDGE_CURVE('',#973,#975,#523,.T.);
#1197=EDGE_CURVE('',#975,#962,#524,.T.);
#1198=EDGE_CURVE('',#976,#977,#119,.T.);
#1199=EDGE_CURVE('',#978,#977,#525,.T.);
#1200=EDGE_CURVE('',#978,#979,#120,.T.);
#1201=EDGE_CURVE('',#979,#980,#526,.T.);
#1202=EDGE_CURVE('',#980,#976,#527,.T.);
#1203=EDGE_CURVE('',#981,#982,#528,.T.);
#1204=EDGE_CURVE('',#980,#981,#529,.T.);
#1205=EDGE_CURVE('',#979,#982,#530,.T.);
#1206=EDGE_CURVE('',#983,#984,#121,.T.);
#1207=EDGE_CURVE('',#985,#984,#531,.T.);
#1208=EDGE_CURVE('',#986,#985,#122,.T.);
#1209=EDGE_CURVE('',#986,#983,#532,.T.);
#1210=EDGE_CURVE('',#987,#976,#533,.T.);
#1211=EDGE_CURVE('',#987,#981,#534,.T.);
#1212=EDGE_CURVE('',#988,#987,#123,.T.);
#1213=EDGE_CURVE('',#982,#989,#124,.T.);
#1214=EDGE_CURVE('',#989,#988,#535,.T.);
#1215=EDGE_CURVE('',#990,#991,#536,.T.);
#1216=EDGE_CURVE('',#992,#990,#537,.T.);
#1217=EDGE_CURVE('',#992,#993,#538,.F.);
#1218=EDGE_CURVE('',#991,#993,#539,.T.);
#1219=EDGE_CURVE('',#994,#992,#540,.T.);
#1220=EDGE_CURVE('',#993,#994,#541,.F.);
#1221=EDGE_CURVE('',#995,#996,#65,.T.);
#1222=EDGE_CURVE('',#991,#996,#542,.T.);
#1223=EDGE_CURVE('',#995,#994,#543,.T.);
#1224=EDGE_CURVE('',#997,#987,#544,.T.);
#1225=EDGE_CURVE('',#998,#988,#545,.T.);
#1226=EDGE_CURVE('',#997,#998,#125,.T.);
#1227=EDGE_CURVE('',#999,#997,#546,.T.);
#1228=EDGE_CURVE('',#999,#976,#547,.T.);
#1229=EDGE_CURVE('',#977,#1000,#39,.T.);
#1230=EDGE_CURVE('',#1000,#999,#126,.T.);
#1231=EDGE_CURVE('',#1001,#983,#127,.T.);
#1232=EDGE_CURVE('',#1002,#1001,#128,.T.);
#1233=EDGE_CURVE('',#1002,#984,#129,.T.);
#1234=EDGE_CURVE('',#996,#1003,#548,.T.);
#1235=EDGE_CURVE('',#1003,#1004,#130,.T.);
#1236=EDGE_CURVE('',#1004,#1005,#549,.T.);
#1237=EDGE_CURVE('',#1006,#1005,#550,.T.);
#1238=EDGE_CURVE('',#1007,#1006,#551,.T.);
#1239=EDGE_CURVE('',#1007,#990,#552,.T.);
#1240=EDGE_CURVE('',#1004,#1008,#189,.T.);
#1241=EDGE_CURVE('',#1009,#1008,#553,.T.);
#1242=EDGE_CURVE('',#1005,#1009,#66,.T.);
#1243=EDGE_CURVE('',#1010,#1011,#131,.T.);
#1244=EDGE_CURVE('',#984,#1011,#554,.T.);
#1245=EDGE_CURVE('',#1008,#1002,#555,.T.);
#1246=EDGE_CURVE('',#1008,#1010,#190,.T.);
#1247=EDGE_CURVE('',#1011,#995,#556,.T.);
#1248=EDGE_CURVE('',#1007,#985,#557,.T.);
#1249=EDGE_CURVE('',#1011,#1003,#132,.T.);
#1250=EDGE_CURVE('',#1010,#1004,#133,.T.);
#1251=EDGE_CURVE('',#1012,#1012,#134,.T.);
#1252=EDGE_CURVE('',#1013,#1013,#135,.T.);
#1253=EDGE_CURVE('',#1013,#1012,#558,.T.);
#1254=EDGE_CURVE('',#1014,#1014,#136,.T.);
#1255=EDGE_CURVE('',#1015,#1015,#137,.T.);
#1256=EDGE_CURVE('',#1015,#1014,#559,.T.);
#1257=EDGE_CURVE('',#1016,#1016,#138,.T.);
#1258=EDGE_CURVE('',#1017,#1017,#139,.T.);
#1259=EDGE_CURVE('',#1017,#1016,#560,.T.);
#1260=EDGE_CURVE('',#986,#1018,#561,.T.);
#1261=EDGE_CURVE('',#1018,#1019,#562,.T.);
#1262=EDGE_CURVE('',#1019,#983,#563,.T.);
#1263=EDGE_CURVE('',#1009,#1020,#564,.T.);
#1264=EDGE_CURVE('',#1021,#1020,#67,.T.);
#1265=EDGE_CURVE('',#1022,#1021,#565,.T.);
#1266=EDGE_CURVE('',#1022,#1023,#566,.T.);
#1267=EDGE_CURVE('',#1023,#1024,#567,.T.);
#1268=EDGE_CURVE('',#1024,#988,#568,.T.);
#1269=EDGE_CURVE('',#1006,#989,#569,.T.);
#1270=EDGE_CURVE('',#1025,#1026,#140,.T.);
#1271=EDGE_CURVE('',#1027,#1025,#570,.T.);
#1272=EDGE_CURVE('',#1028,#1027,#571,.T.);
#1273=EDGE_CURVE('',#1029,#1028,#141,.T.);
#1274=EDGE_CURVE('',#1029,#1026,#572,.T.);
#1275=EDGE_CURVE('',#1030,#1031,#573,.T.);
#1276=EDGE_CURVE('',#1028,#1031,#574,.T.);
#1277=EDGE_CURVE('',#1027,#1030,#575,.T.);
#1278=EDGE_CURVE('',#1019,#1032,#142,.T.);
#1279=EDGE_CURVE('',#1018,#1033,#143,.T.);
#1280=EDGE_CURVE('',#1033,#1032,#576,.T.);
#1281=EDGE_CURVE('',#1034,#1025,#577,.T.);
#1282=EDGE_CURVE('',#1034,#1030,#578,.T.);
#1283=EDGE_CURVE('',#1024,#1034,#144,.T.);
#1284=EDGE_CURVE('',#1031,#1023,#145,.T.);
#1285=EDGE_CURVE('',#1035,#1036,#579,.T.);
#1286=EDGE_CURVE('',#1036,#1037,#580,.T.);
#1287=EDGE_CURVE('',#1038,#1037,#581,.F.);
#1288=EDGE_CURVE('',#1038,#1035,#582,.T.);
#1289=EDGE_CURVE('',#1039,#1038,#583,.T.);
#1290=EDGE_CURVE('',#1037,#1039,#584,.F.);
#1291=EDGE_CURVE('',#1040,#1041,#68,.T.);
#1292=EDGE_CURVE('',#1040,#1039,#585,.T.);
#1293=EDGE_CURVE('',#1036,#1041,#586,.T.);
#1294=EDGE_CURVE('',#1042,#1034,#587,.T.);
#1295=EDGE_CURVE('',#1042,#1043,#146,.T.);
#1296=EDGE_CURVE('',#1043,#1024,#588,.T.);
#1297=EDGE_CURVE('',#1044,#1025,#589,.T.);
#1298=EDGE_CURVE('',#1044,#1042,#590,.T.);
#1299=EDGE_CURVE('',#1026,#1045,#40,.T.);
#1300=EDGE_CURVE('',#1045,#1044,#147,.T.);
#1301=EDGE_CURVE('',#1046,#1019,#148,.T.);
#1302=EDGE_CURVE('',#1001,#1046,#591,.T.);
#1303=EDGE_CURVE('',#1047,#1032,#149,.T.);
#1304=EDGE_CURVE('',#1047,#1046,#150,.T.);
#1305=EDGE_CURVE('',#1041,#1048,#592,.T.);
#1306=EDGE_CURVE('',#1049,#1035,#593,.T.);
#1307=EDGE_CURVE('',#1049,#1022,#594,.T.);
#1308=EDGE_CURVE('',#1050,#1021,#595,.T.);
#1309=EDGE_CURVE('',#1048,#1050,#151,.T.);
#1310=EDGE_CURVE('',#1051,#1047,#596,.T.);
#1311=EDGE_CURVE('',#1020,#1051,#597,.T.);
#1312=EDGE_CURVE('',#1050,#1051,#191,.T.);
#1313=EDGE_CURVE('',#1052,#1053,#152,.T.);
#1314=EDGE_CURVE('',#1051,#1052,#192,.T.);
#1315=EDGE_CURVE('',#1032,#1053,#598,.T.);
#1316=EDGE_CURVE('',#1053,#1040,#599,.T.);
#1317=EDGE_CURVE('',#1049,#1033,#600,.T.);
#1318=EDGE_CURVE('',#1053,#1048,#153,.T.);
#1319=EDGE_CURVE('',#1052,#1050,#154,.T.);
#1320=EDGE_CURVE('',#1054,#1054,#155,.T.);
#1321=EDGE_CURVE('',#1055,#1055,#156,.T.);
#1322=EDGE_CURVE('',#1055,#1054,#601,.T.);
#1323=EDGE_CURVE('',#1056,#1056,#157,.T.);
#1324=EDGE_CURVE('',#1057,#1057,#158,.T.);
#1325=EDGE_CURVE('',#1057,#1056,#602,.T.);
#1326=EDGE_CURVE('',#1058,#1058,#159,.T.);
#1327=EDGE_CURVE('',#1059,#1059,#160,.T.);
#1328=EDGE_CURVE('',#1059,#1058,#603,.T.);
#1329=EDGE_CURVE('',#998,#1043,#604,.T.);
#1330=EDGE_CURVE('',#1000,#1045,#605,.T.);
#1331=EDGE_CURVE('',#978,#1029,#606,.T.);
#1332=EDGE_CURVE('',#1060,#1061,#607,.T.);
#1333=EDGE_CURVE('',#1061,#1062,#608,.T.);
#1334=EDGE_CURVE('',#1062,#1063,#609,.T.);
#1335=EDGE_CURVE('',#1063,#1060,#610,.T.);
#1336=EDGE_CURVE('',#1064,#1065,#611,.T.);
#1337=EDGE_CURVE('',#1065,#1061,#161,.T.);
#1338=EDGE_CURVE('',#1060,#1064,#162,.T.);
#1339=EDGE_CURVE('',#1066,#1067,#612,.T.);
#1340=EDGE_CURVE('',#1067,#1065,#613,.T.);
#1341=EDGE_CURVE('',#1064,#1066,#614,.T.);
#1342=EDGE_CURVE('',#1068,#1069,#615,.T.);
#1343=EDGE_CURVE('',#1069,#1063,#163,.T.);
#1344=EDGE_CURVE('',#1062,#1068,#164,.T.);
#1345=EDGE_CURVE('',#1070,#1071,#616,.T.);
#1346=EDGE_CURVE('',#1071,#1069,#617,.T.);
#1347=EDGE_CURVE('',#1068,#1070,#618,.T.);
#1348=EDGE_CURVE('',#1066,#1071,#619,.T.);
#1349=EDGE_CURVE('',#1070,#1067,#620,.T.);
#1350=EDGE_CURVE('',#1072,#1064,#621,.T.);
#1351=EDGE_CURVE('',#1073,#1072,#622,.T.);
#1352=EDGE_CURVE('',#1074,#1073,#165,.T.);
#1353=EDGE_CURVE('',#1074,#1075,#623,.T.);
#1354=EDGE_CURVE('',#1076,#1075,#624,.T.);
#1355=EDGE_CURVE('',#1066,#1076,#625,.T.);
#1356=EDGE_CURVE('',#1077,#1060,#626,.T.);
#1357=EDGE_CURVE('',#1077,#1072,#166,.T.);
#1358=EDGE_CURVE('',#1078,#1063,#627,.T.);
#1359=EDGE_CURVE('',#1077,#1078,#628,.T.);
#1360=EDGE_CURVE('',#1069,#1079,#629,.T.);
#1361=EDGE_CURVE('',#1079,#1078,#167,.T.);
#1362=EDGE_CURVE('',#1080,#1080,#168,.F.);
#1363=EDGE_CURVE('',#1081,#1081,#169,.F.);
#1364=EDGE_CURVE('',#1082,#1082,#170,.F.);
#1365=EDGE_CURVE('',#1083,#1084,#630,.T.);
#1366=EDGE_CURVE('',#1084,#1085,#631,.T.);
#1367=EDGE_CURVE('',#1085,#1086,#632,.T.);
#1368=EDGE_CURVE('',#1086,#1083,#633,.T.);
#1369=EDGE_CURVE('',#1083,#1076,#634,.T.);
#1370=EDGE_CURVE('',#1087,#1076,#635,.T.);
#1371=EDGE_CURVE('',#1087,#1084,#636,.T.);
#1372=EDGE_CURVE('',#1071,#1083,#637,.T.);
#1373=EDGE_CURVE('',#1088,#1086,#638,.T.);
#1374=EDGE_CURVE('',#1089,#1088,#171,.T.);
#1375=EDGE_CURVE('',#1079,#1089,#639,.T.);
#1376=EDGE_CURVE('',#1085,#1090,#640,.T.);
#1377=EDGE_CURVE('',#1075,#1090,#641,.T.);
#1378=EDGE_CURVE('',#1075,#1086,#642,.T.);
#1379=EDGE_CURVE('',#1090,#1087,#643,.T.);
#1380=EDGE_CURVE('',#1088,#1074,#644,.T.);
#1381=EDGE_CURVE('',#1073,#1089,#645,.T.);
#1382=EDGE_CURVE('',#1080,#1091,#646,.T.);
#1383=EDGE_CURVE('',#1091,#1091,#172,.F.);
#1384=EDGE_CURVE('',#1081,#1092,#647,.T.);
#1385=EDGE_CURVE('',#1092,#1092,#173,.F.);
#1386=EDGE_CURVE('',#1082,#1093,#648,.T.);
#1387=EDGE_CURVE('',#1093,#1093,#174,.F.);
#1388=EDGE_CURVE('',#1094,#1095,#649,.T.);
#1389=EDGE_CURVE('',#1095,#1096,#650,.T.);
#1390=EDGE_CURVE('',#1096,#1097,#651,.T.);
#1391=EDGE_CURVE('',#1097,#1094,#652,.T.);
#1392=EDGE_CURVE('',#1094,#1098,#653,.T.);
#1393=EDGE_CURVE('',#1098,#1099,#654,.T.);
#1394=EDGE_CURVE('',#1099,#1095,#655,.T.);
#1395=EDGE_CURVE('',#1100,#1097,#656,.T.);
#1396=EDGE_CURVE('',#1101,#1100,#657,.T.);
#1397=EDGE_CURVE('',#1094,#1101,#658,.T.);
#1398=EDGE_CURVE('',#1102,#1101,#69,.T.);
#1399=EDGE_CURVE('',#1100,#1103,#70,.T.);
#1400=EDGE_CURVE('',#1103,#1102,#659,.T.);
#1401=EDGE_CURVE('',#1104,#1105,#193,.F.);
#1402=EDGE_CURVE('',#1104,#1106,#660,.T.);
#1403=EDGE_CURVE('',#1106,#1107,#71,.T.);
#1404=EDGE_CURVE('',#1107,#1108,#661,.T.);
#1405=EDGE_CURVE('',#1108,#1105,#72,.T.);
#1406=EDGE_CURVE('',#1109,#1104,#662,.T.);
#1407=EDGE_CURVE('',#1110,#1109,#663,.T.);
#1408=EDGE_CURVE('',#1106,#1110,#664,.T.);
#1409=EDGE_CURVE('',#1103,#1111,#665,.T.);
#1410=EDGE_CURVE('',#1111,#1112,#666,.T.);
#1411=EDGE_CURVE('',#1112,#1102,#667,.T.);
#1412=EDGE_CURVE('',#1113,#1111,#668,.T.);
#1413=EDGE_CURVE('',#1114,#1113,#669,.T.);
#1414=EDGE_CURVE('',#1112,#1114,#670,.T.);
#1415=EDGE_CURVE('',#1107,#1114,#671,.T.);
#1416=EDGE_CURVE('',#1113,#1108,#672,.T.);
#1417=EDGE_CURVE('',#1115,#1116,#41,.T.);
#1418=EDGE_CURVE('',#1117,#1116,#673,.T.);
#1419=EDGE_CURVE('',#1117,#1118,#674,.T.);
#1420=EDGE_CURVE('',#1118,#1110,#675,.T.);
#1421=EDGE_CURVE('',#1109,#1115,#73,.T.);
#1422=EDGE_CURVE('',#1105,#1119,#676,.F.);
#1423=EDGE_CURVE('',#1120,#1119,#175,.T.);
#1424=EDGE_CURVE('',#1121,#1120,#677,.T.);
#1425=EDGE_CURVE('',#1115,#1121,#176,.T.);
#1426=EDGE_CURVE('',#1122,#1118,#678,.T.);
#1427=EDGE_CURVE('',#1122,#1123,#679,.T.);
#1428=EDGE_CURVE('',#1123,#1124,#680,.T.);
#1429=EDGE_CURVE('',#1124,#1125,#681,.T.);
#1430=EDGE_CURVE('',#1126,#1125,#682,.T.);
#1431=EDGE_CURVE('',#1098,#1126,#683,.T.);
#1432=EDGE_CURVE('',#1127,#1128,#684,.T.);
#1433=EDGE_CURVE('',#1128,#1129,#685,.T.);
#1434=EDGE_CURVE('',#1129,#1130,#686,.T.);
#1435=EDGE_CURVE('',#1130,#1127,#687,.T.);
#1436=EDGE_CURVE('',#1130,#1099,#688,.T.);
#1437=EDGE_CURVE('',#1098,#1127,#689,.T.);
#1438=EDGE_CURVE('',#1096,#1129,#690,.T.);
#1439=EDGE_CURVE('',#1128,#1131,#691,.T.);
#1440=EDGE_CURVE('',#1131,#1119,#692,.T.);
#1441=EDGE_CURVE('',#1127,#1132,#693,.T.);
#1442=EDGE_CURVE('',#1131,#1132,#694,.T.);
#1443=EDGE_CURVE('',#1132,#1126,#695,.T.);
#1444=EDGE_CURVE('',#1117,#1122,#696,.T.);
#1445=EDGE_CURVE('',#1116,#1121,#697,.T.);
#1446=EDGE_CURVE('',#1121,#1122,#698,.T.);
#1447=EDGE_CURVE('',#1125,#1120,#699,.T.);
#1448=EDGE_CURVE('',#1133,#1124,#700,.T.);
#1449=EDGE_CURVE('',#1134,#1133,#701,.T.);
#1450=EDGE_CURVE('',#1135,#1134,#702,.T.);
#1451=EDGE_CURVE('',#1136,#1135,#703,.T.);
#1452=EDGE_CURVE('',#1123,#1136,#704,.T.);
#1453=EDGE_CURVE('',#1137,#1138,#194,.T.);
#1454=EDGE_CURVE('',#1139,#1138,#195,.T.);
#1455=EDGE_CURVE('',#1139,#1140,#196,.T.);
#1456=EDGE_CURVE('',#1140,#1137,#197,.T.);
#1457=EDGE_CURVE('',#1138,#1119,#198,.T.);
#1458=EDGE_CURVE('',#1131,#1139,#199,.T.);
#1459=EDGE_CURVE('',#1137,#1141,#177,.T.);
#1460=EDGE_CURVE('',#1120,#1141,#178,.T.);
#1461=EDGE_CURVE('',#1142,#1140,#705,.T.);
#1462=EDGE_CURVE('',#1143,#1142,#706,.T.);
#1463=EDGE_CURVE('',#1144,#1143,#707,.T.);
#1464=EDGE_CURVE('',#1141,#1144,#708,.T.);
#1465=EDGE_CURVE('',#1142,#1132,#74,.T.);
#1466=EDGE_CURVE('',#1143,#1126,#75,.T.);
#1467=EDGE_CURVE('',#1125,#1144,#76,.T.);
#1468=EDGE_CURVE('',#1123,#1145,#709,.T.);
#1469=EDGE_CURVE('',#1145,#1124,#710,.T.);
#1470=EDGE_CURVE('',#1136,#1146,#711,.T.);
#1471=EDGE_CURVE('',#1146,#1147,#712,.T.);
#1472=EDGE_CURVE('',#1145,#1147,#713,.T.);
#1473=EDGE_CURVE('',#1148,#1133,#714,.T.);
#1474=EDGE_CURVE('',#1147,#1148,#715,.T.);
#1475=ORIENTED_EDGE('',*,*,#1149,.T.);
#1476=ORIENTED_EDGE('',*,*,#1150,.T.);
#1477=ORIENTED_EDGE('',*,*,#1151,.T.);
#1478=ORIENTED_EDGE('',*,*,#1152,.T.);
#1479=ORIENTED_EDGE('',*,*,#1153,.T.);
#1480=ORIENTED_EDGE('',*,*,#1154,.T.);
#1481=ORIENTED_EDGE('',*,*,#1155,.T.);
#1482=ORIENTED_EDGE('',*,*,#1150,.F.);
#1483=ORIENTED_EDGE('',*,*,#1156,.T.);
#1484=ORIENTED_EDGE('',*,*,#1154,.F.);
#1485=ORIENTED_EDGE('',*,*,#1157,.T.);
#1486=ORIENTED_EDGE('',*,*,#1158,.F.);
#1487=ORIENTED_EDGE('',*,*,#1159,.T.);
#1488=ORIENTED_EDGE('',*,*,#1160,.T.);
#1489=ORIENTED_EDGE('',*,*,#1161,.T.);
#1490=ORIENTED_EDGE('',*,*,#1152,.F.);
#1491=ORIENTED_EDGE('',*,*,#1162,.T.);
#1492=ORIENTED_EDGE('',*,*,#1160,.F.);
#1493=ORIENTED_EDGE('',*,*,#1163,.T.);
#1494=ORIENTED_EDGE('',*,*,#1158,.T.);
#1495=ORIENTED_EDGE('',*,*,#1163,.F.);
#1496=ORIENTED_EDGE('',*,*,#1164,.T.);
#1497=ORIENTED_EDGE('',*,*,#1165,.F.);
#1498=ORIENTED_EDGE('',*,*,#1166,.F.);
#1499=ORIENTED_EDGE('',*,*,#1159,.F.);
#1500=ORIENTED_EDGE('',*,*,#1167,.T.);
#1501=ORIENTED_EDGE('',*,*,#1168,.T.);
#1502=ORIENTED_EDGE('',*,*,#1169,.T.);
#1503=ORIENTED_EDGE('',*,*,#1170,.T.);
#1504=ORIENTED_EDGE('',*,*,#1171,.T.);
#1505=ORIENTED_EDGE('',*,*,#1172,.T.);
#1506=ORIENTED_EDGE('',*,*,#1173,.T.);
#1507=ORIENTED_EDGE('',*,*,#1174,.F.);
#1508=ORIENTED_EDGE('',*,*,#1164,.F.);
#1509=ORIENTED_EDGE('',*,*,#1151,.F.);
#1510=ORIENTED_EDGE('',*,*,#1175,.T.);
#1511=ORIENTED_EDGE('',*,*,#1176,.F.);
#1512=ORIENTED_EDGE('',*,*,#1173,.F.);
#1513=ORIENTED_EDGE('',*,*,#1177,.F.);
#1514=ORIENTED_EDGE('',*,*,#1167,.F.);
#1515=ORIENTED_EDGE('',*,*,#1149,.F.);
#1516=ORIENTED_EDGE('',*,*,#1161,.F.);
#1517=ORIENTED_EDGE('',*,*,#1162,.F.);
#1518=ORIENTED_EDGE('',*,*,#1157,.F.);
#1519=ORIENTED_EDGE('',*,*,#1153,.F.);
#1520=ORIENTED_EDGE('',*,*,#1155,.F.);
#1521=ORIENTED_EDGE('',*,*,#1178,.T.);
#1522=ORIENTED_EDGE('',*,*,#1179,.F.);
#1523=ORIENTED_EDGE('',*,*,#1175,.F.);
#1524=ORIENTED_EDGE('',*,*,#1156,.F.);
#1525=ORIENTED_EDGE('',*,*,#1166,.T.);
#1526=ORIENTED_EDGE('',*,*,#1180,.F.);
#1527=ORIENTED_EDGE('',*,*,#1178,.F.);
#1528=ORIENTED_EDGE('',*,*,#1181,.T.);
#1529=ORIENTED_EDGE('',*,*,#1182,.T.);
#1530=ORIENTED_EDGE('',*,*,#1174,.T.);
#1531=ORIENTED_EDGE('',*,*,#1183,.T.);
#1532=ORIENTED_EDGE('',*,*,#1184,.T.);
#1533=ORIENTED_EDGE('',*,*,#1185,.T.);
#1534=ORIENTED_EDGE('',*,*,#1180,.T.);
#1535=ORIENTED_EDGE('',*,*,#1186,.F.);
#1536=ORIENTED_EDGE('',*,*,#1179,.T.);
#1537=ORIENTED_EDGE('',*,*,#1185,.F.);
#1538=ORIENTED_EDGE('',*,*,#1187,.T.);
#1539=ORIENTED_EDGE('',*,*,#1188,.T.);
#1540=ORIENTED_EDGE('',*,*,#1176,.T.);
#1541=ORIENTED_EDGE('',*,*,#1188,.F.);
#1542=ORIENTED_EDGE('',*,*,#1189,.T.);
#1543=ORIENTED_EDGE('',*,*,#1183,.F.);
#1544=ORIENTED_EDGE('',*,*,#1165,.T.);
#1545=ORIENTED_EDGE('',*,*,#1182,.F.);
#1546=ORIENTED_EDGE('',*,*,#1190,.T.);
#1547=ORIENTED_EDGE('',*,*,#1186,.T.);
#1548=ORIENTED_EDGE('',*,*,#1184,.F.);
#1549=ORIENTED_EDGE('',*,*,#1190,.F.);
#1550=ORIENTED_EDGE('',*,*,#1181,.F.);
#1551=ORIENTED_EDGE('',*,*,#1189,.F.);
#1552=ORIENTED_EDGE('',*,*,#1187,.F.);
#1553=ORIENTED_EDGE('',*,*,#1177,.T.);
#1554=ORIENTED_EDGE('',*,*,#1191,.F.);
#1555=ORIENTED_EDGE('',*,*,#1192,.F.);
#1556=ORIENTED_EDGE('',*,*,#1192,.T.);
#1557=ORIENTED_EDGE('',*,*,#1193,.T.);
#1558=ORIENTED_EDGE('',*,*,#1194,.F.);
#1559=ORIENTED_EDGE('',*,*,#1195,.F.);
#1560=ORIENTED_EDGE('',*,*,#1168,.F.);
#1561=ORIENTED_EDGE('',*,*,#1170,.F.);
#1562=ORIENTED_EDGE('',*,*,#1169,.F.);
#1563=ORIENTED_EDGE('',*,*,#1195,.T.);
#1564=ORIENTED_EDGE('',*,*,#1194,.T.);
#1565=ORIENTED_EDGE('',*,*,#1196,.T.);
#1566=ORIENTED_EDGE('',*,*,#1197,.T.);
#1567=ORIENTED_EDGE('',*,*,#1171,.F.);
#1568=ORIENTED_EDGE('',*,*,#1191,.T.);
#1569=ORIENTED_EDGE('',*,*,#1172,.F.);
#1570=ORIENTED_EDGE('',*,*,#1197,.F.);
#1571=ORIENTED_EDGE('',*,*,#1196,.F.);
#1572=ORIENTED_EDGE('',*,*,#1193,.F.);
#1573=ORIENTED_EDGE('',*,*,#1198,.T.);
#1574=ORIENTED_EDGE('',*,*,#1199,.F.);
#1575=ORIENTED_EDGE('',*,*,#1200,.T.);
#1576=ORIENTED_EDGE('',*,*,#1201,.T.);
#1577=ORIENTED_EDGE('',*,*,#1202,.T.);
#1578=ORIENTED_EDGE('',*,*,#1203,.F.);
#1579=ORIENTED_EDGE('',*,*,#1204,.F.);
#1580=ORIENTED_EDGE('',*,*,#1201,.F.);
#1581=ORIENTED_EDGE('',*,*,#1205,.T.);
#1582=ORIENTED_EDGE('',*,*,#1206,.T.);
#1583=ORIENTED_EDGE('',*,*,#1207,.F.);
#1584=ORIENTED_EDGE('',*,*,#1208,.F.);
#1585=ORIENTED_EDGE('',*,*,#1209,.T.);
#1586=ORIENTED_EDGE('',*,*,#1210,.T.);
#1587=ORIENTED_EDGE('',*,*,#1202,.F.);
#1588=ORIENTED_EDGE('',*,*,#1204,.T.);
#1589=ORIENTED_EDGE('',*,*,#1211,.F.);
#1590=ORIENTED_EDGE('',*,*,#1212,.T.);
#1591=ORIENTED_EDGE('',*,*,#1211,.T.);
#1592=ORIENTED_EDGE('',*,*,#1203,.T.);
#1593=ORIENTED_EDGE('',*,*,#1213,.T.);
#1594=ORIENTED_EDGE('',*,*,#1214,.T.);
#1595=ORIENTED_EDGE('',*,*,#1215,.F.);
#1596=ORIENTED_EDGE('',*,*,#1216,.F.);
#1597=ORIENTED_EDGE('',*,*,#1217,.T.);
#1598=ORIENTED_EDGE('',*,*,#1218,.F.);
#1599=ORIENTED_EDGE('',*,*,#1219,.F.);
#1600=ORIENTED_EDGE('',*,*,#1220,.F.);
#1601=ORIENTED_EDGE('',*,*,#1217,.F.);
#1602=ORIENTED_EDGE('',*,*,#1221,.T.);
#1603=ORIENTED_EDGE('',*,*,#1222,.F.);
#1604=ORIENTED_EDGE('',*,*,#1218,.T.);
#1605=ORIENTED_EDGE('',*,*,#1220,.T.);
#1606=ORIENTED_EDGE('',*,*,#1223,.F.);
#1607=ORIENTED_EDGE('',*,*,#1224,.T.);
#1608=ORIENTED_EDGE('',*,*,#1212,.F.);
#1609=ORIENTED_EDGE('',*,*,#1225,.F.);
#1610=ORIENTED_EDGE('',*,*,#1226,.F.);
#1611=ORIENTED_EDGE('',*,*,#1224,.F.);
#1612=ORIENTED_EDGE('',*,*,#1227,.F.);
#1613=ORIENTED_EDGE('',*,*,#1228,.T.);
#1614=ORIENTED_EDGE('',*,*,#1210,.F.);
#1615=ORIENTED_EDGE('',*,*,#1229,.F.);
#1616=ORIENTED_EDGE('',*,*,#1198,.F.);
#1617=ORIENTED_EDGE('',*,*,#1228,.F.);
#1618=ORIENTED_EDGE('',*,*,#1230,.F.);
#1619=ORIENTED_EDGE('',*,*,#1231,.F.);
#1620=ORIENTED_EDGE('',*,*,#1232,.F.);
#1621=ORIENTED_EDGE('',*,*,#1233,.T.);
#1622=ORIENTED_EDGE('',*,*,#1206,.F.);
#1623=ORIENTED_EDGE('',*,*,#1234,.T.);
#1624=ORIENTED_EDGE('',*,*,#1235,.T.);
#1625=ORIENTED_EDGE('',*,*,#1236,.T.);
#1626=ORIENTED_EDGE('',*,*,#1237,.F.);
#1627=ORIENTED_EDGE('',*,*,#1238,.F.);
#1628=ORIENTED_EDGE('',*,*,#1239,.T.);
#1629=ORIENTED_EDGE('',*,*,#1215,.T.);
#1630=ORIENTED_EDGE('',*,*,#1222,.T.);
#1631=ORIENTED_EDGE('',*,*,#1240,.T.);
#1632=ORIENTED_EDGE('',*,*,#1241,.F.);
#1633=ORIENTED_EDGE('',*,*,#1242,.F.);
#1634=ORIENTED_EDGE('',*,*,#1236,.F.);
#1635=ORIENTED_EDGE('',*,*,#1243,.T.);
#1636=ORIENTED_EDGE('',*,*,#1244,.F.);
#1637=ORIENTED_EDGE('',*,*,#1233,.F.);
#1638=ORIENTED_EDGE('',*,*,#1245,.F.);
#1639=ORIENTED_EDGE('',*,*,#1246,.T.);
#1640=ORIENTED_EDGE('',*,*,#1247,.T.);
#1641=ORIENTED_EDGE('',*,*,#1223,.T.);
#1642=ORIENTED_EDGE('',*,*,#1219,.T.);
#1643=ORIENTED_EDGE('',*,*,#1216,.T.);
#1644=ORIENTED_EDGE('',*,*,#1239,.F.);
#1645=ORIENTED_EDGE('',*,*,#1248,.T.);
#1646=ORIENTED_EDGE('',*,*,#1207,.T.);
#1647=ORIENTED_EDGE('',*,*,#1244,.T.);
#1648=ORIENTED_EDGE('',*,*,#1221,.F.);
#1649=ORIENTED_EDGE('',*,*,#1247,.F.);
#1650=ORIENTED_EDGE('',*,*,#1249,.T.);
#1651=ORIENTED_EDGE('',*,*,#1234,.F.);
#1652=ORIENTED_EDGE('',*,*,#1249,.F.);
#1653=ORIENTED_EDGE('',*,*,#1243,.F.);
#1654=ORIENTED_EDGE('',*,*,#1250,.T.);
#1655=ORIENTED_EDGE('',*,*,#1235,.F.);
#1656=ORIENTED_EDGE('',*,*,#1250,.F.);
#1657=ORIENTED_EDGE('',*,*,#1246,.F.);
#1658=ORIENTED_EDGE('',*,*,#1240,.F.);
#1659=ORIENTED_EDGE('',*,*,#1251,.T.);
#1660=ORIENTED_EDGE('',*,*,#1252,.T.);
#1661=ORIENTED_EDGE('',*,*,#1253,.T.);
#1662=ORIENTED_EDGE('',*,*,#1251,.F.);
#1663=ORIENTED_EDGE('',*,*,#1253,.F.);
#1664=ORIENTED_EDGE('',*,*,#1254,.T.);
#1665=ORIENTED_EDGE('',*,*,#1255,.T.);
#1666=ORIENTED_EDGE('',*,*,#1256,.T.);
#1667=ORIENTED_EDGE('',*,*,#1254,.F.);
#1668=ORIENTED_EDGE('',*,*,#1256,.F.);
#1669=ORIENTED_EDGE('',*,*,#1257,.T.);
#1670=ORIENTED_EDGE('',*,*,#1258,.T.);
#1671=ORIENTED_EDGE('',*,*,#1259,.T.);
#1672=ORIENTED_EDGE('',*,*,#1257,.F.);
#1673=ORIENTED_EDGE('',*,*,#1259,.F.);
#1674=ORIENTED_EDGE('',*,*,#1260,.T.);
#1675=ORIENTED_EDGE('',*,*,#1261,.T.);
#1676=ORIENTED_EDGE('',*,*,#1262,.T.);
#1677=ORIENTED_EDGE('',*,*,#1209,.F.);
#1678=ORIENTED_EDGE('',*,*,#1263,.T.);
#1679=ORIENTED_EDGE('',*,*,#1264,.F.);
#1680=ORIENTED_EDGE('',*,*,#1265,.F.);
#1681=ORIENTED_EDGE('',*,*,#1266,.T.);
#1682=ORIENTED_EDGE('',*,*,#1267,.T.);
#1683=ORIENTED_EDGE('',*,*,#1268,.T.);
#1684=ORIENTED_EDGE('',*,*,#1214,.F.);
#1685=ORIENTED_EDGE('',*,*,#1269,.F.);
#1686=ORIENTED_EDGE('',*,*,#1237,.T.);
#1687=ORIENTED_EDGE('',*,*,#1242,.T.);
#1688=ORIENTED_EDGE('',*,*,#1270,.F.);
#1689=ORIENTED_EDGE('',*,*,#1271,.F.);
#1690=ORIENTED_EDGE('',*,*,#1272,.F.);
#1691=ORIENTED_EDGE('',*,*,#1273,.F.);
#1692=ORIENTED_EDGE('',*,*,#1274,.T.);
#1693=ORIENTED_EDGE('',*,*,#1275,.T.);
#1694=ORIENTED_EDGE('',*,*,#1276,.F.);
#1695=ORIENTED_EDGE('',*,*,#1272,.T.);
#1696=ORIENTED_EDGE('',*,*,#1277,.T.);
#1697=ORIENTED_EDGE('',*,*,#1278,.F.);
#1698=ORIENTED_EDGE('',*,*,#1261,.F.);
#1699=ORIENTED_EDGE('',*,*,#1279,.T.);
#1700=ORIENTED_EDGE('',*,*,#1280,.T.);
#1701=ORIENTED_EDGE('',*,*,#1281,.F.);
#1702=ORIENTED_EDGE('',*,*,#1282,.T.);
#1703=ORIENTED_EDGE('',*,*,#1277,.F.);
#1704=ORIENTED_EDGE('',*,*,#1271,.T.);
#1705=ORIENTED_EDGE('',*,*,#1283,.F.);
#1706=ORIENTED_EDGE('',*,*,#1267,.F.);
#1707=ORIENTED_EDGE('',*,*,#1284,.F.);
#1708=ORIENTED_EDGE('',*,*,#1275,.F.);
#1709=ORIENTED_EDGE('',*,*,#1282,.F.);
#1710=ORIENTED_EDGE('',*,*,#1285,.T.);
#1711=ORIENTED_EDGE('',*,*,#1286,.T.);
#1712=ORIENTED_EDGE('',*,*,#1287,.F.);
#1713=ORIENTED_EDGE('',*,*,#1288,.T.);
#1714=ORIENTED_EDGE('',*,*,#1289,.T.);
#1715=ORIENTED_EDGE('',*,*,#1287,.T.);
#1716=ORIENTED_EDGE('',*,*,#1290,.T.);
#1717=ORIENTED_EDGE('',*,*,#1291,.F.);
#1718=ORIENTED_EDGE('',*,*,#1292,.T.);
#1719=ORIENTED_EDGE('',*,*,#1290,.F.);
#1720=ORIENTED_EDGE('',*,*,#1286,.F.);
#1721=ORIENTED_EDGE('',*,*,#1293,.T.);
#1722=ORIENTED_EDGE('',*,*,#1294,.F.);
#1723=ORIENTED_EDGE('',*,*,#1295,.T.);
#1724=ORIENTED_EDGE('',*,*,#1296,.T.);
#1725=ORIENTED_EDGE('',*,*,#1283,.T.);
#1726=ORIENTED_EDGE('',*,*,#1294,.T.);
#1727=ORIENTED_EDGE('',*,*,#1281,.T.);
#1728=ORIENTED_EDGE('',*,*,#1297,.F.);
#1729=ORIENTED_EDGE('',*,*,#1298,.T.);
#1730=ORIENTED_EDGE('',*,*,#1299,.T.);
#1731=ORIENTED_EDGE('',*,*,#1300,.T.);
#1732=ORIENTED_EDGE('',*,*,#1297,.T.);
#1733=ORIENTED_EDGE('',*,*,#1270,.T.);
#1734=ORIENTED_EDGE('',*,*,#1262,.F.);
#1735=ORIENTED_EDGE('',*,*,#1301,.F.);
#1736=ORIENTED_EDGE('',*,*,#1302,.F.);
#1737=ORIENTED_EDGE('',*,*,#1231,.T.);
#1738=ORIENTED_EDGE('',*,*,#1301,.T.);
#1739=ORIENTED_EDGE('',*,*,#1278,.T.);
#1740=ORIENTED_EDGE('',*,*,#1303,.F.);
#1741=ORIENTED_EDGE('',*,*,#1304,.T.);
#1742=ORIENTED_EDGE('',*,*,#1305,.F.);
#1743=ORIENTED_EDGE('',*,*,#1293,.F.);
#1744=ORIENTED_EDGE('',*,*,#1285,.F.);
#1745=ORIENTED_EDGE('',*,*,#1306,.F.);
#1746=ORIENTED_EDGE('',*,*,#1307,.T.);
#1747=ORIENTED_EDGE('',*,*,#1265,.T.);
#1748=ORIENTED_EDGE('',*,*,#1308,.F.);
#1749=ORIENTED_EDGE('',*,*,#1309,.F.);
#1750=ORIENTED_EDGE('',*,*,#1302,.T.);
#1751=ORIENTED_EDGE('',*,*,#1304,.F.);
#1752=ORIENTED_EDGE('',*,*,#1310,.F.);
#1753=ORIENTED_EDGE('',*,*,#1311,.F.);
#1754=ORIENTED_EDGE('',*,*,#1263,.F.);
#1755=ORIENTED_EDGE('',*,*,#1241,.T.);
#1756=ORIENTED_EDGE('',*,*,#1245,.T.);
#1757=ORIENTED_EDGE('',*,*,#1232,.T.);
#1758=ORIENTED_EDGE('',*,*,#1312,.F.);
#1759=ORIENTED_EDGE('',*,*,#1308,.T.);
#1760=ORIENTED_EDGE('',*,*,#1264,.T.);
#1761=ORIENTED_EDGE('',*,*,#1311,.T.);
#1762=ORIENTED_EDGE('',*,*,#1313,.F.);
#1763=ORIENTED_EDGE('',*,*,#1314,.F.);
#1764=ORIENTED_EDGE('',*,*,#1310,.T.);
#1765=ORIENTED_EDGE('',*,*,#1303,.T.);
#1766=ORIENTED_EDGE('',*,*,#1315,.T.);
#1767=ORIENTED_EDGE('',*,*,#1316,.F.);
#1768=ORIENTED_EDGE('',*,*,#1315,.F.);
#1769=ORIENTED_EDGE('',*,*,#1280,.F.);
#1770=ORIENTED_EDGE('',*,*,#1317,.F.);
#1771=ORIENTED_EDGE('',*,*,#1306,.T.);
#1772=ORIENTED_EDGE('',*,*,#1288,.F.);
#1773=ORIENTED_EDGE('',*,*,#1289,.F.);
#1774=ORIENTED_EDGE('',*,*,#1292,.F.);
#1775=ORIENTED_EDGE('',*,*,#1291,.T.);
#1776=ORIENTED_EDGE('',*,*,#1305,.T.);
#1777=ORIENTED_EDGE('',*,*,#1318,.F.);
#1778=ORIENTED_EDGE('',*,*,#1316,.T.);
#1779=ORIENTED_EDGE('',*,*,#1318,.T.);
#1780=ORIENTED_EDGE('',*,*,#1309,.T.);
#1781=ORIENTED_EDGE('',*,*,#1319,.F.);
#1782=ORIENTED_EDGE('',*,*,#1313,.T.);
#1783=ORIENTED_EDGE('',*,*,#1319,.T.);
#1784=ORIENTED_EDGE('',*,*,#1312,.T.);
#1785=ORIENTED_EDGE('',*,*,#1314,.T.);
#1786=ORIENTED_EDGE('',*,*,#1320,.F.);
#1787=ORIENTED_EDGE('',*,*,#1321,.F.);
#1788=ORIENTED_EDGE('',*,*,#1322,.T.);
#1789=ORIENTED_EDGE('',*,*,#1320,.T.);
#1790=ORIENTED_EDGE('',*,*,#1322,.F.);
#1791=ORIENTED_EDGE('',*,*,#1323,.F.);
#1792=ORIENTED_EDGE('',*,*,#1324,.F.);
#1793=ORIENTED_EDGE('',*,*,#1325,.T.);
#1794=ORIENTED_EDGE('',*,*,#1323,.T.);
#1795=ORIENTED_EDGE('',*,*,#1325,.F.);
#1796=ORIENTED_EDGE('',*,*,#1326,.F.);
#1797=ORIENTED_EDGE('',*,*,#1327,.F.);
#1798=ORIENTED_EDGE('',*,*,#1328,.T.);
#1799=ORIENTED_EDGE('',*,*,#1326,.T.);
#1800=ORIENTED_EDGE('',*,*,#1328,.F.);
#1801=ORIENTED_EDGE('',*,*,#1268,.F.);
#1802=ORIENTED_EDGE('',*,*,#1296,.F.);
#1803=ORIENTED_EDGE('',*,*,#1329,.F.);
#1804=ORIENTED_EDGE('',*,*,#1225,.T.);
#1805=ORIENTED_EDGE('',*,*,#1329,.T.);
#1806=ORIENTED_EDGE('',*,*,#1295,.F.);
#1807=ORIENTED_EDGE('',*,*,#1298,.F.);
#1808=ORIENTED_EDGE('',*,*,#1300,.F.);
#1809=ORIENTED_EDGE('',*,*,#1330,.F.);
#1810=ORIENTED_EDGE('',*,*,#1230,.T.);
#1811=ORIENTED_EDGE('',*,*,#1227,.T.);
#1812=ORIENTED_EDGE('',*,*,#1226,.T.);
#1813=ORIENTED_EDGE('',*,*,#1330,.T.);
#1814=ORIENTED_EDGE('',*,*,#1299,.F.);
#1815=ORIENTED_EDGE('',*,*,#1274,.F.);
#1816=ORIENTED_EDGE('',*,*,#1331,.F.);
#1817=ORIENTED_EDGE('',*,*,#1199,.T.);
#1818=ORIENTED_EDGE('',*,*,#1229,.T.);
#1819=ORIENTED_EDGE('',*,*,#1331,.T.);
#1820=ORIENTED_EDGE('',*,*,#1273,.T.);
#1821=ORIENTED_EDGE('',*,*,#1276,.T.);
#1822=ORIENTED_EDGE('',*,*,#1284,.T.);
#1823=ORIENTED_EDGE('',*,*,#1266,.F.);
#1824=ORIENTED_EDGE('',*,*,#1307,.F.);
#1825=ORIENTED_EDGE('',*,*,#1317,.T.);
#1826=ORIENTED_EDGE('',*,*,#1279,.F.);
#1827=ORIENTED_EDGE('',*,*,#1260,.F.);
#1828=ORIENTED_EDGE('',*,*,#1208,.T.);
#1829=ORIENTED_EDGE('',*,*,#1248,.F.);
#1830=ORIENTED_EDGE('',*,*,#1238,.T.);
#1831=ORIENTED_EDGE('',*,*,#1269,.T.);
#1832=ORIENTED_EDGE('',*,*,#1213,.F.);
#1833=ORIENTED_EDGE('',*,*,#1205,.F.);
#1834=ORIENTED_EDGE('',*,*,#1200,.F.);
#1835=ORIENTED_EDGE('',*,*,#1258,.F.);
#1836=ORIENTED_EDGE('',*,*,#1255,.F.);
#1837=ORIENTED_EDGE('',*,*,#1252,.F.);
#1838=ORIENTED_EDGE('',*,*,#1321,.T.);
#1839=ORIENTED_EDGE('',*,*,#1324,.T.);
#1840=ORIENTED_EDGE('',*,*,#1327,.T.);
#1841=ORIENTED_EDGE('',*,*,#1332,.T.);
#1842=ORIENTED_EDGE('',*,*,#1333,.T.);
#1843=ORIENTED_EDGE('',*,*,#1334,.T.);
#1844=ORIENTED_EDGE('',*,*,#1335,.T.);
#1845=ORIENTED_EDGE('',*,*,#1336,.T.);
#1846=ORIENTED_EDGE('',*,*,#1337,.T.);
#1847=ORIENTED_EDGE('',*,*,#1332,.F.);
#1848=ORIENTED_EDGE('',*,*,#1338,.T.);
#1849=ORIENTED_EDGE('',*,*,#1339,.T.);
#1850=ORIENTED_EDGE('',*,*,#1340,.T.);
#1851=ORIENTED_EDGE('',*,*,#1336,.F.);
#1852=ORIENTED_EDGE('',*,*,#1341,.T.);
#1853=ORIENTED_EDGE('',*,*,#1342,.T.);
#1854=ORIENTED_EDGE('',*,*,#1343,.T.);
#1855=ORIENTED_EDGE('',*,*,#1334,.F.);
#1856=ORIENTED_EDGE('',*,*,#1344,.T.);
#1857=ORIENTED_EDGE('',*,*,#1345,.T.);
#1858=ORIENTED_EDGE('',*,*,#1346,.T.);
#1859=ORIENTED_EDGE('',*,*,#1342,.F.);
#1860=ORIENTED_EDGE('',*,*,#1347,.T.);
#1861=ORIENTED_EDGE('',*,*,#1339,.F.);
#1862=ORIENTED_EDGE('',*,*,#1348,.T.);
#1863=ORIENTED_EDGE('',*,*,#1345,.F.);
#1864=ORIENTED_EDGE('',*,*,#1349,.T.);
#1865=ORIENTED_EDGE('',*,*,#1341,.F.);
#1866=ORIENTED_EDGE('',*,*,#1350,.F.);
#1867=ORIENTED_EDGE('',*,*,#1351,.F.);
#1868=ORIENTED_EDGE('',*,*,#1352,.F.);
#1869=ORIENTED_EDGE('',*,*,#1353,.T.);
#1870=ORIENTED_EDGE('',*,*,#1354,.F.);
#1871=ORIENTED_EDGE('',*,*,#1355,.F.);
#1872=ORIENTED_EDGE('',*,*,#1338,.F.);
#1873=ORIENTED_EDGE('',*,*,#1356,.F.);
#1874=ORIENTED_EDGE('',*,*,#1357,.T.);
#1875=ORIENTED_EDGE('',*,*,#1350,.T.);
#1876=ORIENTED_EDGE('',*,*,#1335,.F.);
#1877=ORIENTED_EDGE('',*,*,#1358,.F.);
#1878=ORIENTED_EDGE('',*,*,#1359,.F.);
#1879=ORIENTED_EDGE('',*,*,#1356,.T.);
#1880=ORIENTED_EDGE('',*,*,#1343,.F.);
#1881=ORIENTED_EDGE('',*,*,#1360,.T.);
#1882=ORIENTED_EDGE('',*,*,#1361,.T.);
#1883=ORIENTED_EDGE('',*,*,#1358,.T.);
#1884=ORIENTED_EDGE('',*,*,#1340,.F.);
#1885=ORIENTED_EDGE('',*,*,#1349,.F.);
#1886=ORIENTED_EDGE('',*,*,#1347,.F.);
#1887=ORIENTED_EDGE('',*,*,#1344,.F.);
#1888=ORIENTED_EDGE('',*,*,#1333,.F.);
#1889=ORIENTED_EDGE('',*,*,#1337,.F.);
#1890=ORIENTED_EDGE('',*,*,#1362,.T.);
#1891=ORIENTED_EDGE('',*,*,#1363,.T.);
#1892=ORIENTED_EDGE('',*,*,#1364,.T.);
#1893=ORIENTED_EDGE('',*,*,#1365,.T.);
#1894=ORIENTED_EDGE('',*,*,#1366,.T.);
#1895=ORIENTED_EDGE('',*,*,#1367,.T.);
#1896=ORIENTED_EDGE('',*,*,#1368,.T.);
#1897=ORIENTED_EDGE('',*,*,#1365,.F.);
#1898=ORIENTED_EDGE('',*,*,#1369,.T.);
#1899=ORIENTED_EDGE('',*,*,#1370,.F.);
#1900=ORIENTED_EDGE('',*,*,#1371,.T.);
#1901=ORIENTED_EDGE('',*,*,#1346,.F.);
#1902=ORIENTED_EDGE('',*,*,#1372,.T.);
#1903=ORIENTED_EDGE('',*,*,#1368,.F.);
#1904=ORIENTED_EDGE('',*,*,#1373,.F.);
#1905=ORIENTED_EDGE('',*,*,#1374,.F.);
#1906=ORIENTED_EDGE('',*,*,#1375,.F.);
#1907=ORIENTED_EDGE('',*,*,#1360,.F.);
#1908=ORIENTED_EDGE('',*,*,#1367,.F.);
#1909=ORIENTED_EDGE('',*,*,#1376,.T.);
#1910=ORIENTED_EDGE('',*,*,#1377,.F.);
#1911=ORIENTED_EDGE('',*,*,#1378,.T.);
#1912=ORIENTED_EDGE('',*,*,#1379,.T.);
#1913=ORIENTED_EDGE('',*,*,#1370,.T.);
#1914=ORIENTED_EDGE('',*,*,#1354,.T.);
#1915=ORIENTED_EDGE('',*,*,#1377,.T.);
#1916=ORIENTED_EDGE('',*,*,#1369,.F.);
#1917=ORIENTED_EDGE('',*,*,#1372,.F.);
#1918=ORIENTED_EDGE('',*,*,#1348,.F.);
#1919=ORIENTED_EDGE('',*,*,#1355,.T.);
#1920=ORIENTED_EDGE('',*,*,#1366,.F.);
#1921=ORIENTED_EDGE('',*,*,#1371,.F.);
#1922=ORIENTED_EDGE('',*,*,#1379,.F.);
#1923=ORIENTED_EDGE('',*,*,#1376,.F.);
#1924=ORIENTED_EDGE('',*,*,#1378,.F.);
#1925=ORIENTED_EDGE('',*,*,#1353,.F.);
#1926=ORIENTED_EDGE('',*,*,#1380,.F.);
#1927=ORIENTED_EDGE('',*,*,#1373,.T.);
#1928=ORIENTED_EDGE('',*,*,#1374,.T.);
#1929=ORIENTED_EDGE('',*,*,#1380,.T.);
#1930=ORIENTED_EDGE('',*,*,#1352,.T.);
#1931=ORIENTED_EDGE('',*,*,#1381,.T.);
#1932=ORIENTED_EDGE('',*,*,#1362,.F.);
#1933=ORIENTED_EDGE('',*,*,#1382,.T.);
#1934=ORIENTED_EDGE('',*,*,#1383,.T.);
#1935=ORIENTED_EDGE('',*,*,#1382,.F.);
#1936=ORIENTED_EDGE('',*,*,#1363,.F.);
#1937=ORIENTED_EDGE('',*,*,#1384,.T.);
#1938=ORIENTED_EDGE('',*,*,#1385,.T.);
#1939=ORIENTED_EDGE('',*,*,#1384,.F.);
#1940=ORIENTED_EDGE('',*,*,#1364,.F.);
#1941=ORIENTED_EDGE('',*,*,#1386,.T.);
#1942=ORIENTED_EDGE('',*,*,#1387,.T.);
#1943=ORIENTED_EDGE('',*,*,#1386,.F.);
#1944=ORIENTED_EDGE('',*,*,#1361,.F.);
#1945=ORIENTED_EDGE('',*,*,#1375,.T.);
#1946=ORIENTED_EDGE('',*,*,#1381,.F.);
#1947=ORIENTED_EDGE('',*,*,#1351,.T.);
#1948=ORIENTED_EDGE('',*,*,#1357,.F.);
#1949=ORIENTED_EDGE('',*,*,#1359,.T.);
#1950=ORIENTED_EDGE('',*,*,#1387,.F.);
#1951=ORIENTED_EDGE('',*,*,#1385,.F.);
#1952=ORIENTED_EDGE('',*,*,#1383,.F.);
#1953=ORIENTED_EDGE('',*,*,#1388,.T.);
#1954=ORIENTED_EDGE('',*,*,#1389,.T.);
#1955=ORIENTED_EDGE('',*,*,#1390,.T.);
#1956=ORIENTED_EDGE('',*,*,#1391,.T.);
#1957=ORIENTED_EDGE('',*,*,#1388,.F.);
#1958=ORIENTED_EDGE('',*,*,#1392,.T.);
#1959=ORIENTED_EDGE('',*,*,#1393,.T.);
#1960=ORIENTED_EDGE('',*,*,#1394,.T.);
#1961=ORIENTED_EDGE('',*,*,#1391,.F.);
#1962=ORIENTED_EDGE('',*,*,#1395,.F.);
#1963=ORIENTED_EDGE('',*,*,#1396,.F.);
#1964=ORIENTED_EDGE('',*,*,#1397,.F.);
#1965=ORIENTED_EDGE('',*,*,#1398,.T.);
#1966=ORIENTED_EDGE('',*,*,#1396,.T.);
#1967=ORIENTED_EDGE('',*,*,#1399,.T.);
#1968=ORIENTED_EDGE('',*,*,#1400,.T.);
#1969=ORIENTED_EDGE('',*,*,#1401,.F.);
#1970=ORIENTED_EDGE('',*,*,#1402,.T.);
#1971=ORIENTED_EDGE('',*,*,#1403,.T.);
#1972=ORIENTED_EDGE('',*,*,#1404,.T.);
#1973=ORIENTED_EDGE('',*,*,#1405,.T.);
#1974=ORIENTED_EDGE('',*,*,#1402,.F.);
#1975=ORIENTED_EDGE('',*,*,#1406,.F.);
#1976=ORIENTED_EDGE('',*,*,#1407,.F.);
#1977=ORIENTED_EDGE('',*,*,#1408,.F.);
#1978=ORIENTED_EDGE('',*,*,#1400,.F.);
#1979=ORIENTED_EDGE('',*,*,#1409,.T.);
#1980=ORIENTED_EDGE('',*,*,#1410,.T.);
#1981=ORIENTED_EDGE('',*,*,#1411,.T.);
#1982=ORIENTED_EDGE('',*,*,#1410,.F.);
#1983=ORIENTED_EDGE('',*,*,#1412,.F.);
#1984=ORIENTED_EDGE('',*,*,#1413,.F.);
#1985=ORIENTED_EDGE('',*,*,#1414,.F.);
#1986=ORIENTED_EDGE('',*,*,#1404,.F.);
#1987=ORIENTED_EDGE('',*,*,#1415,.T.);
#1988=ORIENTED_EDGE('',*,*,#1413,.T.);
#1989=ORIENTED_EDGE('',*,*,#1416,.T.);
#1990=ORIENTED_EDGE('',*,*,#1417,.T.);
#1991=ORIENTED_EDGE('',*,*,#1418,.F.);
#1992=ORIENTED_EDGE('',*,*,#1419,.T.);
#1993=ORIENTED_EDGE('',*,*,#1420,.T.);
#1994=ORIENTED_EDGE('',*,*,#1407,.T.);
#1995=ORIENTED_EDGE('',*,*,#1421,.T.);
#1996=ORIENTED_EDGE('',*,*,#1421,.F.);
#1997=ORIENTED_EDGE('',*,*,#1406,.T.);
#1998=ORIENTED_EDGE('',*,*,#1401,.T.);
#1999=ORIENTED_EDGE('',*,*,#1422,.T.);
#2000=ORIENTED_EDGE('',*,*,#1423,.F.);
#2001=ORIENTED_EDGE('',*,*,#1424,.F.);
#2002=ORIENTED_EDGE('',*,*,#1425,.F.);
#2003=ORIENTED_EDGE('',*,*,#1420,.F.);
#2004=ORIENTED_EDGE('',*,*,#1426,.F.);
#2005=ORIENTED_EDGE('',*,*,#1427,.T.);
#2006=ORIENTED_EDGE('',*,*,#1428,.T.);
#2007=ORIENTED_EDGE('',*,*,#1429,.T.);
#2008=ORIENTED_EDGE('',*,*,#1430,.F.);
#2009=ORIENTED_EDGE('',*,*,#1431,.F.);
#2010=ORIENTED_EDGE('',*,*,#1392,.F.);
#2011=ORIENTED_EDGE('',*,*,#1397,.T.);
#2012=ORIENTED_EDGE('',*,*,#1398,.F.);
#2013=ORIENTED_EDGE('',*,*,#1411,.F.);
#2014=ORIENTED_EDGE('',*,*,#1414,.T.);
#2015=ORIENTED_EDGE('',*,*,#1415,.F.);
#2016=ORIENTED_EDGE('',*,*,#1403,.F.);
#2017=ORIENTED_EDGE('',*,*,#1408,.T.);
#2018=ORIENTED_EDGE('',*,*,#1432,.T.);
#2019=ORIENTED_EDGE('',*,*,#1433,.T.);
#2020=ORIENTED_EDGE('',*,*,#1434,.T.);
#2021=ORIENTED_EDGE('',*,*,#1435,.T.);
#2022=ORIENTED_EDGE('',*,*,#1436,.T.);
#2023=ORIENTED_EDGE('',*,*,#1393,.F.);
#2024=ORIENTED_EDGE('',*,*,#1437,.T.);
#2025=ORIENTED_EDGE('',*,*,#1435,.F.);
#2026=ORIENTED_EDGE('',*,*,#1390,.F.);
#2027=ORIENTED_EDGE('',*,*,#1438,.T.);
#2028=ORIENTED_EDGE('',*,*,#1433,.F.);
#2029=ORIENTED_EDGE('',*,*,#1439,.T.);
#2030=ORIENTED_EDGE('',*,*,#1440,.T.);
#2031=ORIENTED_EDGE('',*,*,#1422,.F.);
#2032=ORIENTED_EDGE('',*,*,#1405,.F.);
#2033=ORIENTED_EDGE('',*,*,#1416,.F.);
#2034=ORIENTED_EDGE('',*,*,#1412,.T.);
#2035=ORIENTED_EDGE('',*,*,#1409,.F.);
#2036=ORIENTED_EDGE('',*,*,#1399,.F.);
#2037=ORIENTED_EDGE('',*,*,#1395,.T.);
#2038=ORIENTED_EDGE('',*,*,#1432,.F.);
#2039=ORIENTED_EDGE('',*,*,#1441,.T.);
#2040=ORIENTED_EDGE('',*,*,#1442,.F.);
#2041=ORIENTED_EDGE('',*,*,#1439,.F.);
#2042=ORIENTED_EDGE('',*,*,#1437,.F.);
#2043=ORIENTED_EDGE('',*,*,#1431,.T.);
#2044=ORIENTED_EDGE('',*,*,#1443,.F.);
#2045=ORIENTED_EDGE('',*,*,#1441,.F.);
#2046=ORIENTED_EDGE('',*,*,#1419,.F.);
#2047=ORIENTED_EDGE('',*,*,#1444,.T.);
#2048=ORIENTED_EDGE('',*,*,#1426,.T.);
#2049=ORIENTED_EDGE('',*,*,#1418,.T.);
#2050=ORIENTED_EDGE('',*,*,#1445,.T.);
#2051=ORIENTED_EDGE('',*,*,#1446,.T.);
#2052=ORIENTED_EDGE('',*,*,#1444,.F.);
#2053=ORIENTED_EDGE('',*,*,#1417,.F.);
#2054=ORIENTED_EDGE('',*,*,#1425,.T.);
#2055=ORIENTED_EDGE('',*,*,#1445,.F.);
#2056=ORIENTED_EDGE('',*,*,#1446,.F.);
#2057=ORIENTED_EDGE('',*,*,#1424,.T.);
#2058=ORIENTED_EDGE('',*,*,#1447,.F.);
#2059=ORIENTED_EDGE('',*,*,#1429,.F.);
#2060=ORIENTED_EDGE('',*,*,#1448,.F.);
#2061=ORIENTED_EDGE('',*,*,#1449,.F.);
#2062=ORIENTED_EDGE('',*,*,#1450,.F.);
#2063=ORIENTED_EDGE('',*,*,#1451,.F.);
#2064=ORIENTED_EDGE('',*,*,#1452,.F.);
#2065=ORIENTED_EDGE('',*,*,#1427,.F.);
#2066=ORIENTED_EDGE('',*,*,#1453,.T.);
#2067=ORIENTED_EDGE('',*,*,#1454,.F.);
#2068=ORIENTED_EDGE('',*,*,#1455,.T.);
#2069=ORIENTED_EDGE('',*,*,#1456,.T.);
#2070=ORIENTED_EDGE('',*,*,#1454,.T.);
#2071=ORIENTED_EDGE('',*,*,#1457,.T.);
#2072=ORIENTED_EDGE('',*,*,#1440,.F.);
#2073=ORIENTED_EDGE('',*,*,#1458,.T.);
#2074=ORIENTED_EDGE('',*,*,#1457,.F.);
#2075=ORIENTED_EDGE('',*,*,#1453,.F.);
#2076=ORIENTED_EDGE('',*,*,#1459,.T.);
#2077=ORIENTED_EDGE('',*,*,#1460,.F.);
#2078=ORIENTED_EDGE('',*,*,#1423,.T.);
#2079=ORIENTED_EDGE('',*,*,#1456,.F.);
#2080=ORIENTED_EDGE('',*,*,#1461,.F.);
#2081=ORIENTED_EDGE('',*,*,#1462,.F.);
#2082=ORIENTED_EDGE('',*,*,#1463,.F.);
#2083=ORIENTED_EDGE('',*,*,#1464,.F.);
#2084=ORIENTED_EDGE('',*,*,#1459,.F.);
#2085=ORIENTED_EDGE('',*,*,#1455,.F.);
#2086=ORIENTED_EDGE('',*,*,#1458,.F.);
#2087=ORIENTED_EDGE('',*,*,#1442,.T.);
#2088=ORIENTED_EDGE('',*,*,#1465,.F.);
#2089=ORIENTED_EDGE('',*,*,#1461,.T.);
#2090=ORIENTED_EDGE('',*,*,#1389,.F.);
#2091=ORIENTED_EDGE('',*,*,#1394,.F.);
#2092=ORIENTED_EDGE('',*,*,#1436,.F.);
#2093=ORIENTED_EDGE('',*,*,#1434,.F.);
#2094=ORIENTED_EDGE('',*,*,#1438,.F.);
#2095=ORIENTED_EDGE('',*,*,#1462,.T.);
#2096=ORIENTED_EDGE('',*,*,#1465,.T.);
#2097=ORIENTED_EDGE('',*,*,#1443,.T.);
#2098=ORIENTED_EDGE('',*,*,#1466,.F.);
#2099=ORIENTED_EDGE('',*,*,#1430,.T.);
#2100=ORIENTED_EDGE('',*,*,#1467,.T.);
#2101=ORIENTED_EDGE('',*,*,#1463,.T.);
#2102=ORIENTED_EDGE('',*,*,#1466,.T.);
#2103=ORIENTED_EDGE('',*,*,#1447,.T.);
#2104=ORIENTED_EDGE('',*,*,#1460,.T.);
#2105=ORIENTED_EDGE('',*,*,#1464,.T.);
#2106=ORIENTED_EDGE('',*,*,#1467,.F.);
#2107=ORIENTED_EDGE('',*,*,#1428,.F.);
#2108=ORIENTED_EDGE('',*,*,#1468,.T.);
#2109=ORIENTED_EDGE('',*,*,#1469,.T.);
#2110=ORIENTED_EDGE('',*,*,#1468,.F.);
#2111=ORIENTED_EDGE('',*,*,#1452,.T.);
#2112=ORIENTED_EDGE('',*,*,#1470,.T.);
#2113=ORIENTED_EDGE('',*,*,#1471,.T.);
#2114=ORIENTED_EDGE('',*,*,#1472,.F.);
#2115=ORIENTED_EDGE('',*,*,#1450,.T.);
#2116=ORIENTED_EDGE('',*,*,#1449,.T.);
#2117=ORIENTED_EDGE('',*,*,#1473,.F.);
#2118=ORIENTED_EDGE('',*,*,#1474,.F.);
#2119=ORIENTED_EDGE('',*,*,#1471,.F.);
#2120=ORIENTED_EDGE('',*,*,#1470,.F.);
#2121=ORIENTED_EDGE('',*,*,#1451,.T.);
#2122=ORIENTED_EDGE('',*,*,#1469,.F.);
#2123=ORIENTED_EDGE('',*,*,#1472,.T.);
#2124=ORIENTED_EDGE('',*,*,#1474,.T.);
#2125=ORIENTED_EDGE('',*,*,#1473,.T.);
#2126=ORIENTED_EDGE('',*,*,#1448,.T.);
#2127=PLANE('',#2386);
#2128=PLANE('',#2387);
#2129=PLANE('',#2388);
#2130=PLANE('',#2389);
#2131=PLANE('',#2395);
#2132=PLANE('',#2396);
#2133=PLANE('',#2397);
#2134=PLANE('',#2398);
#2135=PLANE('',#2399);
#2136=PLANE('',#2410);
#2137=PLANE('',#2411);
#2138=PLANE('',#2412);
#2139=PLANE('',#2413);
#2140=PLANE('',#2414);
#2141=PLANE('',#2419);
#2142=PLANE('',#2423);
#2143=PLANE('',#2427);
#2144=PLANE('',#2428);
#2145=PLANE('',#2429);
#2146=PLANE('',#2433);
#2147=PLANE('',#2440);
#2148=PLANE('',#2446);
#2149=PLANE('',#2451);
#2150=PLANE('',#2455);
#2151=PLANE('',#2459);
#2152=PLANE('',#2463);
#2153=PLANE('',#2464);
#2154=PLANE('',#2469);
#2155=PLANE('',#2473);
#2156=PLANE('',#2477);
#2157=PLANE('',#2478);
#2158=PLANE('',#2479);
#2159=PLANE('',#2483);
#2160=PLANE('',#2491);
#2161=PLANE('',#2493);
#2162=PLANE('',#2497);
#2163=PLANE('',#2502);
#2164=PLANE('',#2506);
#2165=PLANE('',#2510);
#2166=PLANE('',#2514);
#2167=PLANE('',#2515);
#2168=PLANE('',#2516);
#2169=PLANE('',#2517);
#2170=PLANE('',#2518);
#2171=PLANE('',#2522);
#2172=PLANE('',#2526);
#2173=PLANE('',#2527);
#2174=PLANE('',#2528);
#2175=PLANE('',#2532);
#2176=PLANE('',#2535);
#2177=PLANE('',#2539);
#2178=PLANE('',#2540);
#2179=PLANE('',#2541);
#2180=PLANE('',#2543);
#2181=PLANE('',#2544);
#2182=PLANE('',#2545);
#2183=PLANE('',#2546);
#2184=PLANE('',#2547);
#2185=PLANE('',#2555);
#2186=PLANE('',#2557);
#2187=PLANE('',#2558);
#2188=PLANE('',#2559);
#2189=PLANE('',#2566);
#2190=PLANE('',#2567);
#2191=PLANE('',#2568);
#2192=PLANE('',#2569);
#2193=PLANE('',#2570);
#2194=PLANE('',#2575);
#2195=PLANE('',#2576);
#2196=PLANE('',#2577);
#2197=PLANE('',#2578);
#2198=PLANE('',#2579);
#2199=PLANE('',#2580);
#2200=PLANE('',#2581);
#2201=PLANE('',#2582);
#2202=PLANE('',#2584);
#2203=PLANE('',#2588);
#2204=PLANE('',#2591);
#2205=PLANE('',#2597);
#2206=PLANE('',#2598);
#2207=PLANE('',#2599);
#2208=PLANE('',#2600);
#2209=ADVANCED_FACE('',(#200),#2127,.T.);
#2210=ADVANCED_FACE('',(#201),#2128,.T.);
#2211=ADVANCED_FACE('',(#202),#2129,.T.);
#2212=ADVANCED_FACE('',(#203),#2130,.T.);
#2213=ADVANCED_FACE('',(#204),#179,.T.);
#2214=ADVANCED_FACE('',(#205),#77,.T.);
#2215=ADVANCED_FACE('',(#206),#2131,.T.);
#2216=ADVANCED_FACE('',(#207),#2132,.T.);
#2217=ADVANCED_FACE('',(#208),#2133,.F.);
#2218=ADVANCED_FACE('',(#209),#2134,.T.);
#2219=ADVANCED_FACE('',(#210),#2135,.T.);
#2220=ADVANCED_FACE('',(#211),#78,.T.);
#2221=ADVANCED_FACE('',(#212),#79,.T.);
#2222=ADVANCED_FACE('',(#213),#80,.T.);
#2223=ADVANCED_FACE('',(#214),#81,.T.);
#2224=ADVANCED_FACE('',(#215),#56,.T.);
#2225=ADVANCED_FACE('',(#216),#2136,.T.);
#2226=ADVANCED_FACE('',(#217),#2137,.F.);
#2227=ADVANCED_FACE('',(#218),#2138,.T.);
#2228=ADVANCED_FACE('',(#219),#2139,.T.);
#2229=ADVANCED_FACE('',(#220),#2140,.T.);
#2230=ADVANCED_FACE('',(#221),#82,.T.);
#2231=ADVANCED_FACE('',(#222),#2141,.T.);
#2232=ADVANCED_FACE('',(#223),#83,.F.);
#2233=ADVANCED_FACE('',(#224),#2142,.T.);
#2234=ADVANCED_FACE('',(#225),#84,.T.);
#2235=ADVANCED_FACE('',(#226),#2143,.F.);
#2236=ADVANCED_FACE('',(#227),#2144,.F.);
#2237=ADVANCED_FACE('',(#228),#2145,.F.);
#2238=ADVANCED_FACE('',(#229),#180,.T.);
#2239=ADVANCED_FACE('',(#230),#2146,.F.);
#2240=ADVANCED_FACE('',(#231),#181,.T.);
#2241=ADVANCED_FACE('',(#232),#57,.F.);
#2242=ADVANCED_FACE('',(#233),#2147,.T.);
#2243=ADVANCED_FACE('',(#234),#85,.F.);
#2244=ADVANCED_FACE('',(#235),#86,.F.);
#2245=ADVANCED_FACE('',(#236),#2148,.T.);
#2246=ADVANCED_FACE('',(#237),#87,.T.);
#2247=ADVANCED_FACE('',(#238),#58,.T.);
#2248=ADVANCED_FACE('',(#239),#35,.T.);
#2249=ADVANCED_FACE('',(#240),#2149,.F.);
#2250=ADVANCED_FACE('',(#241),#88,.F.);
#2251=ADVANCED_FACE('',(#242),#2150,.F.);
#2252=ADVANCED_FACE('',(#243),#89,.F.);
#2253=ADVANCED_FACE('',(#244),#2151,.F.);
#2254=ADVANCED_FACE('',(#245),#90,.F.);
#2255=ADVANCED_FACE('',(#246),#2152,.T.);
#2256=ADVANCED_FACE('',(#247),#2153,.T.);
#2257=ADVANCED_FACE('',(#248),#91,.T.);
#2258=ADVANCED_FACE('',(#249),#2154,.F.);
#2259=ADVANCED_FACE('',(#250),#92,.F.);
#2260=ADVANCED_FACE('',(#251),#2155,.F.);
#2261=ADVANCED_FACE('',(#252),#93,.T.);
#2262=ADVANCED_FACE('',(#253),#2156,.T.);
#2263=ADVANCED_FACE('',(#254),#2157,.T.);
#2264=ADVANCED_FACE('',(#255),#2158,.T.);
#2265=ADVANCED_FACE('',(#256),#182,.T.);
#2266=ADVANCED_FACE('',(#257),#2159,.T.);
#2267=ADVANCED_FACE('',(#258),#183,.T.);
#2268=ADVANCED_FACE('',(#259),#94,.F.);
#2269=ADVANCED_FACE('',(#260),#59,.F.);
#2270=ADVANCED_FACE('',(#261),#2160,.F.);
#2271=ADVANCED_FACE('',(#262),#2161,.F.);
#2272=ADVANCED_FACE('',(#263),#95,.F.);
#2273=ADVANCED_FACE('',(#264),#96,.F.);
#2274=ADVANCED_FACE('',(#265),#2162,.F.);
#2275=ADVANCED_FACE('',(#266),#97,.T.);
#2276=ADVANCED_FACE('',(#267),#60,.T.);
#2277=ADVANCED_FACE('',(#268),#36,.F.);
#2278=ADVANCED_FACE('',(#269),#2163,.T.);
#2279=ADVANCED_FACE('',(#270),#98,.F.);
#2280=ADVANCED_FACE('',(#271),#2164,.T.);
#2281=ADVANCED_FACE('',(#272),#99,.F.);
#2282=ADVANCED_FACE('',(#273),#2165,.T.);
#2283=ADVANCED_FACE('',(#274),#100,.F.);
#2284=ADVANCED_FACE('',(#275),#2166,.T.);
#2285=ADVANCED_FACE('',(#276),#2167,.T.);
#2286=ADVANCED_FACE('',(#277),#2168,.T.);
#2287=ADVANCED_FACE('',(#278,#23,#24,#25,#26,#27,#28),#2169,.F.);
#2288=ADVANCED_FACE('',(#279),#2170,.T.);
#2289=ADVANCED_FACE('',(#280),#184,.T.);
#2290=ADVANCED_FACE('',(#281),#2171,.T.);
#2291=ADVANCED_FACE('',(#282),#185,.T.);
#2292=ADVANCED_FACE('',(#283),#2172,.T.);
#2293=ADVANCED_FACE('',(#284),#2173,.T.);
#2294=ADVANCED_FACE('',(#285),#2174,.T.);
#2295=ADVANCED_FACE('',(#286),#101,.T.);
#2296=ADVANCED_FACE('',(#287),#2175,.T.);
#2297=ADVANCED_FACE('',(#288),#102,.T.);
#2298=ADVANCED_FACE('',(#289,#29,#30,#31),#2176,.T.);
#2299=ADVANCED_FACE('',(#290),#2177,.T.);
#2300=ADVANCED_FACE('',(#291),#2178,.T.);
#2301=ADVANCED_FACE('',(#292),#2179,.T.);
#2302=ADVANCED_FACE('',(#293),#2180,.T.);
#2303=ADVANCED_FACE('',(#294),#2181,.T.);
#2304=ADVANCED_FACE('',(#295),#2182,.T.);
#2305=ADVANCED_FACE('',(#296),#2183,.F.);
#2306=ADVANCED_FACE('',(#297),#2184,.T.);
#2307=ADVANCED_FACE('',(#298),#103,.F.);
#2308=ADVANCED_FACE('',(#299),#104,.F.);
#2309=ADVANCED_FACE('',(#300),#105,.F.);
#2310=ADVANCED_FACE('',(#301),#106,.F.);
#2311=ADVANCED_FACE('',(#302,#32,#33,#34),#2185,.F.);
#2312=ADVANCED_FACE('',(#303),#2186,.T.);
#2313=ADVANCED_FACE('',(#304),#2187,.T.);
#2314=ADVANCED_FACE('',(#305),#2188,.F.);
#2315=ADVANCED_FACE('',(#306),#107,.F.);
#2316=ADVANCED_FACE('',(#307),#108,.F.);
#2317=ADVANCED_FACE('',(#308),#2189,.F.);
#2318=ADVANCED_FACE('',(#309),#2190,.T.);
#2319=ADVANCED_FACE('',(#310),#2191,.T.);
#2320=ADVANCED_FACE('',(#311),#2192,.T.);
#2321=ADVANCED_FACE('',(#312),#2193,.T.);
#2322=ADVANCED_FACE('',(#313),#109,.T.);
#2323=ADVANCED_FACE('',(#314),#2194,.F.);
#2324=ADVANCED_FACE('',(#315),#2195,.T.);
#2325=ADVANCED_FACE('',(#316),#2196,.T.);
#2326=ADVANCED_FACE('',(#317),#2197,.T.);
#2327=ADVANCED_FACE('',(#318),#2198,.F.);
#2328=ADVANCED_FACE('',(#319),#2199,.F.);
#2329=ADVANCED_FACE('',(#320),#2200,.T.);
#2330=ADVANCED_FACE('',(#321),#2201,.T.);
#2331=ADVANCED_FACE('',(#322),#186,.T.);
#2332=ADVANCED_FACE('',(#323),#2202,.F.);
#2333=ADVANCED_FACE('',(#324),#37,.T.);
#2334=ADVANCED_FACE('',(#325),#38,.T.);
#2335=ADVANCED_FACE('',(#326),#61,.T.);
#2336=ADVANCED_FACE('',(#327),#2203,.F.);
#2337=ADVANCED_FACE('',(#328),#110,.T.);
#2338=ADVANCED_FACE('',(#329),#2204,.T.);
#2339=ADVANCED_FACE('',(#330),#111,.T.);
#2340=ADVANCED_FACE('',(#331),#112,.T.);
#2341=ADVANCED_FACE('',(#332),#113,.T.);
#2342=ADVANCED_FACE('',(#333),#2205,.T.);
#2343=ADVANCED_FACE('',(#334),#2206,.F.);
#2344=ADVANCED_FACE('',(#335),#2207,.F.);
#2345=ADVANCED_FACE('',(#336),#2208,.F.);
#2346=CLOSED_SHELL('',(#2209,#2210,#2211,#2212,#2213,#2214,#2215,#2216,
#2217,#2218,#2219,#2220,#2221,#2222,#2223,#2224,#2225,#2226,#2227,#2228,
#2229));
#2347=CLOSED_SHELL('',(#2230,#2231,#2232,#2233,#2234,#2235,#2236,#2237,
#2238,#2239,#2240,#2241,#2242,#2243,#2244,#2245,#2246,#2247,#2248,#2249,
#2250,#2251,#2252,#2253,#2254,#2255,#2256,#2257,#2258,#2259,#2260,#2261,
#2262,#2263,#2264,#2265,#2266,#2267,#2268,#2269,#2270,#2271,#2272,#2273,
#2274,#2275,#2276,#2277,#2278,#2279,#2280,#2281,#2282,#2283,#2284,#2285,
#2286,#2287));
#2348=CLOSED_SHELL('',(#2288,#2289,#2290,#2291,#2292,#2293,#2294,#2295,
#2296,#2297,#2298,#2299,#2300,#2301,#2302,#2303,#2304,#2305,#2306,#2307,
#2308,#2309,#2310,#2311));
#2349=CLOSED_SHELL('',(#2312,#2313,#2314,#2315,#2316,#2317,#2318,#2319,
#2320,#2321,#2322,#2323,#2324,#2325,#2326,#2327,#2328,#2329,#2330,#2331,
#2332,#2333,#2334,#2335,#2336,#2337,#2338,#2339,#2340,#2341,#2342,#2343,
#2344,#2345));
#2350=DERIVED_UNIT_ELEMENT(#2356,1.);
#2351=DERIVED_UNIT_ELEMENT(#4481,-3.);
#2352=DERIVED_UNIT_ELEMENT(#2356,1.);
#2353=DERIVED_UNIT_ELEMENT(#4481,-3.);
#2354=DERIVED_UNIT_ELEMENT(#2356,1.);
#2355=DERIVED_UNIT_ELEMENT(#4481,-3.);
#2356=(
MASS_UNIT()
NAMED_UNIT(*)
SI_UNIT(.KILO.,.GRAM.)
);
#2357=DERIVED_UNIT((#2350,#2351));
#2358=DERIVED_UNIT((#2352,#2353));
#2359=DERIVED_UNIT((#2354,#2355));
#2360=MEASURE_REPRESENTATION_ITEM('density measure',
POSITIVE_RATIO_MEASURE(7850.),#2357);
#2361=MEASURE_REPRESENTATION_ITEM('density measure',
POSITIVE_RATIO_MEASURE(7850.),#2358);
#2362=MEASURE_REPRESENTATION_ITEM('density measure',
POSITIVE_RATIO_MEASURE(7850.),#2359);
#2363=PROPERTY_DEFINITION_REPRESENTATION(#2378,#2369);
#2364=PROPERTY_DEFINITION_REPRESENTATION(#2379,#2370);
#2365=PROPERTY_DEFINITION_REPRESENTATION(#2380,#2371);
#2366=PROPERTY_DEFINITION_REPRESENTATION(#2381,#2372);
#2367=PROPERTY_DEFINITION_REPRESENTATION(#2382,#2373);
#2368=PROPERTY_DEFINITION_REPRESENTATION(#2383,#2374);
#2369=REPRESENTATION('material name',(#2375),#4476);
#2370=REPRESENTATION('density',(#2360),#4476);
#2371=REPRESENTATION('material name',(#2376),#4477);
#2372=REPRESENTATION('density',(#2361),#4477);
#2373=REPRESENTATION('material name',(#2377),#4478);
#2374=REPRESENTATION('density',(#2362),#4478);
#2375=DESCRIPTIVE_REPRESENTATION_ITEM('Steel','Steel');
#2376=DESCRIPTIVE_REPRESENTATION_ITEM('Steel','Steel');
#2377=DESCRIPTIVE_REPRESENTATION_ITEM('Steel','Steel');
#2378=PROPERTY_DEFINITION('material property','material name',#4501);
#2379=PROPERTY_DEFINITION('material property','density of part',#4501);
#2380=PROPERTY_DEFINITION('material property','material name',#4502);
#2381=PROPERTY_DEFINITION('material property','density of part',#4502);
#2382=PROPERTY_DEFINITION('material property','material name',#4503);
#2383=PROPERTY_DEFINITION('material property','density of part',#4503);
#2384=AXIS2_PLACEMENT_3D('',#3274,#2604,#2605);
#2385=AXIS2_PLACEMENT_3D('',#3275,#2606,#2607);
#2386=AXIS2_PLACEMENT_3D('',#3276,#2608,#2609);
#2387=AXIS2_PLACEMENT_3D('',#3285,#2614,#2615);
#2388=AXIS2_PLACEMENT_3D('',#3291,#2619,#2620);
#2389=AXIS2_PLACEMENT_3D('',#3300,#2623,#2624);
#2390=AXIS2_PLACEMENT_3D('',#3306,#2628,#2629);
#2391=AXIS2_PLACEMENT_3D('',#3307,#2630,#2631);
#2392=AXIS2_PLACEMENT_3D('',#3308,#2632,#2633);
#2393=AXIS2_PLACEMENT_3D('',#3309,#2634,#2635);
#2394=AXIS2_PLACEMENT_3D('',#3313,#2637,#2638);
#2395=AXIS2_PLACEMENT_3D('',#3315,#2640,#2641);
#2396=AXIS2_PLACEMENT_3D('',#3331,#2650,#2651);
#2397=AXIS2_PLACEMENT_3D('',#3336,#2655,#2656);
#2398=AXIS2_PLACEMENT_3D('',#3337,#2657,#2658);
#2399=AXIS2_PLACEMENT_3D('',#3341,#2661,#2662);
#2400=AXIS2_PLACEMENT_3D('',#3343,#2664,#2665);
#2401=AXIS2_PLACEMENT_3D('',#3347,#2667,#2668);
#2402=AXIS2_PLACEMENT_3D('',#3348,#2669,#2670);
#2403=AXIS2_PLACEMENT_3D('',#3349,#2671,#2672);
#2404=AXIS2_PLACEMENT_3D('',#3353,#2674,#2675);
#2405=AXIS2_PLACEMENT_3D('',#3368,#2676,#2677);
#2406=AXIS2_PLACEMENT_3D('',#3371,#2679,#2680);
#2407=AXIS2_PLACEMENT_3D('',#3372,#2681,#2682);
#2408=AXIS2_PLACEMENT_3D('',#3374,#2684,#2685);
#2409=AXIS2_PLACEMENT_3D('',#3375,#2686,#2687);
#2410=AXIS2_PLACEMENT_3D('',#3376,#2688,#2689);
#2411=AXIS2_PLACEMENT_3D('',#3377,#2690,#2691);
#2412=AXIS2_PLACEMENT_3D('',#3381,#2694,#2695);
#2413=AXIS2_PLACEMENT_3D('',#3387,#2699,#2700);
#2414=AXIS2_PLACEMENT_3D('',#3391,#2703,#2704);
#2415=AXIS2_PLACEMENT_3D('',#3392,#2705,#2706);
#2416=AXIS2_PLACEMENT_3D('',#3393,#2707,#2708);
#2417=AXIS2_PLACEMENT_3D('',#3396,#2709,#2710);
#2418=AXIS2_PLACEMENT_3D('',#3400,#2712,#2713);
#2419=AXIS2_PLACEMENT_3D('',#3404,#2716,#2717);
#2420=AXIS2_PLACEMENT_3D('',#3410,#2721,#2722);
#2421=AXIS2_PLACEMENT_3D('',#3413,#2723,#2724);
#2422=AXIS2_PLACEMENT_3D('',#3417,#2726,#2727);
#2423=AXIS2_PLACEMENT_3D('',#3419,#2729,#2730);
#2424=AXIS2_PLACEMENT_3D('',#3423,#2733,#2734);
#2425=AXIS2_PLACEMENT_3D('',#3425,#2735,#2736);
#2426=AXIS2_PLACEMENT_3D('',#3427,#2737,#2738);
#2427=AXIS2_PLACEMENT_3D('',#3429,#2740,#2741);
#2428=AXIS2_PLACEMENT_3D('',#3438,#2746,#2747);
#2429=AXIS2_PLACEMENT_3D('',#3442,#2750,#2751);
#2430=AXIS2_PLACEMENT_3D('',#3445,#2752,#2753);
#2431=AXIS2_PLACEMENT_3D('',#3448,#2756,#2757);
#2432=AXIS2_PLACEMENT_3D('',#3453,#2760,#2761);
#2433=AXIS2_PLACEMENT_3D('',#3454,#2762,#2763);
#2434=AXIS2_PLACEMENT_3D('',#3458,#2766,#2767);
#2435=AXIS2_PLACEMENT_3D('',#3463,#2768,#2769);
#2436=AXIS2_PLACEMENT_3D('',#3464,#2770,#2771);
#2437=AXIS2_PLACEMENT_3D('',#3466,#2772,#2773);
#2438=AXIS2_PLACEMENT_3D('',#3468,#2774,#2775);
#2439=AXIS2_PLACEMENT_3D('',#3469,#2776,#2777);
#2440=AXIS2_PLACEMENT_3D('',#3470,#2778,#2779);
#2441=AXIS2_PLACEMENT_3D('',#3474,#2781,#2782);
#2442=AXIS2_PLACEMENT_3D('',#3482,#2787,#2788);
#2443=AXIS2_PLACEMENT_3D('',#3494,#2790,#2791);
#2444=AXIS2_PLACEMENT_3D('',#3495,#2792,#2793);
#2445=AXIS2_PLACEMENT_3D('',#3498,#2794,#2795);
#2446=AXIS2_PLACEMENT_3D('',#3509,#2798,#2799);
#2447=AXIS2_PLACEMENT_3D('',#3512,#2802,#2803);
#2448=AXIS2_PLACEMENT_3D('',#3513,#2804,#2805);
#2449=AXIS2_PLACEMENT_3D('',#3514,#2806,#2807);
#2450=AXIS2_PLACEMENT_3D('',#3515,#2808,#2809);
#2451=AXIS2_PLACEMENT_3D('',#3556,#2810,#2811);
#2452=AXIS2_PLACEMENT_3D('',#3558,#2812,#2813);
#2453=AXIS2_PLACEMENT_3D('',#3559,#2814,#2815);
#2454=AXIS2_PLACEMENT_3D('',#3561,#2816,#2817);
#2455=AXIS2_PLACEMENT_3D('',#3563,#2819,#2820);
#2456=AXIS2_PLACEMENT_3D('',#3565,#2821,#2822);
#2457=AXIS2_PLACEMENT_3D('',#3566,#2823,#2824);
#2458=AXIS2_PLACEMENT_3D('',#3568,#2825,#2826);
#2459=AXIS2_PLACEMENT_3D('',#3570,#2828,#2829);
#2460=AXIS2_PLACEMENT_3D('',#3572,#2830,#2831);
#2461=AXIS2_PLACEMENT_3D('',#3573,#2832,#2833);
#2462=AXIS2_PLACEMENT_3D('',#3575,#2834,#2835);
#2463=AXIS2_PLACEMENT_3D('',#3577,#2837,#2838);
#2464=AXIS2_PLACEMENT_3D('',#3583,#2842,#2843);
#2465=AXIS2_PLACEMENT_3D('',#3587,#2845,#2846);
#2466=AXIS2_PLACEMENT_3D('',#3596,#2852,#2853);
#2467=AXIS2_PLACEMENT_3D('',#3599,#2854,#2855);
#2468=AXIS2_PLACEMENT_3D('',#3605,#2858,#2859);
#2469=AXIS2_PLACEMENT_3D('',#3607,#2861,#2862);
#2470=AXIS2_PLACEMENT_3D('',#3613,#2866,#2867);
#2471=AXIS2_PLACEMENT_3D('',#3615,#2868,#2869);
#2472=AXIS2_PLACEMENT_3D('',#3617,#2870,#2871);
#2473=AXIS2_PLACEMENT_3D('',#3619,#2873,#2874);
#2474=AXIS2_PLACEMENT_3D('',#3623,#2877,#2878);
#2475=AXIS2_PLACEMENT_3D('',#3624,#2879,#2880);
#2476=AXIS2_PLACEMENT_3D('',#3625,#2881,#2882);
#2477=AXIS2_PLACEMENT_3D('',#3626,#2883,#2884);
#2478=AXIS2_PLACEMENT_3D('',#3635,#2889,#2890);
#2479=AXIS2_PLACEMENT_3D('',#3639,#2893,#2894);
#2480=AXIS2_PLACEMENT_3D('',#3642,#2895,#2896);
#2481=AXIS2_PLACEMENT_3D('',#3645,#2899,#2900);
#2482=AXIS2_PLACEMENT_3D('',#3649,#2902,#2903);
#2483=AXIS2_PLACEMENT_3D('',#3651,#2905,#2906);
#2484=AXIS2_PLACEMENT_3D('',#3655,#2909,#2910);
#2485=AXIS2_PLACEMENT_3D('',#3660,#2911,#2912);
#2486=AXIS2_PLACEMENT_3D('',#3661,#2913,#2914);
#2487=AXIS2_PLACEMENT_3D('',#3663,#2915,#2916);
#2488=AXIS2_PLACEMENT_3D('',#3665,#2918,#2919);
#2489=AXIS2_PLACEMENT_3D('',#3667,#2920,#2921);
#2490=AXIS2_PLACEMENT_3D('',#3668,#2922,#2923);
#2491=AXIS2_PLACEMENT_3D('',#3669,#2924,#2925);
#2492=AXIS2_PLACEMENT_3D('',#3677,#2930,#2931);
#2493=AXIS2_PLACEMENT_3D('',#3678,#2932,#2933);
#2494=AXIS2_PLACEMENT_3D('',#3682,#2936,#2937);
#2495=AXIS2_PLACEMENT_3D('',#3691,#2938,#2939);
#2496=AXIS2_PLACEMENT_3D('',#3694,#2940,#2941);
#2497=AXIS2_PLACEMENT_3D('',#3704,#2943,#2944);
#2498=AXIS2_PLACEMENT_3D('',#3707,#2947,#2948);
#2499=AXIS2_PLACEMENT_3D('',#3708,#2949,#2950);
#2500=AXIS2_PLACEMENT_3D('',#3709,#2951,#2952);
#2501=AXIS2_PLACEMENT_3D('',#3710,#2953,#2954);
#2502=AXIS2_PLACEMENT_3D('',#3751,#2955,#2956);
#2503=AXIS2_PLACEMENT_3D('',#3753,#2957,#2958);
#2504=AXIS2_PLACEMENT_3D('',#3754,#2959,#2960);
#2505=AXIS2_PLACEMENT_3D('',#3756,#2961,#2962);
#2506=AXIS2_PLACEMENT_3D('',#3758,#2964,#2965);
#2507=AXIS2_PLACEMENT_3D('',#3760,#2966,#2967);
#2508=AXIS2_PLACEMENT_3D('',#3761,#2968,#2969);
#2509=AXIS2_PLACEMENT_3D('',#3763,#2970,#2971);
#2510=AXIS2_PLACEMENT_3D('',#3765,#2973,#2974);
#2511=AXIS2_PLACEMENT_3D('',#3767,#2975,#2976);
#2512=AXIS2_PLACEMENT_3D('',#3768,#2977,#2978);
#2513=AXIS2_PLACEMENT_3D('',#3770,#2979,#2980);
#2514=AXIS2_PLACEMENT_3D('',#3772,#2982,#2983);
#2515=AXIS2_PLACEMENT_3D('',#3774,#2985,#2986);
#2516=AXIS2_PLACEMENT_3D('',#3776,#2988,#2989);
#2517=AXIS2_PLACEMENT_3D('',#3778,#2991,#2992);
#2518=AXIS2_PLACEMENT_3D('',#3779,#2993,#2994);
#2519=AXIS2_PLACEMENT_3D('',#3788,#2999,#3000);
#2520=AXIS2_PLACEMENT_3D('',#3792,#3002,#3003);
#2521=AXIS2_PLACEMENT_3D('',#3793,#3004,#3005);
#2522=AXIS2_PLACEMENT_3D('',#3794,#3006,#3007);
#2523=AXIS2_PLACEMENT_3D('',#3800,#3011,#3012);
#2524=AXIS2_PLACEMENT_3D('',#3804,#3014,#3015);
#2525=AXIS2_PLACEMENT_3D('',#3805,#3016,#3017);
#2526=AXIS2_PLACEMENT_3D('',#3806,#3018,#3019);
#2527=AXIS2_PLACEMENT_3D('',#3812,#3023,#3024);
#2528=AXIS2_PLACEMENT_3D('',#3815,#3027,#3028);
#2529=AXIS2_PLACEMENT_3D('',#3821,#3031,#3032);
#2530=AXIS2_PLACEMENT_3D('',#3827,#3036,#3037);
#2531=AXIS2_PLACEMENT_3D('',#3830,#3039,#3040);
#2532=AXIS2_PLACEMENT_3D('',#3831,#3041,#3042);
#2533=AXIS2_PLACEMENT_3D('',#3835,#3045,#3046);
#2534=AXIS2_PLACEMENT_3D('',#3838,#3048,#3049);
#2535=AXIS2_PLACEMENT_3D('',#3839,#3050,#3051);
#2536=AXIS2_PLACEMENT_3D('',#3841,#3052,#3053);
#2537=AXIS2_PLACEMENT_3D('',#3843,#3054,#3055);
#2538=AXIS2_PLACEMENT_3D('',#3845,#3056,#3057);
#2539=AXIS2_PLACEMENT_3D('',#3846,#3058,#3059);
#2540=AXIS2_PLACEMENT_3D('',#3855,#3064,#3065);
#2541=AXIS2_PLACEMENT_3D('',#3860,#3069,#3070);
#2542=AXIS2_PLACEMENT_3D('',#3865,#3073,#3074);
#2543=AXIS2_PLACEMENT_3D('',#3867,#3076,#3077);
#2544=AXIS2_PLACEMENT_3D('',#3872,#3081,#3082);
#2545=AXIS2_PLACEMENT_3D('',#3874,#3084,#3085);
#2546=AXIS2_PLACEMENT_3D('',#3875,#3086,#3087);
#2547=AXIS2_PLACEMENT_3D('',#3876,#3088,#3089);
#2548=AXIS2_PLACEMENT_3D('',#3878,#3091,#3092);
#2549=AXIS2_PLACEMENT_3D('',#3880,#3094,#3095);
#2550=AXIS2_PLACEMENT_3D('',#3883,#3097,#3098);
#2551=AXIS2_PLACEMENT_3D('',#3884,#3099,#3100);
#2552=AXIS2_PLACEMENT_3D('',#3887,#3102,#3103);
#2553=AXIS2_PLACEMENT_3D('',#3888,#3104,#3105);
#2554=AXIS2_PLACEMENT_3D('',#3891,#3107,#3108);
#2555=AXIS2_PLACEMENT_3D('',#3892,#3109,#3110);
#2556=AXIS2_PLACEMENT_3D('',#3893,#3111,#3112);
#2557=AXIS2_PLACEMENT_3D('',#3894,#3113,#3114);
#2558=AXIS2_PLACEMENT_3D('',#3903,#3119,#3120);
#2559=AXIS2_PLACEMENT_3D('',#3909,#3124,#3125);
#2560=AXIS2_PLACEMENT_3D('',#3915,#3129,#3130);
#2561=AXIS2_PLACEMENT_3D('',#3917,#3131,#3132);
#2562=AXIS2_PLACEMENT_3D('',#3919,#3133,#3134);
#2563=AXIS2_PLACEMENT_3D('',#3921,#3136,#3137);
#2564=AXIS2_PLACEMENT_3D('',#3935,#3139,#3140);
#2565=AXIS2_PLACEMENT_3D('',#3938,#3142,#3143);
#2566=AXIS2_PLACEMENT_3D('',#3939,#3144,#3145);
#2567=AXIS2_PLACEMENT_3D('',#3945,#3149,#3150);
#2568=AXIS2_PLACEMENT_3D('',#3951,#3154,#3155);
#2569=AXIS2_PLACEMENT_3D('',#3957,#3159,#3160);
#2570=AXIS2_PLACEMENT_3D('',#3960,#3163,#3164);
#2571=AXIS2_PLACEMENT_3D('',#3971,#3168,#3169);
#2572=AXIS2_PLACEMENT_3D('',#3972,#3170,#3171);
#2573=AXIS2_PLACEMENT_3D('',#3976,#3173,#3174);
#2574=AXIS2_PLACEMENT_3D('',#3979,#3176,#3177);
#2575=AXIS2_PLACEMENT_3D('',#3980,#3178,#3179);
#2576=AXIS2_PLACEMENT_3D('',#3992,#3186,#3187);
#2577=AXIS2_PLACEMENT_3D('',#4001,#3192,#3193);
#2578=AXIS2_PLACEMENT_3D('',#4004,#3196,#3197);
#2579=AXIS2_PLACEMENT_3D('',#4009,#3201,#3202);
#2580=AXIS2_PLACEMENT_3D('',#4013,#3205,#3206);
#2581=AXIS2_PLACEMENT_3D('',#4015,#3208,#3209);
#2582=AXIS2_PLACEMENT_3D('',#4017,#3211,#3212);
#2583=AXIS2_PLACEMENT_3D('',#4020,#3215,#3216);
#2584=AXIS2_PLACEMENT_3D('',#4021,#3217,#3218);
#2585=AXIS2_PLACEMENT_3D('',#4432,#3225,#3226);
#2586=AXIS2_PLACEMENT_3D('',#4434,#3227,#3228);
#2587=AXIS2_PLACEMENT_3D('',#4435,#3229,#3230);
#2588=AXIS2_PLACEMENT_3D('',#4436,#3231,#3232);
#2589=AXIS2_PLACEMENT_3D('',#4444,#3237,#3238);
#2590=AXIS2_PLACEMENT_3D('',#4445,#3239,#3240);
#2591=AXIS2_PLACEMENT_3D('',#4446,#3241,#3242);
#2592=AXIS2_PLACEMENT_3D('',#4447,#3243,#3244);
#2593=AXIS2_PLACEMENT_3D('',#4448,#3245,#3246);
#2594=AXIS2_PLACEMENT_3D('',#4449,#3247,#3248);
#2595=AXIS2_PLACEMENT_3D('',#4450,#3249,#3250);
#2596=AXIS2_PLACEMENT_3D('',#4451,#3251,#3252);
#2597=AXIS2_PLACEMENT_3D('',#4452,#3253,#3254);
#2598=AXIS2_PLACEMENT_3D('',#4456,#3257,#3258);
#2599=AXIS2_PLACEMENT_3D('',#4462,#3262,#3263);
#2600=AXIS2_PLACEMENT_3D('',#4466,#3266,#3267);
#2601=AXIS2_PLACEMENT_3D('',#4467,#3268,#3269);
#2602=AXIS2_PLACEMENT_3D('',#4468,#3270,#3271);
#2603=AXIS2_PLACEMENT_3D('',#4469,#3272,#3273);
#2604=DIRECTION('axis',(0.,0.,1.));
#2605=DIRECTION('refdir',(1.,0.,0.));
#2606=DIRECTION('axis',(0.,0.,1.));
#2607=DIRECTION('refdir',(1.,0.,0.));
#2608=DIRECTION('center_axis',(-2.51214793389402E-15,-0.707106781186546,
-0.707106781186549));
#2609=DIRECTION('ref_axis',(-1.,0.,3.55271367880046E-15));
#2610=DIRECTION('',(-1.,-3.88193086478347E-33,3.55271367880046E-15));
#2611=DIRECTION('',(-0.577350269189628,0.577350269189627,-0.577350269189622));
#2612=DIRECTION('',(1.,3.88193086478347E-33,-3.55271367880046E-15));
#2613=DIRECTION('',(-0.443712606279657,-0.633687274224642,0.633687274224642));
#2614=DIRECTION('center_axis',(-0.707106781186548,-0.707106781186548,1.02056009814445E-15));
#2615=DIRECTION('ref_axis',(1.4432899320127E-15,0.,1.));
#2616=DIRECTION('',(1.4432899320127E-15,-1.54074395550978E-33,1.));
#2617=DIRECTION('',(-0.577350269189626,0.577350269189627,0.577350269189624));
#2618=DIRECTION('',(-1.4432899320127E-15,1.54074395550978E-33,-1.));
#2619=DIRECTION('center_axis',(5.3106584086011E-16,-0.707106781186546,0.707106781186549));
#2620=DIRECTION('ref_axis',(1.,0.,-7.51040514657437E-16));
#2621=DIRECTION('',(-1.,-3.88193086478347E-33,7.51040514657437E-16));
#2622=DIRECTION('',(1.,3.88193086478347E-33,-7.51040514657437E-16));
#2623=DIRECTION('center_axis',(0.664463024388674,-0.707106781186548,-0.241844762647975));
#2624=DIRECTION('ref_axis',(-0.342020143325669,0.,-0.939692620785909));
#2625=DIRECTION('',(0.342020143325669,-1.20127174759462E-34,0.939692620785909));
#2626=DIRECTION('',(-0.664463024388689,-0.707106781186533,0.241844762647979));
#2627=DIRECTION('',(-0.342020143325669,1.20127174759462E-34,-0.939692620785909));
#2628=DIRECTION('center_axis',(0.,1.,0.));
#2629=DIRECTION('ref_axis',(2.91305586771228E-66,-7.50414154496996E-34,
1.));
#2630=DIRECTION('center_axis',(-3.88193086478347E-33,1.,1.54074395550979E-33));
#2631=DIRECTION('ref_axis',(5.98106151562201E-66,-1.54074395550979E-33,
1.));
#2632=DIRECTION('center_axis',(3.88193086478347E-33,-1.,-1.54074395550979E-33));
#2633=DIRECTION('ref_axis',(0.,0.,1.));
#2634=DIRECTION('center_axis',(0.,1.,0.));
#2635=DIRECTION('ref_axis',(0.,0.,1.));
#2636=DIRECTION('',(0.,1.,0.));
#2637=DIRECTION('center_axis',(0.,1.,0.));
#2638=DIRECTION('ref_axis',(0.998821598252309,0.,0.048532616503772));
#2639=DIRECTION('',(0.,1.,0.));
#2640=DIRECTION('center_axis',(0.939692620785909,0.,-0.342020143325669));
#2641=DIRECTION('ref_axis',(-0.342020143325669,0.,-0.939692620785909));
#2642=DIRECTION('',(0.,1.,0.));
#2643=DIRECTION('',(0.342020143325668,1.57009245868379E-16,0.939692620785909));
#2644=DIRECTION('',(0.,1.,0.));
#2645=DIRECTION('',(0.,1.,0.));
#2646=DIRECTION('',(0.,1.,0.));
#2647=DIRECTION('',(-0.342020143325668,-3.92523114670944E-17,-0.939692620785909));
#2648=DIRECTION('',(0.,1.,0.));
#2649=DIRECTION('',(-0.342020143325669,0.,-0.939692620785909));
#2650=DIRECTION('center_axis',(-3.55271367880046E-15,0.,-1.));
#2651=DIRECTION('ref_axis',(-1.,0.,3.55271367880046E-15));
#2652=DIRECTION('',(0.,1.,0.));
#2653=DIRECTION('',(-1.,0.,3.55271367880046E-15));
#2654=DIRECTION('',(0.,1.,0.));
#2655=DIRECTION('center_axis',(-3.88193086478347E-33,1.,1.54074395550979E-33));
#2656=DIRECTION('ref_axis',(1.,3.88193086478347E-33,-5.55111512312578E-17));
#2657=DIRECTION('center_axis',(-1.,0.,1.4432899320127E-15));
#2658=DIRECTION('ref_axis',(1.4432899320127E-15,0.,1.));
#2659=DIRECTION('',(0.,1.,0.));
#2660=DIRECTION('',(1.4432899320127E-15,0.,1.));
#2661=DIRECTION('center_axis',(7.51040514657437E-16,0.,1.));
#2662=DIRECTION('ref_axis',(1.,0.,-7.51040514657437E-16));
#2663=DIRECTION('',(1.,0.,-7.51040514657437E-16));
#2664=DIRECTION('center_axis',(0.342020143325669,0.,0.939692620785909));
#2665=DIRECTION('ref_axis',(0.664463024388675,0.707106781186547,-0.241844762647976));
#2666=DIRECTION('',(0.342020143325669,0.,0.939692620785909));
#2667=DIRECTION('center_axis',(-0.342020143325669,0.,-0.939692620785908));
#2668=DIRECTION('ref_axis',(0.,1.,0.));
#2669=DIRECTION('center_axis',(0.819152044288994,6.36797766019374E-16,0.573576436351043));
#2670=DIRECTION('ref_axis',(0.573576436351043,9.09441460238394E-16,-0.819152044288994));
#2671=DIRECTION('center_axis',(-1.,0.,7.51040514657437E-16));
#2672=DIRECTION('ref_axis',(0.,0.707106781186547,0.707106781186548));
#2673=DIRECTION('',(-1.,0.,7.51040514657437E-16));
#2674=DIRECTION('center_axis',(0.707106781186549,3.92523114670945E-16,0.707106781186546));
#2675=DIRECTION('ref_axis',(0.707106781186546,-3.92523114670946E-16,-0.707106781186549));
#2676=DIRECTION('center_axis',(-1.4432899320127E-15,0.,-1.));
#2677=DIRECTION('ref_axis',(-0.707106781186548,0.707106781186548,1.17756934401283E-15));
#2678=DIRECTION('',(-1.4432899320127E-15,0.,-1.));
#2679=DIRECTION('center_axis',(-0.707106781186545,-7.8504622934189E-16,
0.70710678118655));
#2680=DIRECTION('ref_axis',(0.70710678118655,7.85046229341892E-16,0.707106781186545));
#2681=DIRECTION('center_axis',(1.,0.,-3.55271367880046E-15));
#2682=DIRECTION('ref_axis',(-3.14018491736755E-15,0.707106781186548,-0.707106781186547));
#2683=DIRECTION('',(1.,0.,-3.55271367880046E-15));
#2684=DIRECTION('center_axis',(0.,-1.,0.));
#2685=DIRECTION('ref_axis',(0.,0.,-1.));
#2686=DIRECTION('center_axis',(0.,-1.,0.));
#2687=DIRECTION('ref_axis',(0.998821598252309,0.,0.0485326165037721));
#2688=DIRECTION('center_axis',(0.,1.,0.));
#2689=DIRECTION('ref_axis',(1.,0.,0.));
#2690=DIRECTION('center_axis',(0.342020143325668,0.,0.939692620785909));
#2691=DIRECTION('ref_axis',(0.939692620785909,0.,-0.342020143325668));
#2692=DIRECTION('',(-0.664463024388674,0.707106781186549,0.241844762647975));
#2693=DIRECTION('',(0.664463024388675,0.707106781186548,-0.241844762647975));
#2694=DIRECTION('center_axis',(0.664463024388675,-0.707106781186548,-0.241844762647975));
#2695=DIRECTION('ref_axis',(0.664463024388675,0.707106781186548,-0.241844762647975));
#2696=DIRECTION('',(0.342020143325669,0.,0.939692620785909));
#2697=DIRECTION('',(0.664463024388675,0.707106781186547,-0.241844762647975));
#2698=DIRECTION('',(0.664463024388664,0.707106781186553,-0.241844762647986));
#2699=DIRECTION('center_axis',(0.342020143325669,0.,0.939692620785909));
#2700=DIRECTION('ref_axis',(0.939692620785909,0.,-0.342020143325669));
#2701=DIRECTION('',(-0.664463024388674,0.707106781186549,0.241844762647975));
#2702=DIRECTION('',(-0.664463024388671,0.707106781186547,0.241844762647987));
#2703=DIRECTION('center_axis',(0.664463024388676,0.707106781186547,-0.241844762647975));
#2704=DIRECTION('ref_axis',(-0.664463024388674,0.707106781186549,0.241844762647975));
#2705=DIRECTION('axis',(0.,0.,1.));
#2706=DIRECTION('refdir',(1.,0.,0.));
#2707=DIRECTION('center_axis',(0.,1.,0.));
#2708=DIRECTION('ref_axis',(0.260277768534968,0.,0.965533781494183));
#2709=DIRECTION('center_axis',(0.,-1.,0.));
#2710=DIRECTION('ref_axis',(0.260277768534968,0.,0.965533781494183));
#2711=DIRECTION('',(0.,1.,0.));
#2712=DIRECTION('center_axis',(1.54074395550979E-33,1.,1.89911354915196E-65));
#2713=DIRECTION('ref_axis',(0.260277768534968,-4.01021398623828E-34,0.965533781494183));
#2714=DIRECTION('',(0.,1.,0.));
#2715=DIRECTION('',(0.,1.,0.));
#2716=DIRECTION('center_axis',(0.863061055493689,0.,-0.505099608483435));
#2717=DIRECTION('ref_axis',(-0.505099608483435,0.,-0.863061055493689));
#2718=DIRECTION('',(0.,-1.,0.));
#2719=DIRECTION('',(-0.505099608483435,0.,-0.863061055493689));
#2720=DIRECTION('',(-0.505099608483435,7.78229168701213E-34,-0.863061055493689));
#2721=DIRECTION('center_axis',(0.,1.,0.));
#2722=DIRECTION('ref_axis',(0.,0.,1.));
#2723=DIRECTION('center_axis',(0.,1.,0.));
#2724=DIRECTION('ref_axis',(0.819152044288992,0.,0.573576436351046));
#2725=DIRECTION('',(0.,1.,0.));
#2726=DIRECTION('center_axis',(1.54074395550979E-33,1.,1.89911354915196E-65));
#2727=DIRECTION('ref_axis',(-5.55111512312578E-17,8.55284707229503E-50,
1.));
#2728=DIRECTION('',(0.,1.,0.));
#2729=DIRECTION('center_axis',(0.863061055435641,0.,-0.505099608582621));
#2730=DIRECTION('ref_axis',(-0.505099608582621,0.,-0.863061055435641));
#2731=DIRECTION('',(0.505099608582621,0.,0.863061055435641));
#2732=DIRECTION('',(0.,-1.,0.));
#2733=DIRECTION('center_axis',(0.,1.,0.));
#2734=DIRECTION('ref_axis',(0.49744366088863,0.,-0.867496284857588));
#2735=DIRECTION('center_axis',(0.,-1.,0.));
#2736=DIRECTION('ref_axis',(0.49744366088863,0.,-0.867496284857588));
#2737=DIRECTION('center_axis',(1.54074395550979E-33,1.,1.89911354915196E-65));
#2738=DIRECTION('ref_axis',(0.49744366088863,-7.66433313720818E-34,-0.867496284857588));
#2739=DIRECTION('',(0.,1.,0.));
#2740=DIRECTION('center_axis',(0.664463024388675,-0.707106781186548,-0.241844762647975));
#2741=DIRECTION('ref_axis',(0.664463024388675,0.707106781186548,-0.241844762647975));
#2742=DIRECTION('',(0.664463024388675,0.707106781186547,-0.241844762647975));
#2743=DIRECTION('',(-0.342020143325669,-3.92523114670944E-16,-0.939692620785908));
#2744=DIRECTION('',(-0.664463024388675,-0.707106781186548,0.241844762647975));
#2745=DIRECTION('',(0.342020143325669,2.77555756156289E-17,0.939692620785909));
#2746=DIRECTION('center_axis',(0.342020143325669,0.,0.939692620785909));
#2747=DIRECTION('ref_axis',(0.939692620785909,0.,-0.342020143325669));
#2748=DIRECTION('',(0.,-1.,0.));
#2749=DIRECTION('',(0.664463024388674,-0.707106781186549,-0.241844762647975));
#2750=DIRECTION('center_axis',(0.664463024388676,0.707106781186547,-0.241844762647975));
#2751=DIRECTION('ref_axis',(-0.664463024388674,0.707106781186549,0.241844762647975));
#2752=DIRECTION('center_axis',(-0.664463024388676,-0.707106781186547,0.241844762647975));
#2753=DIRECTION('ref_axis',(-0.664463024388674,0.707106781186548,0.241844762647975));
#2754=DIRECTION('',(-0.664463024388674,0.707106781186549,0.241844762647975));
#2755=DIRECTION('',(0.342020143325669,-3.14018491736755E-16,0.939692620785908));
#2756=DIRECTION('center_axis',(0.,-1.,0.));
#2757=DIRECTION('ref_axis',(0.49744366088863,0.,-0.867496284857588));
#2758=DIRECTION('',(0.610276324876561,-0.707106781186548,-0.357159358403441));
#2759=DIRECTION('',(-3.14018491766573E-15,-0.707106781253692,-0.707106781119403));
#2760=DIRECTION('center_axis',(0.,1.,0.));
#2761=DIRECTION('ref_axis',(0.49744366088863,0.,-0.867496284857588));
#2762=DIRECTION('center_axis',(-0.610276324876562,-0.707106781186546,0.357159358403443));
#2763=DIRECTION('ref_axis',(0.505099608582621,0.,0.863061055435641));
#2764=DIRECTION('',(-0.505099608582621,0.,-0.863061055435641));
#2765=DIRECTION('',(0.610276324877127,-0.707106781186546,-0.357159358402478));
#2766=DIRECTION('center_axis',(0.,-1.,0.));
#2767=DIRECTION('ref_axis',(0.260277768534968,0.,0.965533781494183));
#2768=DIRECTION('center_axis',(0.,1.,0.));
#2769=DIRECTION('ref_axis',(0.260277768534968,0.,0.965533781494183));
#2770=DIRECTION('center_axis',(0.,1.,0.));
#2771=DIRECTION('ref_axis',(0.,0.,1.));
#2772=DIRECTION('center_axis',(1.,0.,0.));
#2773=DIRECTION('ref_axis',(0.,1.,0.));
#2774=DIRECTION('center_axis',(0.,-1.,0.));
#2775=DIRECTION('ref_axis',(0.819152044288992,0.,0.573576436351046));
#2776=DIRECTION('center_axis',(-0.342020143325671,0.,-0.939692620785907));
#2777=DIRECTION('ref_axis',(0.,1.,0.));
#2778=DIRECTION('center_axis',(-0.342020143325669,0.,-0.939692620785908));
#2779=DIRECTION('ref_axis',(-0.939692620785908,0.,0.342020143325669));
#2780=DIRECTION('',(0.,1.,0.));
#2781=DIRECTION('center_axis',(0.342020143325669,0.,0.939692620785908));
#2782=DIRECTION('ref_axis',(0.907673371190368,0.258819045102521,-0.330366089549352));
#2783=DIRECTION('',(0.939692620785908,0.,-0.342020143325669));
#2784=DIRECTION('',(0.,1.,0.));
#2785=DIRECTION('',(0.939692620785908,-1.44782572551304E-33,-0.342020143325669));
#2786=DIRECTION('',(0.,1.,0.));
#2787=DIRECTION('center_axis',(0.939692620785908,0.,-0.342020143325669));
#2788=DIRECTION('ref_axis',(0.241844762647976,0.707106781186549,0.664463024388673));
#2789=DIRECTION('',(-0.939692620785908,0.,0.342020143325669));
#2790=DIRECTION('center_axis',(0.,0.,1.));
#2791=DIRECTION('ref_axis',(1.,0.,0.));
#2792=DIRECTION('center_axis',(-0.342020143325669,0.,-0.939692620785908));
#2793=DIRECTION('ref_axis',(0.664463024388675,0.707106781186548,-0.241844762647975));
#2794=DIRECTION('center_axis',(-0.342020143325669,0.,-0.939692620785908));
#2795=DIRECTION('ref_axis',(0.907673371190368,0.258819045102521,-0.330366089549353));
#2796=DIRECTION('',(-0.342020143325669,0.,-0.939692620785908));
#2797=DIRECTION('',(0.342020143325669,0.,0.939692620785908));
#2798=DIRECTION('center_axis',(-0.939692620785908,0.,0.342020143325669));
#2799=DIRECTION('ref_axis',(0.342020143325669,0.,0.939692620785908));
#2800=DIRECTION('',(0.,-1.,0.));
#2801=DIRECTION('',(0.342020143325669,-5.26965468491616E-34,0.939692620785908));
#2802=DIRECTION('center_axis',(0.,-1.,0.));
#2803=DIRECTION('ref_axis',(-0.90630778703665,0.,-0.422618261740699));
#2804=DIRECTION('center_axis',(0.,-1.,0.));
#2805=DIRECTION('ref_axis',(-0.939692620785908,0.,0.342020143325669));
#2806=DIRECTION('center_axis',(-0.342020143325669,0.,-0.939692620785908));
#2807=DIRECTION('ref_axis',(0.939692620785908,0.,-0.342020143325669));
#2808=DIRECTION('center_axis',(0.313230873595528,-0.942809041582016,-0.114006714441667));
#2809=DIRECTION('ref_axis',(-0.885950699184856,-0.333333333333469,0.322459683530614));
#2810=DIRECTION('center_axis',(0.,1.,0.));
#2811=DIRECTION('ref_axis',(-1.,0.,0.));
#2812=DIRECTION('center_axis',(0.,-1.,0.));
#2813=DIRECTION('ref_axis',(-1.,0.,0.));
#2814=DIRECTION('center_axis',(0.,-1.,0.));
#2815=DIRECTION('ref_axis',(-1.,0.,0.));
#2816=DIRECTION('center_axis',(-1.54074395550979E-33,-1.,-1.89911354915196E-65));
#2817=DIRECTION('ref_axis',(-1.,0.,0.));
#2818=DIRECTION('',(0.,1.,0.));
#2819=DIRECTION('center_axis',(0.,1.,0.));
#2820=DIRECTION('ref_axis',(-1.,0.,0.));
#2821=DIRECTION('center_axis',(0.,-1.,-9.4955677457598E-66));
#2822=DIRECTION('ref_axis',(-1.,0.,0.));
#2823=DIRECTION('center_axis',(0.,-1.,-9.4955677457598E-66));
#2824=DIRECTION('ref_axis',(-1.,0.,0.));
#2825=DIRECTION('center_axis',(-1.54074395550979E-33,-1.,-2.84867032372794E-65));
#2826=DIRECTION('ref_axis',(-1.,0.,0.));
#2827=DIRECTION('',(0.,1.,9.4955677457598E-66));
#2828=DIRECTION('center_axis',(0.,1.,0.));
#2829=DIRECTION('ref_axis',(-1.,0.,0.));
#2830=DIRECTION('center_axis',(0.,-1.,0.));
#2831=DIRECTION('ref_axis',(-1.,0.,0.));
#2832=DIRECTION('center_axis',(0.,-1.,0.));
#2833=DIRECTION('ref_axis',(-1.,0.,0.));
#2834=DIRECTION('center_axis',(-1.54074395550979E-33,-1.,-1.89911354915196E-65));
#2835=DIRECTION('ref_axis',(-1.,0.,0.));
#2836=DIRECTION('',(0.,1.,0.));
#2837=DIRECTION('center_axis',(0.,0.,-1.));
#2838=DIRECTION('ref_axis',(-1.,0.,0.));
#2839=DIRECTION('',(-1.,-1.54074395550979E-33,5.55111512312578E-17));
#2840=DIRECTION('',(0.,1.,0.));
#2841=DIRECTION('',(1.,0.,0.));
#2842=DIRECTION('center_axis',(0.,0.,-1.));
#2843=DIRECTION('ref_axis',(-1.,0.,0.));
#2844=DIRECTION('',(-1.,0.,1.73214179139241E-16));
#2845=DIRECTION('center_axis',(0.,0.,-1.));
#2846=DIRECTION('ref_axis',(-1.,0.,0.));
#2847=DIRECTION('',(0.,1.,0.));
#2848=DIRECTION('',(-1.,-1.54074395550979E-33,5.55111512312578E-17));
#2849=DIRECTION('',(0.,1.,0.));
#2850=DIRECTION('',(1.,0.,0.));
#2851=DIRECTION('',(1.,-1.54074395550979E-33,5.55111512312578E-17));
#2852=DIRECTION('center_axis',(0.,-1.,0.));
#2853=DIRECTION('ref_axis',(-0.260277768534968,0.,0.965533781494183));
#2854=DIRECTION('center_axis',(0.,1.,0.));
#2855=DIRECTION('ref_axis',(-0.260277768534968,0.,0.965533781494183));
#2856=DIRECTION('',(0.,1.,0.));
#2857=DIRECTION('',(0.,1.,0.));
#2858=DIRECTION('center_axis',(1.54074395550979E-33,-1.,-1.89911354915196E-65));
#2859=DIRECTION('ref_axis',(-0.260277768534968,-4.01021398623828E-34,0.965533781494183));
#2860=DIRECTION('',(0.,1.,0.));
#2861=DIRECTION('center_axis',(0.863061055493689,0.,0.505099608483435));
#2862=DIRECTION('ref_axis',(0.505099608483435,0.,-0.863061055493689));
#2863=DIRECTION('',(0.,-1.,0.));
#2864=DIRECTION('',(0.505099608483435,7.78229168701213E-34,-0.863061055493689));
#2865=DIRECTION('',(0.505099608483435,0.,-0.863061055493689));
#2866=DIRECTION('center_axis',(0.,-1.,0.));
#2867=DIRECTION('ref_axis',(0.,0.,1.));
#2868=DIRECTION('center_axis',(0.,-1.,0.));
#2869=DIRECTION('ref_axis',(-0.819152044288992,0.,0.573576436351046));
#2870=DIRECTION('center_axis',(1.54074395550979E-33,-1.,-1.89911354915196E-65));
#2871=DIRECTION('ref_axis',(5.55111512312578E-17,8.55284707229503E-50,1.));
#2872=DIRECTION('',(0.,1.,0.));
#2873=DIRECTION('center_axis',(0.863061055435641,0.,0.505099608582621));
#2874=DIRECTION('ref_axis',(0.505099608582621,0.,-0.863061055435641));
#2875=DIRECTION('',(-0.505099608582621,0.,0.863061055435641));
#2876=DIRECTION('',(0.,-1.,0.));
#2877=DIRECTION('center_axis',(0.,-1.,0.));
#2878=DIRECTION('ref_axis',(-0.49744366088863,0.,-0.867496284857588));
#2879=DIRECTION('center_axis',(0.,1.,0.));
#2880=DIRECTION('ref_axis',(-0.49744366088863,0.,-0.867496284857588));
#2881=DIRECTION('center_axis',(1.54074395550979E-33,-1.,-1.89911354915196E-65));
#2882=DIRECTION('ref_axis',(-0.49744366088863,-7.66433313720818E-34,-0.867496284857588));
#2883=DIRECTION('center_axis',(0.664463024388675,0.707106781186548,0.241844762647975));
#2884=DIRECTION('ref_axis',(-0.664463024388675,0.707106781186548,-0.241844762647975));
#2885=DIRECTION('',(-0.664463024388675,0.707106781186547,-0.241844762647975));
#2886=DIRECTION('',(-0.342020143325669,2.77555756156289E-17,0.939692620785909));
#2887=DIRECTION('',(0.664463024388675,-0.707106781186548,0.241844762647975));
#2888=DIRECTION('',(0.342020143325669,-3.92523114670944E-16,-0.939692620785908));
#2889=DIRECTION('center_axis',(0.342020143325669,0.,-0.939692620785909));
#2890=DIRECTION('ref_axis',(-0.939692620785909,0.,-0.342020143325669));
#2891=DIRECTION('',(0.,-1.,0.));
#2892=DIRECTION('',(-0.664463024388674,-0.707106781186549,-0.241844762647975));
#2893=DIRECTION('center_axis',(0.664463024388676,-0.707106781186547,0.241844762647975));
#2894=DIRECTION('ref_axis',(0.664463024388674,0.707106781186549,0.241844762647975));
#2895=DIRECTION('center_axis',(-0.664463024388676,0.707106781186547,-0.241844762647975));
#2896=DIRECTION('ref_axis',(0.664463024388674,0.707106781186548,0.241844762647975));
#2897=DIRECTION('',(-0.342020143325669,-3.14018491736755E-16,0.939692620785908));
#2898=DIRECTION('',(0.664463024388674,0.707106781186549,0.241844762647975));
#2899=DIRECTION('center_axis',(0.,-1.,0.));
#2900=DIRECTION('ref_axis',(-0.49744366088863,0.,-0.867496284857588));
#2901=DIRECTION('',(-0.610276324876561,-0.707106781186548,-0.357159358403441));
#2902=DIRECTION('center_axis',(0.,-1.,0.));
#2903=DIRECTION('ref_axis',(-0.49744366088863,0.,-0.867496284857588));
#2904=DIRECTION('',(3.14018491766573E-15,-0.707106781253692,-0.707106781119403));
#2905=DIRECTION('center_axis',(-0.610276324876562,0.707106781186546,-0.357159358403443));
#2906=DIRECTION('ref_axis',(-0.505099608582621,0.,0.863061055435641));
#2907=DIRECTION('',(-0.610276324877127,-0.707106781186546,-0.357159358402478));
#2908=DIRECTION('',(0.505099608582621,0.,-0.863061055435641));
#2909=DIRECTION('center_axis',(0.,-1.,0.));
#2910=DIRECTION('ref_axis',(-0.260277768534968,0.,0.965533781494183));
#2911=DIRECTION('center_axis',(0.,-1.,0.));
#2912=DIRECTION('ref_axis',(-0.260277768534968,0.,0.965533781494183));
#2913=DIRECTION('center_axis',(1.,0.,0.));
#2914=DIRECTION('ref_axis',(0.,0.707106781186547,0.707106781186548));
#2915=DIRECTION('center_axis',(1.,0.,0.));
#2916=DIRECTION('ref_axis',(0.,1.,0.));
#2917=DIRECTION('',(-1.,0.,0.));
#2918=DIRECTION('center_axis',(0.,1.,0.));
#2919=DIRECTION('ref_axis',(0.,0.,1.));
#2920=DIRECTION('center_axis',(-0.342020143325671,0.,0.939692620785907));
#2921=DIRECTION('ref_axis',(0.,1.,0.));
#2922=DIRECTION('center_axis',(0.,1.,0.));
#2923=DIRECTION('ref_axis',(-0.819152044288992,0.,0.573576436351046));
#2924=DIRECTION('center_axis',(-0.342020143325669,0.,0.939692620785908));
#2925=DIRECTION('ref_axis',(0.939692620785908,0.,0.342020143325669));
#2926=DIRECTION('',(0.,1.,0.));
#2927=DIRECTION('',(0.,1.,0.));
#2928=DIRECTION('',(-0.939692620785908,-1.44782572551304E-33,-0.342020143325669));
#2929=DIRECTION('',(-0.939692620785908,0.,-0.342020143325669));
#2930=DIRECTION('center_axis',(0.342020143325669,0.,-0.939692620785908));
#2931=DIRECTION('ref_axis',(-0.907673371190368,0.258819045102521,-0.330366089549352));
#2932=DIRECTION('center_axis',(0.,1.,0.));
#2933=DIRECTION('ref_axis',(-1.,0.,0.));
#2934=DIRECTION('',(-0.342020143325669,0.,0.939692620785908));
#2935=DIRECTION('',(0.939692620785908,0.,0.342020143325669));
#2936=DIRECTION('center_axis',(0.939692620785908,0.,0.342020143325669));
#2937=DIRECTION('ref_axis',(-0.241844762647976,0.707106781186549,0.664463024388673));
#2938=DIRECTION('center_axis',(-0.342020143325669,0.,0.939692620785908));
#2939=DIRECTION('ref_axis',(-0.664463024388675,0.707106781186548,-0.241844762647975));
#2940=DIRECTION('center_axis',(-0.342020143325669,0.,0.939692620785908));
#2941=DIRECTION('ref_axis',(-0.907673371190368,0.258819045102521,-0.330366089549353));
#2942=DIRECTION('',(0.342020143325669,0.,-0.939692620785908));
#2943=DIRECTION('center_axis',(-0.939692620785908,0.,-0.342020143325669));
#2944=DIRECTION('ref_axis',(-0.342020143325669,0.,0.939692620785908));
#2945=DIRECTION('',(0.,-1.,0.));
#2946=DIRECTION('',(-0.342020143325669,-5.26965468491616E-34,0.939692620785908));
#2947=DIRECTION('center_axis',(0.,1.,0.));
#2948=DIRECTION('ref_axis',(0.90630778703665,0.,-0.422618261740699));
#2949=DIRECTION('center_axis',(0.,1.,0.));
#2950=DIRECTION('ref_axis',(0.939692620785908,0.,0.342020143325669));
#2951=DIRECTION('center_axis',(0.342020143325669,0.,-0.939692620785908));
#2952=DIRECTION('ref_axis',(-0.939692620785908,0.,-0.342020143325669));
#2953=DIRECTION('center_axis',(0.313230873595528,0.942809041582016,0.114006714441667));
#2954=DIRECTION('ref_axis',(0.885950699184856,-0.333333333333469,0.322459683530614));
#2955=DIRECTION('center_axis',(0.,-1.,0.));
#2956=DIRECTION('ref_axis',(1.,0.,0.));
#2957=DIRECTION('center_axis',(0.,1.,0.));
#2958=DIRECTION('ref_axis',(1.,0.,0.));
#2959=DIRECTION('center_axis',(0.,1.,0.));
#2960=DIRECTION('ref_axis',(1.,0.,0.));
#2961=DIRECTION('center_axis',(-1.54074395550979E-33,1.,1.89911354915196E-65));
#2962=DIRECTION('ref_axis',(1.,0.,0.));
#2963=DIRECTION('',(0.,1.,0.));
#2964=DIRECTION('center_axis',(0.,-1.,0.));
#2965=DIRECTION('ref_axis',(1.,0.,0.));
#2966=DIRECTION('center_axis',(0.,1.,9.4955677457598E-66));
#2967=DIRECTION('ref_axis',(1.,0.,0.));
#2968=DIRECTION('center_axis',(0.,1.,9.4955677457598E-66));
#2969=DIRECTION('ref_axis',(1.,0.,0.));
#2970=DIRECTION('center_axis',(-1.54074395550979E-33,1.,2.84867032372794E-65));
#2971=DIRECTION('ref_axis',(1.,0.,0.));
#2972=DIRECTION('',(0.,1.,9.4955677457598E-66));
#2973=DIRECTION('center_axis',(0.,-1.,0.));
#2974=DIRECTION('ref_axis',(1.,0.,0.));
#2975=DIRECTION('center_axis',(0.,1.,0.));
#2976=DIRECTION('ref_axis',(1.,0.,0.));
#2977=DIRECTION('center_axis',(0.,1.,0.));
#2978=DIRECTION('ref_axis',(1.,0.,0.));
#2979=DIRECTION('center_axis',(-1.54074395550979E-33,1.,1.89911354915196E-65));
#2980=DIRECTION('ref_axis',(1.,0.,0.));
#2981=DIRECTION('',(0.,1.,0.));
#2982=DIRECTION('center_axis',(0.,0.707106781186548,-0.707106781186548));
#2983=DIRECTION('ref_axis',(-1.,0.,0.));
#2984=DIRECTION('',(-1.,0.,0.));
#2985=DIRECTION('center_axis',(0.,1.,0.));
#2986=DIRECTION('ref_axis',(-1.,0.,0.));
#2987=DIRECTION('',(-1.,0.,-1.93346422294178E-16));
#2988=DIRECTION('center_axis',(0.,0.,1.));
#2989=DIRECTION('ref_axis',(1.,0.,0.));
#2990=DIRECTION('',(-1.,1.54074395550979E-33,-5.55111512312578E-17));
#2991=DIRECTION('center_axis',(-1.54074395550979E-33,1.,1.89911354915196E-65));
#2992=DIRECTION('ref_axis',(1.,1.54074395550979E-33,-5.55111512312578E-17));
#2993=DIRECTION('center_axis',(-0.664463024388675,-0.707106781186547,-0.241844762647976));
#2994=DIRECTION('ref_axis',(-0.342020143325669,0.,0.939692620785908));
#2995=DIRECTION('',(0.664463024388675,-0.707106781186548,0.241844762647973));
#2996=DIRECTION('',(-0.342020143325669,-8.55261299970071E-50,0.939692620785908));
#2997=DIRECTION('',(-0.664463024388674,0.707106781186548,-0.241844762647976));
#2998=DIRECTION('',(0.342020143325669,8.55261299970071E-50,-0.939692620785908));
#2999=DIRECTION('center_axis',(0.,1.,0.));
#3000=DIRECTION('ref_axis',(-0.939692620785908,-7.60258274617126E-50,-0.342020143325669));
#3001=DIRECTION('',(-0.241844762647974,-0.707106781186548,0.664463024388674));
#3002=DIRECTION('center_axis',(-1.89993704613223E-49,1.,2.1862953331522E-50));
#3003=DIRECTION('ref_axis',(-0.939692620785908,-1.71058111788853E-49,-0.342020143325669));
#3004=DIRECTION('center_axis',(1.89993704613223E-49,-1.,-2.1862953331522E-50));
#3005=DIRECTION('ref_axis',(-0.939692620785908,0.,-0.342020143325669));
#3006=DIRECTION('center_axis',(0.241844762647976,-0.707106781186546,-0.664463024388676));
#3007=DIRECTION('ref_axis',(-0.939692620785909,0.,-0.342020143325669));
#3008=DIRECTION('',(-0.7399972093836,-0.577350269189626,0.345066365748897));
#3009=DIRECTION('',(-0.939692620785909,-1.71058111788853E-49,-0.342020143325669));
#3010=DIRECTION('',(0.939692620785909,1.71058111788853E-49,0.342020143325669));
#3011=DIRECTION('center_axis',(0.,1.,0.));
#3012=DIRECTION('ref_axis',(-0.90630778703665,-8.06366476943958E-50,0.422618261740699));
#3013=DIRECTION('',(-0.241844762647974,0.707106781186548,0.664463024388674));
#3014=DIRECTION('center_axis',(1.89993704613223E-49,-1.,-2.1862953331522E-50));
#3015=DIRECTION('ref_axis',(-0.90630778703665,0.,0.422618261740699));
#3016=DIRECTION('center_axis',(-1.89993704613223E-49,1.,2.1862953331522E-50));
#3017=DIRECTION('ref_axis',(-0.90630778703665,-1.81432457312391E-49,0.422618261740699));
#3018=DIRECTION('center_axis',(-0.241844762647976,-0.707106781186545,0.664463024388677));
#3019=DIRECTION('ref_axis',(0.939692620785908,0.,0.342020143325669));
#3020=DIRECTION('',(0.345066365748903,0.577350269189626,0.739997209383597));
#3021=DIRECTION('',(-0.939692620785908,-1.71058111788853E-49,-0.342020143325669));
#3022=DIRECTION('',(0.939692620785908,1.71058111788853E-49,0.342020143325669));
#3023=DIRECTION('center_axis',(0.664463024388673,-0.707106781186549,0.241844762647975));
#3024=DIRECTION('ref_axis',(0.34202014332567,0.,-0.939692620785908));
#3025=DIRECTION('',(-0.34202014332567,-8.55261299970072E-50,0.939692620785908));
#3026=DIRECTION('',(0.34202014332567,8.55261299970072E-50,-0.939692620785908));
#3027=DIRECTION('center_axis',(0.342020143325669,0.,-0.939692620785908));
#3028=DIRECTION('ref_axis',(0.939692620785909,-6.75878398162242E-65,0.342020143325669));
#3029=DIRECTION('',(0.,-1.,0.));
#3030=DIRECTION('',(-0.939692620785909,6.75878398162242E-65,-0.342020143325669));
#3031=DIRECTION('center_axis',(0.342020143325669,0.,-0.939692620785908));
#3032=DIRECTION('ref_axis',(0.664463024388674,-0.707106781186548,0.241844762647975));
#3033=DIRECTION('',(0.,1.,0.));
#3034=DIRECTION('',(-0.939692620785909,6.7091883470724E-60,-0.342020143325669));
#3035=DIRECTION('',(0.,1.,0.));
#3036=DIRECTION('center_axis',(0.,-1.,0.));
#3037=DIRECTION('ref_axis',(-0.939692620785908,0.,-0.342020143325669));
#3038=DIRECTION('',(0.,-1.,0.));
#3039=DIRECTION('center_axis',(-5.83307862476068E-65,-1.,-2.12306701141359E-65));
#3040=DIRECTION('ref_axis',(-0.939692620785908,6.2074326236853E-65,-0.342020143325669));
#3041=DIRECTION('center_axis',(-0.939692620785908,0.,-0.342020143325669));
#3042=DIRECTION('ref_axis',(0.342020143325669,1.67888081403393E-73,-0.939692620785908));
#3043=DIRECTION('',(3.05181664695677E-66,-1.,-8.38479732582945E-66));
#3044=DIRECTION('',(-0.342020143325669,-1.67888081403393E-73,0.939692620785908));
#3045=DIRECTION('center_axis',(3.05181664695677E-66,-1.,-8.38479732582945E-66));
#3046=DIRECTION('ref_axis',(-0.90630778703665,0.,0.422618261740699));
#3047=DIRECTION('',(-3.05181664695677E-66,1.,8.38479732582944E-66));
#3048=DIRECTION('center_axis',(1.89993704613223E-49,-1.,-2.1862953331522E-50));
#3049=DIRECTION('ref_axis',(-0.90630778703665,0.,0.422618261740699));
#3050=DIRECTION('center_axis',(1.89993704613223E-49,-1.,-2.1862953331522E-50));
#3051=DIRECTION('ref_axis',(1.,1.89993704613223E-49,0.));
#3052=DIRECTION('center_axis',(1.89993704613223E-49,-1.,-2.1862953331522E-50));
#3053=DIRECTION('ref_axis',(1.,0.,0.));
#3054=DIRECTION('center_axis',(1.89993704613223E-49,-1.,-2.1862953331522E-50));
#3055=DIRECTION('ref_axis',(1.,0.,0.));
#3056=DIRECTION('center_axis',(1.89993704613223E-49,-1.,-2.1862953331522E-50));
#3057=DIRECTION('ref_axis',(1.,0.,0.));
#3058=DIRECTION('center_axis',(-0.241844762647976,0.707106781186548,0.664463024388674));
#3059=DIRECTION('ref_axis',(0.939692620785908,0.,0.342020143325669));
#3060=DIRECTION('',(-0.345066365748898,0.577350269189627,-0.739997209383599));
#3061=DIRECTION('',(-0.939692620785908,6.7091883470724E-60,-0.342020143325669));
#3062=DIRECTION('',(-0.739997209383599,-0.577350269189626,0.345066365748899));
#3063=DIRECTION('',(0.939692620785908,-6.7091883470724E-60,0.342020143325669));
#3064=DIRECTION('center_axis',(0.664463024388676,0.707106781186546,0.241844762647976));
#3065=DIRECTION('ref_axis',(0.34202014332567,0.,-0.939692620785908));
#3066=DIRECTION('',(0.34202014332567,-3.18087360221239E-73,-0.939692620785908));
#3067=DIRECTION('',(0.739997209383596,-0.577350269189623,-0.345066365748909));
#3068=DIRECTION('',(-0.34202014332567,3.18087360221239E-73,0.939692620785908));
#3069=DIRECTION('center_axis',(-0.342020143325669,-8.92291494086316E-66,
0.939692620785908));
#3070=DIRECTION('ref_axis',(-0.939692620785908,1.91301514950002E-51,-0.342020143325669));
#3071=DIRECTION('',(0.,1.,9.4955677457598E-66));
#3072=DIRECTION('',(0.,1.,9.4955677457598E-66));
#3073=DIRECTION('center_axis',(-0.342020143325669,-8.92291494086316E-66,
0.939692620785908));
#3074=DIRECTION('ref_axis',(0.664463024388674,-0.707106781186548,0.241844762647975));
#3075=DIRECTION('',(0.939692620785908,-1.91301514950002E-51,0.342020143325669));
#3076=DIRECTION('center_axis',(-0.664463024388674,0.707106781186548,-0.241844762647975));
#3077=DIRECTION('ref_axis',(-0.342020143325669,0.,0.939692620785908));
#3078=DIRECTION('',(0.342020143325669,-3.12007497558452E-73,-0.939692620785908));
#3079=DIRECTION('',(0.3450663657489,0.577350269189625,0.739997209383599));
#3080=DIRECTION('',(-0.342020143325669,3.12007497558452E-73,0.939692620785908));
#3081=DIRECTION('center_axis',(0.241844762647974,0.707106781186551,-0.664463024388671));
#3082=DIRECTION('ref_axis',(-0.939692620785909,0.,-0.342020143325669));
#3083=DIRECTION('',(0.939692620785909,-6.7091883470724E-60,0.342020143325669));
#3084=DIRECTION('center_axis',(0.939692620785908,0.,0.34202014332567));
#3085=DIRECTION('ref_axis',(0.34202014332567,-1.24853384326101E-46,-0.939692620785908));
#3086=DIRECTION('center_axis',(-6.30457478120685E-60,-1.,-2.29467756006432E-60));
#3087=DIRECTION('ref_axis',(1.,-6.30457478120685E-60,0.));
#3088=DIRECTION('center_axis',(-0.939692620785908,0.,-0.342020143325669));
#3089=DIRECTION('ref_axis',(-0.342020143325669,1.00706487477796E-46,0.939692620785908));
#3090=DIRECTION('',(0.342020143325669,8.55261299970071E-50,-0.939692620785908));
#3091=DIRECTION('center_axis',(0.342020143325669,8.55261299970071E-50,-0.939692620785908));
#3092=DIRECTION('ref_axis',(0.664463024388674,-0.707106781186548,0.241844762647975));
#3093=DIRECTION('',(-0.342020143325669,-8.55261299970071E-50,0.939692620785908));
#3094=DIRECTION('center_axis',(0.,-1.,0.));
#3095=DIRECTION('ref_axis',(1.,0.,0.));
#3096=DIRECTION('',(0.,1.,0.));
#3097=DIRECTION('center_axis',(1.89993704613223E-49,-1.,-2.1862953331522E-50));
#3098=DIRECTION('ref_axis',(1.,0.,0.));
#3099=DIRECTION('center_axis',(0.,-1.,-9.4955677457598E-66));
#3100=DIRECTION('ref_axis',(1.,0.,0.));
#3101=DIRECTION('',(0.,1.,9.4955677457598E-66));
#3102=DIRECTION('center_axis',(1.89993704613223E-49,-1.,-2.1862953331522E-50));
#3103=DIRECTION('ref_axis',(1.,0.,0.));
#3104=DIRECTION('center_axis',(0.,-1.,0.));
#3105=DIRECTION('ref_axis',(1.,0.,0.));
#3106=DIRECTION('',(0.,1.,0.));
#3107=DIRECTION('center_axis',(1.89993704613223E-49,-1.,-2.1862953331522E-50));
#3108=DIRECTION('ref_axis',(1.,0.,0.));
#3109=DIRECTION('center_axis',(1.89993704613223E-49,-1.,-2.1862953331522E-50));
#3110=DIRECTION('ref_axis',(1.,1.89993704613223E-49,0.));
#3111=DIRECTION('axis',(0.,0.,1.));
#3112=DIRECTION('refdir',(1.,0.,0.));
#3113=DIRECTION('center_axis',(-0.664463024388677,-0.707106781186545,-0.241844762647976));
#3114=DIRECTION('ref_axis',(-0.342020143325669,0.,0.939692620785908));
#3115=DIRECTION('',(0.443712606279655,-0.633687274224644,0.633687274224642));
#3116=DIRECTION('',(-0.342020143325669,-2.26628676424666E-33,0.939692620785908));
#3117=DIRECTION('',(-0.58849200625169,0.694549339167002,-0.413857915280767));
#3118=DIRECTION('',(0.342020143325669,2.26628676424666E-33,-0.939692620785908));
#3119=DIRECTION('center_axis',(2.51214793389402E-15,-0.707106781186546,
-0.707106781186549));
#3120=DIRECTION('ref_axis',(-1.,0.,-3.55271367880046E-15));
#3121=DIRECTION('',(1.,2.3930199864114E-33,3.55271367880046E-15));
#3122=DIRECTION('',(-0.577350269189628,-0.577350269189628,0.577350269189622));
#3123=DIRECTION('',(-1.,-2.3930199864114E-33,-3.55271367880046E-15));
#3124=DIRECTION('center_axis',(0.939692620785908,0.,0.342020143325669));
#3125=DIRECTION('ref_axis',(0.342020143325669,8.7429515755403E-30,-0.939692620785908));
#3126=DIRECTION('',(0.,-1.,0.));
#3127=DIRECTION('',(-0.342020143325669,-3.92523114670943E-17,0.939692620785908));
#3128=DIRECTION('',(0.,1.,0.));
#3129=DIRECTION('center_axis',(-0.342020143325669,-3.92523114670943E-17,
0.939692620785908));
#3130=DIRECTION('ref_axis',(0.868162779195991,0.38268343236509,0.315985410125161));
#3131=DIRECTION('center_axis',(3.55271367880046E-15,0.,-1.));
#3132=DIRECTION('ref_axis',(1.,1.10847265764605E-15,3.53604921087686E-15));
#3133=DIRECTION('center_axis',(-0.57524601926324,0.,0.817980450452085));
#3134=DIRECTION('ref_axis',(0.817980450452085,2.67951194341779E-15,0.575246019263241));
#3135=DIRECTION('',(0.342020143325669,3.92523114670943E-17,-0.939692620785908));
#3136=DIRECTION('center_axis',(0.34202014332567,3.92523114670944E-17,-0.939692620785908));
#3137=DIRECTION('ref_axis',(-0.868162779195991,0.38268343236509,-0.315985410125163));
#3138=DIRECTION('',(0.34202014332567,3.92523114670944E-17,-0.939692620785908));
#3139=DIRECTION('center_axis',(3.55271367880046E-15,0.,-1.));
#3140=DIRECTION('ref_axis',(-1.,6.52042739791795E-17,-3.53604921087686E-15));
#3141=DIRECTION('',(-0.34202014332567,-3.92523114670944E-17,0.939692620785908));
#3142=DIRECTION('center_axis',(-0.57524601926324,0.,0.817980450452085));
#3143=DIRECTION('ref_axis',(-0.817980450452085,-1.00481697878167E-15,-0.57524601926324));
#3144=DIRECTION('center_axis',(-0.939692620785908,0.,-0.34202014332567));
#3145=DIRECTION('ref_axis',(-0.34202014332567,-8.73139599587397E-30,0.939692620785908));
#3146=DIRECTION('',(0.,1.,0.));
#3147=DIRECTION('',(-0.34202014332567,-2.26628676424666E-33,0.939692620785908));
#3148=DIRECTION('',(0.,-1.,0.));
#3149=DIRECTION('center_axis',(-0.664463024388673,-0.707106781186549,-0.241844762647975));
#3150=DIRECTION('ref_axis',(-0.342020143325669,0.,0.939692620785908));
#3151=DIRECTION('',(-0.588492006251692,0.694549339166998,-0.413857915280769));
#3152=DIRECTION('',(0.342020143325669,8.74680343542907E-30,-0.939692620785908));
#3153=DIRECTION('',(0.728739444818684,-0.684791078771735,2.58900259388879E-15));
#3154=DIRECTION('center_axis',(-1.12898388410256E-17,-1.,-4.10916528780506E-18));
#3155=DIRECTION('ref_axis',(1.,-1.12898388410256E-17,6.10622663543823E-16));
#3156=DIRECTION('',(0.817980450452085,-1.15986484350181E-17,0.57524601926324));
#3157=DIRECTION('',(-0.34202014332567,-8.73447748378499E-30,0.939692620785908));
#3158=DIRECTION('',(-1.,1.12898388410256E-17,-3.4972025275692E-15));
#3159=DIRECTION('center_axis',(0.664463024388675,-0.707106781186547,0.241844762647976));
#3160=DIRECTION('ref_axis',(0.34202014332567,0.,-0.939692620785908));
#3161=DIRECTION('',(0.728739444818682,0.684791078771737,2.58900259388878E-15));
#3162=DIRECTION('',(-0.588492006251691,-0.694549339167,-0.413857915280768));
#3163=DIRECTION('center_axis',(0.664463024388674,-0.707106781186548,0.241844762647976));
#3164=DIRECTION('ref_axis',(0.34202014332567,0.,-0.939692620785908));
#3165=DIRECTION('',(-0.342020143325669,-2.26628676424666E-33,0.939692620785909));
#3166=DIRECTION('',(0.710564775461631,0.497542812164524,-0.49754281216452));
#3167=DIRECTION('',(0.728739444818683,0.684791078771736,2.58900259388879E-15));
#3168=DIRECTION('center_axis',(0.664463024388674,-0.707106781186548,0.241844762647976));
#3169=DIRECTION('ref_axis',(0.664463024388674,0.707106781186547,0.241844762647976));
#3170=DIRECTION('center_axis',(0.,-1.,0.));
#3171=DIRECTION('ref_axis',(0.,0.,1.));
#3172=DIRECTION('',(0.,-1.,0.));
#3173=DIRECTION('center_axis',(0.,1.,0.));
#3174=DIRECTION('ref_axis',(-0.998821598252309,0.,0.048532616503772));
#3175=DIRECTION('',(0.,1.,0.));
#3176=DIRECTION('center_axis',(2.3930199864114E-33,-1.,-1.54074395550979E-33));
#3177=DIRECTION('ref_axis',(0.,0.,-1.));
#3178=DIRECTION('center_axis',(-3.55271367880046E-15,0.,1.));
#3179=DIRECTION('ref_axis',(1.,0.,3.55271367880046E-15));
#3180=DIRECTION('',(1.,2.3930199864114E-33,3.55271367880046E-15));
#3181=DIRECTION('',(0.,1.,0.));
#3182=DIRECTION('',(0.,1.,0.));
#3183=DIRECTION('',(0.,1.,0.));
#3184=DIRECTION('',(-1.,0.,-3.55271367880046E-15));
#3185=DIRECTION('',(0.,1.,0.));
#3186=DIRECTION('center_axis',(-5.31065840860112E-16,-0.707106781186543,
0.707106781186552));
#3187=DIRECTION('ref_axis',(1.,0.,7.51040514657437E-16));
#3188=DIRECTION('',(-1.,-2.3930199864114E-33,-7.51040514657437E-16));
#3189=DIRECTION('',(-0.709037017188814,-0.498631381010058,-0.498631381010052));
#3190=DIRECTION('',(1.,2.3930199864114E-33,7.51040514657437E-16));
#3191=DIRECTION('',(0.577350269189627,0.577350269189629,0.577350269189621));
#3192=DIRECTION('center_axis',(0.707106781186548,-0.707106781186547,1.02056009814445E-15));
#3193=DIRECTION('ref_axis',(1.4432899320127E-15,0.,-1.));
#3194=DIRECTION('',(1.4432899320127E-15,1.54074395550979E-33,-1.));
#3195=DIRECTION('',(-1.4432899320127E-15,-1.54074395550979E-33,1.));
#3196=DIRECTION('center_axis',(-0.57524601926324,0.,0.817980450452085));
#3197=DIRECTION('ref_axis',(0.817980450452085,0.,0.57524601926324));
#3198=DIRECTION('',(0.817980450452085,1.07113673931474E-33,0.57524601926324));
#3199=DIRECTION('',(0.,1.,0.));
#3200=DIRECTION('',(-0.817980450452085,0.,-0.57524601926324));
#3201=DIRECTION('center_axis',(7.51040514657437E-16,0.,-1.));
#3202=DIRECTION('ref_axis',(-1.,0.,-7.51040514657437E-16));
#3203=DIRECTION('',(0.,1.,0.));
#3204=DIRECTION('',(1.,0.,7.51040514657437E-16));
#3205=DIRECTION('center_axis',(-1.,0.,-1.4432899320127E-15));
#3206=DIRECTION('ref_axis',(-1.4432899320127E-15,0.,1.));
#3207=DIRECTION('',(1.4432899320127E-15,0.,-1.));
#3208=DIRECTION('center_axis',(2.51214793389402E-15,-0.707106781186546,
-0.707106781186549));
#3209=DIRECTION('ref_axis',(-1.,0.,-3.55271367880046E-15));
#3210=DIRECTION('',(-0.443712606279657,0.633687274224642,-0.633687274224642));
#3211=DIRECTION('center_axis',(-0.664463024388674,-0.707106781186548,-0.241844762647975));
#3212=DIRECTION('ref_axis',(-0.342020143325669,0.,0.939692620785909));
#3213=DIRECTION('',(-0.664463024388689,0.707106781186533,-0.241844762647979));
#3214=DIRECTION('',(0.342020143325669,2.26628676424666E-33,-0.939692620785909));
#3215=DIRECTION('center_axis',(0.,1.,0.));
#3216=DIRECTION('ref_axis',(-1.79575606979733E-66,7.50414154496996E-34,
-1.));
#3217=DIRECTION('center_axis',(0.939692620785909,0.,0.342020143325669));
#3218=DIRECTION('ref_axis',(0.342020143325669,0.,-0.939692620785909));
#3219=DIRECTION('',(-0.342020143325669,0.,0.939692620785909));
#3220=DIRECTION('',(0.342020143325668,-3.92523114670944E-17,-0.939692620785909));
#3221=DIRECTION('',(0.,1.,0.));
#3222=DIRECTION('',(0.,1.,0.));
#3223=DIRECTION('',(0.,1.,0.));
#3224=DIRECTION('',(-0.342020143325668,1.57009245868379E-16,0.939692620785909));
#3225=DIRECTION('center_axis',(0.,1.,0.));
#3226=DIRECTION('ref_axis',(0.,0.,1.));
#3227=DIRECTION('center_axis',(0.,-1.,0.));
#3228=DIRECTION('ref_axis',(-0.998821598252309,0.,0.0485326165037721));
#3229=DIRECTION('center_axis',(0.342020143325669,0.,-0.939692620785908));
#3230=DIRECTION('ref_axis',(-0.939692620785908,0.,-0.342020143325669));
#3231=DIRECTION('center_axis',(0.,-1.,0.));
#3232=DIRECTION('ref_axis',(-1.,0.,0.));
#3233=DIRECTION('',(-1.,0.,-7.51040514657437E-16));
#3234=DIRECTION('',(-1.4432899320127E-15,0.,1.));
#3235=DIRECTION('',(1.,0.,3.55271367880046E-15));
#3236=DIRECTION('',(0.342020143325669,0.,-0.939692620785909));
#3237=DIRECTION('center_axis',(1.,0.,7.51040514657437E-16));
#3238=DIRECTION('ref_axis',(0.,0.707106781186547,0.707106781186548));
#3239=DIRECTION('center_axis',(0.707106781186549,0.,-0.707106781186546));
#3240=DIRECTION('ref_axis',(0.707106781186546,0.,0.707106781186549));
#3241=DIRECTION('center_axis',(2.3930199864114E-33,-1.,-1.54074395550979E-33));
#3242=DIRECTION('ref_axis',(-1.,-2.3930199864114E-33,5.55111512312576E-17));
#3243=DIRECTION('center_axis',(1.4432899320127E-15,0.,-1.));
#3244=DIRECTION('ref_axis',(0.707106781186548,0.707106781186548,1.17756934401283E-15));
#3245=DIRECTION('center_axis',(-0.707106781186546,-3.92523114670943E-16,
-0.707106781186549));
#3246=DIRECTION('ref_axis',(0.707106781186549,-3.92523114670944E-16,-0.707106781186546));
#3247=DIRECTION('center_axis',(-1.,0.,-3.55271367880046E-15));
#3248=DIRECTION('ref_axis',(3.14018491736755E-15,0.707106781186548,-0.707106781186547));
#3249=DIRECTION('center_axis',(0.819152044288993,-6.36797766019375E-16,
-0.573576436351044));
#3250=DIRECTION('ref_axis',(0.573576436351044,9.09441460238399E-16,0.819152044288993));
#3251=DIRECTION('center_axis',(-0.342020143325669,0.,0.939692620785909));
#3252=DIRECTION('ref_axis',(-0.664463024388675,0.707106781186547,-0.241844762647976));
#3253=DIRECTION('center_axis',(0.342020143325668,0.,-0.939692620785909));
#3254=DIRECTION('ref_axis',(-0.939692620785909,0.,-0.342020143325668));
#3255=DIRECTION('',(-0.664463024388675,0.707106781186548,-0.241844762647975));
#3256=DIRECTION('',(0.664463024388674,0.707106781186549,0.241844762647975));
#3257=DIRECTION('center_axis',(0.664463024388675,0.707106781186548,0.241844762647975));
#3258=DIRECTION('ref_axis',(-0.664463024388675,0.707106781186548,-0.241844762647975));
#3259=DIRECTION('',(-0.664463024388664,0.707106781186553,-0.241844762647986));
#3260=DIRECTION('',(-0.664463024388675,0.707106781186547,-0.241844762647975));
#3261=DIRECTION('',(-0.342020143325669,0.,0.939692620785909));
#3262=DIRECTION('center_axis',(0.342020143325669,0.,-0.939692620785909));
#3263=DIRECTION('ref_axis',(-0.939692620785909,0.,-0.342020143325669));
#3264=DIRECTION('',(0.664463024388671,0.707106781186547,0.241844762647987));
#3265=DIRECTION('',(0.664463024388674,0.707106781186549,0.241844762647975));
#3266=DIRECTION('center_axis',(0.664463024388676,-0.707106781186547,0.241844762647975));
#3267=DIRECTION('ref_axis',(0.664463024388674,0.707106781186549,0.241844762647975));
#3268=DIRECTION('',(5.55111512312378E-16,3.51277425728127E-17,0.999999999999693));
#3269=DIRECTION('',(0.999999999999884,7.95908095390398E-32,9.4368957093122E-16));
#3270=DIRECTION('',(0.,0.,1.));
#3271=DIRECTION('',(1.,0.,0.));
#3272=DIRECTION('',(-4.44089209849975E-16,3.51277425728177E-17,0.999999999999837));
#3273=DIRECTION('',(0.999999999999943,-1.33300671932521E-32,-5.55111512312569E-16));
#3274=CARTESIAN_POINT('',(0.,0.,0.));
#3275=CARTESIAN_POINT('',(0.,0.,0.));
#3276=CARTESIAN_POINT('Origin',(12.342144134097,-9.75000000000003,-13.0578204202792));
#3277=CARTESIAN_POINT('',(10.1498962308952,-10.,-12.8078204202792));
#3278=CARTESIAN_POINT('',(6.00000000000001,-10.,-12.8078204202792));
#3279=CARTESIAN_POINT('',(12.342144134097,-10.,-12.8078204202792));
#3280=CARTESIAN_POINT('',(5.50000000000001,-9.50000000000003,-13.3078204202792));
#3281=CARTESIAN_POINT('',(6.00000000000001,-10.,-12.8078204202792));
#3282=CARTESIAN_POINT('',(10.5000000000001,-9.50000000000003,-13.3078204202792));
#3283=CARTESIAN_POINT('',(12.342144134097,-9.50000000000003,-13.3078204202792));
#3284=CARTESIAN_POINT('',(10.5000000000001,-9.50000000000003,-13.3078204202792));
#3285=CARTESIAN_POINT('Origin',(5.75000000000002,-9.75000000000003,-3.30782042027916));
#3286=CARTESIAN_POINT('',(6.00000000000006,-10.,26.1921795797208));
#3287=CARTESIAN_POINT('',(6.00000000000002,-10.,-3.30782042027916));
#3288=CARTESIAN_POINT('',(5.50000000000006,-9.50000000000003,26.6921795797208));
#3289=CARTESIAN_POINT('',(6.00000000000006,-10.,26.1921795797208));
#3290=CARTESIAN_POINT('',(5.50000000000002,-9.50000000000003,-3.30782042027916));
#3291=CARTESIAN_POINT('Origin',(9.84214413409704,-9.75000000000003,26.4421795797208));
#3292=CARTESIAN_POINT('',(21.8994333103002,-9.50000000000003,26.6921795797208));
#3293=CARTESIAN_POINT('',(9.84214413409704,-9.50000000000003,26.6921795797208));
#3294=CARTESIAN_POINT('',(21.5785812322402,-10.,26.1921795797208));
#3295=CARTESIAN_POINT('',(9.84214413409704,-10.,26.1921795797208));
#3296=CARTESIAN_POINT('Ctrl Pts',(21.8994333103002,-9.50000000000002,26.6921795797208));
#3297=CARTESIAN_POINT('Ctrl Pts',(21.7941110757128,-9.66713115490428,26.5250484248166));
#3298=CARTESIAN_POINT('Ctrl Pts',(21.6871479853704,-9.83390962604789,26.358269953673));
#3299=CARTESIAN_POINT('Ctrl Pts',(21.5785812322402,-10.,26.1921795797208));
#3300=CARTESIAN_POINT('Origin',(19.5802715626944,-9.75000000000003,12.3709717607801));
#3301=CARTESIAN_POINT('',(22.2715334821685,-9.50000000000003,19.0342020143326));
#3302=CARTESIAN_POINT('',(19.8151947178908,-9.50000000000003,12.2854667249487));
#3303=CARTESIAN_POINT('',(21.8016871717755,-10.,19.2052120859954));
#3304=CARTESIAN_POINT('',(22.2715334821685,-9.50000000000003,19.0342020143326));
#3305=CARTESIAN_POINT('',(19.3453484074979,-10.,12.4564767966116));
#3306=CARTESIAN_POINT('Origin',(12.968576536388,-9.75000000000003,22.4202014332567));
#3307=CARTESIAN_POINT('Origin',(12.968576536388,-10.,22.4202014332567));
#3308=CARTESIAN_POINT('Origin',(12.968576536388,-9.50000000000003,22.4202014332567));
#3309=CARTESIAN_POINT('Origin',(12.968576536388,0.,22.4202014332567));
#3310=CARTESIAN_POINT('',(22.2715334821685,7.9,19.0342020143326));
#3311=CARTESIAN_POINT('',(22.2715334821685,0.,19.0342020143326));
#3312=CARTESIAN_POINT('',(21.8994333103002,7.9,26.6921795797208));
#3313=CARTESIAN_POINT('Origin',(12.968576536388,7.9,22.4202014332567));
#3314=CARTESIAN_POINT('',(21.8994333103002,0.,26.6921795797208));
#3315=CARTESIAN_POINT('Origin',(22.2715334821685,0.,19.0342020143326));
#3316=CARTESIAN_POINT('',(10.5000000000001,2.77867965644035,-13.3078204202792));
#3317=CARTESIAN_POINT('',(10.5000000000001,0.,-13.3078204202792));
#3318=CARTESIAN_POINT('',(21.4094165116589,2.77867965644035,16.6655551049289));
#3319=CARTESIAN_POINT('',(16.3857667410843,2.77867965644035,2.86319079702669));
#3320=CARTESIAN_POINT('',(21.4094210717248,2.87867965644037,16.6655676336069));
#3321=CARTESIAN_POINT('',(21.4094165116589,1.41433982822018,16.6655551049289));
#3322=CARTESIAN_POINT('',(21.4094210717248,7.02132034355964,16.6655676336069));
#3323=CARTESIAN_POINT('',(21.4094210717248,2.475,16.6655676336069));
#3324=CARTESIAN_POINT('',(21.4094165116589,7.12132034355966,16.6655551049289));
#3325=CARTESIAN_POINT('',(21.4094165116589,3.53566017177983,16.6655551049289));
#3326=CARTESIAN_POINT('',(10.5000000000001,7.12132034355966,-13.3078204202792));
#3327=CARTESIAN_POINT('',(16.3857667410843,7.12132034355966,2.86319079702669));
#3328=CARTESIAN_POINT('',(10.5000000000001,7.9,-13.3078204202792));
#3329=CARTESIAN_POINT('',(10.5000000000001,0.,-13.3078204202792));
#3330=CARTESIAN_POINT('',(19.8151947178908,7.9,12.2854667249487));
#3331=CARTESIAN_POINT('Origin',(10.5000000000001,0.,-13.3078204202792));
#3332=CARTESIAN_POINT('',(5.50000000000001,7.9,-13.3078204202792));
#3333=CARTESIAN_POINT('',(5.50000000000001,0.,-13.3078204202792));
#3334=CARTESIAN_POINT('',(12.342144134097,7.9,-13.3078204202792));
#3335=CARTESIAN_POINT('',(10.5000000000001,0.,-13.3078204202792));
#3336=CARTESIAN_POINT('Origin',(14.184288268194,-10.,6.69217957972083));
#3337=CARTESIAN_POINT('Origin',(5.50000000000001,0.,-13.3078204202792));
#3338=CARTESIAN_POINT('',(5.50000000000006,7.9,26.6921795797208));
#3339=CARTESIAN_POINT('',(5.50000000000006,0.,26.6921795797208));
#3340=CARTESIAN_POINT('',(5.50000000000002,7.9,-3.30782042027916));
#3341=CARTESIAN_POINT('Origin',(5.50000000000006,0.,26.6921795797208));
#3342=CARTESIAN_POINT('',(9.84214413409704,7.9,26.6921795797208));
#3343=CARTESIAN_POINT('Origin',(17.935809476319,7.9,12.9695070116001));
#3344=CARTESIAN_POINT('',(9.09958492358064,9.9,-11.3078204202792));
#3345=CARTESIAN_POINT('',(20.3921482405967,9.9,19.7182423009839));
#3346=CARTESIAN_POINT('',(17.935809476319,9.9,12.9695070116001));
#3347=CARTESIAN_POINT('Origin',(20.3921482405967,7.9,19.7182423009839));
#3348=CARTESIAN_POINT('Origin',(9.09958492358065,7.9,-11.3078204202792));
#3349=CARTESIAN_POINT('Origin',(9.84214413409704,7.9,24.6921795797208));
#3350=CARTESIAN_POINT('',(20.5348249662236,9.9,24.6921795797208));
#3351=CARTESIAN_POINT('',(7.50000000000006,9.9,24.6921795797208));
#3352=CARTESIAN_POINT('',(9.84214413409704,9.9,24.6921795797208));
#3353=CARTESIAN_POINT('Origin',(7.50000000000006,7.9,24.6921795797208));
#3354=CARTESIAN_POINT('Ctrl Pts',(20.5348249662236,9.9,24.6921795797208));
#3355=CARTESIAN_POINT('Ctrl Pts',(20.5363700425445,9.9,24.6942567627154));
#3356=CARTESIAN_POINT('Ctrl Pts',(20.5379148144219,9.89999676398319,24.6963341726821));
#3357=CARTESIAN_POINT('Ctrl Pts',(20.6673666271927,9.89945412132009,24.8704743093982));
#3358=CARTESIAN_POINT('Ctrl Pts',(20.793211554699,9.87671265038176,25.0441831263225));
#3359=CARTESIAN_POINT('Ctrl Pts',(21.031418440304,9.78564335265861,25.3804815171904));
#3360=CARTESIAN_POINT('Ctrl Pts',(21.1440532828825,9.71873115410835,25.5432110809995));
#3361=CARTESIAN_POINT('Ctrl Pts',(21.3908807218883,9.50744876399914,25.9063735655857));
#3362=CARTESIAN_POINT('Ctrl Pts',(21.5180373490956,9.34499139014294,26.0989126028322));
#3363=CARTESIAN_POINT('Ctrl Pts',(21.7120864244294,8.96852744594034,26.3972926819253));
#3364=CARTESIAN_POINT('Ctrl Pts',(21.78339304374,8.76816962592979,26.5090318183469));
#3365=CARTESIAN_POINT('Ctrl Pts',(21.8761665492208,8.34078256884217,26.6551288023131));
#3366=CARTESIAN_POINT('Ctrl Pts',(21.8994333103002,8.12224946692741,26.6921795797208));
#3367=CARTESIAN_POINT('Ctrl Pts',(21.8994333103002,7.9,26.6921795797208));
#3368=CARTESIAN_POINT('Origin',(7.50000000000002,7.9,-3.30782042027916));
#3369=CARTESIAN_POINT('',(7.50000000000001,9.9,-11.3078204202792));
#3370=CARTESIAN_POINT('',(7.50000000000002,9.9,-3.30782042027916));
#3371=CARTESIAN_POINT('Origin',(7.50000000000001,7.9,-11.3078204202792));
#3372=CARTESIAN_POINT('Origin',(12.342144134097,7.9,-11.3078204202792));
#3373=CARTESIAN_POINT('',(12.342144134097,9.9,-11.3078204202792));
#3374=CARTESIAN_POINT('Origin',(12.968576536388,7.9,22.4202014332567));
#3375=CARTESIAN_POINT('Origin',(12.968576536388,9.9,22.4202014332567));
#3376=CARTESIAN_POINT('Origin',(14.184288268194,9.9,6.69217957972083));
#3377=CARTESIAN_POINT('Origin',(10.5000000000001,0.,-13.3078204202792));
#3378=CARTESIAN_POINT('',(12.5403737042054,4.95,-14.0504557153894));
#3379=CARTESIAN_POINT('',(13.1931498963766,4.25533008588991,-14.2880468189774));
#3380=CARTESIAN_POINT('',(9.87071612334849,2.10900974233026,-13.0787798202744));
#3381=CARTESIAN_POINT('Origin',(11.0247913313312,2.82867965644036,-12.0121583075296));
#3382=CARTESIAN_POINT('',(23.4497947759301,4.95,15.9229323384967));
#3383=CARTESIAN_POINT('',(13.0181804044972,4.95,-12.7376925954735));
#3384=CARTESIAN_POINT('',(21.4564057027641,2.82867965644036,16.6484666264406));
#3385=CARTESIAN_POINT('',(23.4497947759301,4.95,15.9229323384967));
#3386=CARTESIAN_POINT('',(21.4564011426982,2.82867965644036,16.6484540977627));
#3387=CARTESIAN_POINT('Origin',(21.4564057027641,4.95,16.6484666264406));
#3388=CARTESIAN_POINT('',(21.4564057027641,7.07132034355965,16.6484666264406));
#3389=CARTESIAN_POINT('',(21.4564057027641,7.07132034355965,16.6484666264406));
#3390=CARTESIAN_POINT('',(21.4564011426982,7.07132034355965,16.6484540977626));
#3391=CARTESIAN_POINT('Origin',(13.0181804044972,4.95,-12.7376925954735));
#3392=CARTESIAN_POINT('',(0.,0.,0.));
#3393=CARTESIAN_POINT('Origin',(12.968576536388,0.,22.4202014332567));
#3394=CARTESIAN_POINT('',(46.1278071650496,11.,3.01402581463494));
#3395=CARTESIAN_POINT('',(22.968576536388,11.,59.5164846436479));
#3396=CARTESIAN_POINT('Origin',(12.968576536388,11.,22.4202014332567));
#3397=CARTESIAN_POINT('',(22.968576536388,-10.0000000000001,59.5164846436479));
#3398=CARTESIAN_POINT('',(22.968576536388,0.,59.5164846436479));
#3399=CARTESIAN_POINT('',(46.1278071628644,-10.0000000000001,3.01402581591379));
#3400=CARTESIAN_POINT('Origin',(12.968576536388,-10.0000000000001,22.4202014332567));
#3401=CARTESIAN_POINT('',(46.1278071628644,10.,3.01402581591379));
#3402=CARTESIAN_POINT('',(46.1278071628644,0.,3.01402581591379));
#3403=CARTESIAN_POINT('',(46.1278071650496,10.,3.01402581463494));
#3404=CARTESIAN_POINT('Origin',(46.1278071628644,0.,3.01402581591379));
#3405=CARTESIAN_POINT('',(36.4481825613735,10.,-13.5254980424172));
#3406=CARTESIAN_POINT('',(36.4481825613735,-10.0000000000001,-13.5254980424172));
#3407=CARTESIAN_POINT('',(36.4481825613735,0.,-13.5254980424172));
#3408=CARTESIAN_POINT('',(46.1278071628644,10.,3.01402581591379));
#3409=CARTESIAN_POINT('',(46.1278071628644,-10.0000000000001,3.01402581591379));
#3410=CARTESIAN_POINT('Origin',(12.968576536388,0.,22.4202014332567));
#3411=CARTESIAN_POINT('',(12.968576536388,8.,32.4202014332567));
#3412=CARTESIAN_POINT('',(22.3655027442471,8.,19.));
#3413=CARTESIAN_POINT('Origin',(12.968576536388,8.,22.4202014332567));
#3414=CARTESIAN_POINT('',(22.3655027442471,-10.0000000000001,19.));
#3415=CARTESIAN_POINT('',(22.3655027442471,0.,19.));
#3416=CARTESIAN_POINT('',(12.968576536388,-10.0000000000001,32.4202014332567));
#3417=CARTESIAN_POINT('Origin',(12.968576536388,-10.0000000000001,22.4202014332567));
#3418=CARTESIAN_POINT('',(12.968576536388,0.,32.4202014332567));
#3419=CARTESIAN_POINT('Origin',(46.1278071650496,10.,3.01402581463494));
#3420=CARTESIAN_POINT('',(36.448182561465,11.,-13.5254980429131));
#3421=CARTESIAN_POINT('',(44.329214621519,11.,-0.0592198433335939));
#3422=CARTESIAN_POINT('',(36.448182561465,5.,-13.5254980429131));
#3423=CARTESIAN_POINT('Origin',(32.1328772839051,0.,-11.));
#3424=CARTESIAN_POINT('',(32.1328772839051,11.,-16.));
#3425=CARTESIAN_POINT('Origin',(32.1328772839051,11.,-11.));
#3426=CARTESIAN_POINT('',(32.1328772839051,-10.0000000000001,-16.));
#3427=CARTESIAN_POINT('Origin',(32.1328772839051,-10.0000000000001,-11.));
#3428=CARTESIAN_POINT('',(32.1328772839051,0.,-16.));
#3429=CARTESIAN_POINT('Origin',(11.0580144825506,2.79332431738103,-12.024250545662));
#3430=CARTESIAN_POINT('',(10.,2.8079689783217,-14.973939570023));
#3431=CARTESIAN_POINT('',(12.0128507445656,4.95,-15.7065573270654));
#3432=CARTESIAN_POINT('',(10.0382317935983,2.84865440327094,-14.9878548048954));
#3433=CARTESIAN_POINT('',(21.5033903338034,2.80796897832171,16.6313656192743));
#3434=CARTESIAN_POINT('',(10.5358879811852,2.8079689783217,-13.5015994423594));
#3435=CARTESIAN_POINT('',(23.516241078369,4.95,15.8987478622319));
#3436=CARTESIAN_POINT('',(21.987976122275,3.32365440327094,16.4549908163222));
#3437=CARTESIAN_POINT('',(13.0846267069361,4.95,-12.7618770717383));
#3438=CARTESIAN_POINT('Origin',(21.4564057027641,4.95,16.6484666264406));
#3439=CARTESIAN_POINT('',(21.5033903338034,7.0920310216783,16.6313656192743));
#3440=CARTESIAN_POINT('',(21.5033903338034,2.475,16.6313656192743));
#3441=CARTESIAN_POINT('',(22.984670658858,5.51568542494924,16.0922236723503));
#3442=CARTESIAN_POINT('Origin',(13.0514035557166,4.98535533905933,-12.7497848336059));
#3443=CARTESIAN_POINT('',(10.3420201433257,7.09203102167831,-14.0342469492371));
#3444=CARTESIAN_POINT('',(10.9396926207859,6.09203102167831,-15.3159597133487));
#3445=CARTESIAN_POINT('Origin',(11.2817127641116,6.09203102167831,-14.3762670925628));
#3446=CARTESIAN_POINT('',(13.3606655666265,3.51568542494924,-16.1971218035984));
#3447=CARTESIAN_POINT('',(10.5358879811852,7.09203102167831,-13.5015994423594));
#3448=CARTESIAN_POINT('Origin',(32.1328772839051,11.5,-11.));
#3449=CARTESIAN_POINT('',(35.5851215060294,12.,-13.0203984343305));
#3450=CARTESIAN_POINT('',(35.5851215060294,12.,-13.0203984343305));
#3451=CARTESIAN_POINT('',(32.1328772839051,12.,-15.0000000001899));
#3452=CARTESIAN_POINT('',(32.1328772839051,12.,-15.0000000001899));
#3453=CARTESIAN_POINT('Origin',(32.1328772839051,12.,-11.));
#3454=CARTESIAN_POINT('Origin',(43.8976840938012,11.5,0.193329960957716));
#3455=CARTESIAN_POINT('',(45.2647461096131,12.,3.51912542321619));
#3456=CARTESIAN_POINT('',(43.4661535660834,12.,0.445879765249027));
#3457=CARTESIAN_POINT('',(45.2647461096131,12.,3.51912542321619));
#3458=CARTESIAN_POINT('Origin',(12.968576536388,11.5,22.4202014332567));
#3459=CARTESIAN_POINT('',(17.8837586707838,12.,59.5164846436479));
#3460=CARTESIAN_POINT('Ctrl Pts',(22.968576536388,11.,59.5164846436479));
#3461=CARTESIAN_POINT('Ctrl Pts',(20.3926447142558,11.670457786563,59.5164846436479));
#3462=CARTESIAN_POINT('Ctrl Pts',(17.8837586707838,12.,59.5164846436479));
#3463=CARTESIAN_POINT('Origin',(12.968576536388,12.,22.4202014332567));
#3464=CARTESIAN_POINT('Origin',(12.968576536388,8.,22.4202014332567));
#3465=CARTESIAN_POINT('',(12.968576536388,10.,30.4202014332567));
#3466=CARTESIAN_POINT('Origin',(12.968576536388,8.,30.4202014332567));
#3467=CARTESIAN_POINT('',(20.4861175026753,10.,19.6840402866513));
#3468=CARTESIAN_POINT('Origin',(12.968576536388,10.,22.4202014332567));
#3469=CARTESIAN_POINT('Origin',(20.4861175026753,8.,19.6840402866513));
#3470=CARTESIAN_POINT('Origin',(12.8190778623577,0.,-16.));
#3471=CARTESIAN_POINT('',(10.9396926207859,8.,-15.3159597133487));
#3472=CARTESIAN_POINT('',(10.9396926207859,0.,-15.3159597133487));
#3473=CARTESIAN_POINT('',(10.7784668559827,9.0000000000001,-15.2572783339635));
#3474=CARTESIAN_POINT('Origin',(8.12061475842818,8.,-14.2898992833717));
#3475=CARTESIAN_POINT('',(12.8190778623577,9.,-16.));
#3476=CARTESIAN_POINT('',(1.09167997417353,9.,-11.7315762433046));
#3477=CARTESIAN_POINT('',(12.8190778623577,-10.0000000000001,-16.));
#3478=CARTESIAN_POINT('',(12.8190778623577,0.,-16.));
#3479=CARTESIAN_POINT('',(10.,-10.0000000000001,-14.973939570023));
#3480=CARTESIAN_POINT('',(10.,-10.0000000000001,-14.973939570023));
#3481=CARTESIAN_POINT('',(10.,0.,-14.973939570023));
#3482=CARTESIAN_POINT('Origin',(0.749659830847861,9.,-12.6712688640905));
#3483=CARTESIAN_POINT('',(7.77859461510252,10.,-15.2295919041576));
#3484=CARTESIAN_POINT('Ctrl Pts',(10.7784668559827,9.0000000000002,-15.2572783339635));
#3485=CARTESIAN_POINT('Ctrl Pts',(10.6009204890404,9.26720277942578,-15.1926567411944));
#3486=CARTESIAN_POINT('Ctrl Pts',(10.0655656909876,9.60733780976492,-15.1671146022596));
#3487=CARTESIAN_POINT('Ctrl Pts',(8.97833167501915,9.92418859996905,-15.18262057164));
#3488=CARTESIAN_POINT('Ctrl Pts',(8.26000003419856,9.99929186651199,-15.2110696179293));
#3489=CARTESIAN_POINT('Ctrl Pts',(7.78349743401709,9.99999943304514,-15.229402772255));
#3490=CARTESIAN_POINT('Ctrl Pts',(7.78104631398705,10.,-15.2294973913725));
#3491=CARTESIAN_POINT('Ctrl Pts',(7.77859461510251,10.,-15.2295919041576));
#3492=CARTESIAN_POINT('',(9.89527346219466,10.,-16.));
#3493=CARTESIAN_POINT('',(0.749659830847861,10.,-12.6712688640905));
#3494=CARTESIAN_POINT('Origin',(9.89527346219464,9.,-16.));
#3495=CARTESIAN_POINT('Origin',(13.4384737154335,8.,0.320798120844963));
#3496=CARTESIAN_POINT('',(10.2345363001236,8.66666666666694,-13.995126029647));
#3497=CARTESIAN_POINT('',(10.3420201433257,8.,-14.0342469492371));
#3498=CARTESIAN_POINT('Origin',(8.46263490175385,8.,-13.3502066625858));
#3499=CARTESIAN_POINT('',(15.3178589570053,8.,-0.363242165806375));
#3500=CARTESIAN_POINT('',(13.4384737154335,10.,0.320798120844963));
#3501=CARTESIAN_POINT('Ctrl Pts',(7.77859461510251,10.,-15.2295919041576));
#3502=CARTESIAN_POINT('Ctrl Pts',(7.78065197450876,10.,-15.228367005338));
#3503=CARTESIAN_POINT('Ctrl Pts',(7.78270890329423,9.99999924406018,-15.2271421584916));
#3504=CARTESIAN_POINT('Ctrl Pts',(8.18255380716755,9.99905582201585,-14.9891419671397));
#3505=CARTESIAN_POINT('Ctrl Pts',(8.7856711500579,9.89891813329219,-14.6288579639627));
#3506=CARTESIAN_POINT('Ctrl Pts',(9.68671481714351,9.4764504130199,-14.1343574608066));
#3507=CARTESIAN_POINT('Ctrl Pts',(10.1161720554952,9.0229370392347,-13.952044967801));
#3508=CARTESIAN_POINT('Ctrl Pts',(10.2345363001236,8.66666666666694,-13.995126029647));
#3509=CARTESIAN_POINT('Origin',(10.,0.,-14.973939570023));
#3510=CARTESIAN_POINT('',(10.3420201433257,0.,-14.0342469492371));
#3511=CARTESIAN_POINT('',(10.,-10.0000000000001,-14.973939570023));
#3512=CARTESIAN_POINT('Origin',(11.2817127641116,0.,-14.3762670925628));
#3513=CARTESIAN_POINT('Origin',(11.2817127641116,8.,-14.3762670925628));
#3514=CARTESIAN_POINT('Origin',(8.46263490175385,8.,-13.3502066625858));
#3515=CARTESIAN_POINT('Origin',(11.1204869993084,9.00000000000041,-14.3175857131776));
#3516=CARTESIAN_POINT('Ctrl Pts',(7.77859461510251,10.,-15.2295919041576));
#3517=CARTESIAN_POINT('Ctrl Pts',(7.78065197450876,10.,-15.228367005338));
#3518=CARTESIAN_POINT('Ctrl Pts',(7.78270890329423,9.99999924406018,-15.2271421584916));
#3519=CARTESIAN_POINT('Ctrl Pts',(8.18255380716755,9.99905582201585,-14.9891419671397));
#3520=CARTESIAN_POINT('Ctrl Pts',(8.7856711500579,9.89891813329219,-14.6288579639627));
#3521=CARTESIAN_POINT('Ctrl Pts',(9.68671481714351,9.4764504130199,-14.1343574608066));
#3522=CARTESIAN_POINT('Ctrl Pts',(10.1161720554952,9.0229370392347,-13.952044967801));
#3523=CARTESIAN_POINT('Ctrl Pts',(10.2345363001236,8.66666666666694,-13.995126029647));
#3524=CARTESIAN_POINT('Ctrl Pts',(7.77859461510251,10.,-15.2295919041576));
#3525=CARTESIAN_POINT('Ctrl Pts',(7.78075083121649,9.99999744520715,-15.2285717634898));
#3526=CARTESIAN_POINT('Ctrl Pts',(7.78283491723561,10.0000005634215,-15.2275832855664));
#3527=CARTESIAN_POINT('Ctrl Pts',(8.19881595109029,9.99937249875588,-15.0308932182387));
#3528=CARTESIAN_POINT('Ctrl Pts',(8.8206963047999,9.87790446009694,-14.7346833350287));
#3529=CARTESIAN_POINT('Ctrl Pts',(9.70052790683501,9.40042532308351,-14.3430977170091));
#3530=CARTESIAN_POINT('Ctrl Pts',(10.0506987959324,8.94686803361228,-14.2231256400239));
#3531=CARTESIAN_POINT('Ctrl Pts',(10.1322041125377,8.66666666666688,-14.2762814043226));
#3532=CARTESIAN_POINT('Ctrl Pts',(7.77859461510251,10.,-15.2295919041576));
#3533=CARTESIAN_POINT('Ctrl Pts',(7.78088666743154,9.9999983539124,-15.228942797617));
#3534=CARTESIAN_POINT('Ctrl Pts',(7.78309382461299,9.99999865608152,-15.2283428483831));
#3535=CARTESIAN_POINT('Ctrl Pts',(8.22465325845483,9.99957521743218,-15.1043533674559));
#3536=CARTESIAN_POINT('Ctrl Pts',(8.8817902572875,9.86901699076675,-14.9221084988019));
#3537=CARTESIAN_POINT('Ctrl Pts',(9.79359917693202,9.36707916801786,-14.7339336232598));
#3538=CARTESIAN_POINT('Ctrl Pts',(10.1065032521312,8.94177934974189,-14.7619926633394));
#3539=CARTESIAN_POINT('Ctrl Pts',(10.1775219554339,8.75037547271727,-14.8440240324779));
#3540=CARTESIAN_POINT('Ctrl Pts',(7.77859461510251,10.,-15.2295919041576));
#3541=CARTESIAN_POINT('Ctrl Pts',(7.78100571846316,9.99999765358276,-15.2293242208977));
#3542=CARTESIAN_POINT('Ctrl Pts',(7.78336887332564,10.0000006951868,-15.2290919224201));
#3543=CARTESIAN_POINT('Ctrl Pts',(8.24985013122872,9.99948145528496,-15.1784971109904));
#3544=CARTESIAN_POINT('Ctrl Pts',(8.94983160654828,9.90126128805061,-15.1047668152263));
#3545=CARTESIAN_POINT('Ctrl Pts',(9.97744034862556,9.51574154999504,-15.0556819758733));
#3546=CARTESIAN_POINT('Ctrl Pts',(10.4383867599343,9.15269131965459,-15.1070048239447));
#3547=CARTESIAN_POINT('Ctrl Pts',(10.5796599839826,8.9252001749147,-15.1849185501879));
#3548=CARTESIAN_POINT('Ctrl Pts',(7.77859461510251,10.,-15.2295919041576));
#3549=CARTESIAN_POINT('Ctrl Pts',(7.78104631398705,10.,-15.2294973913725));
#3550=CARTESIAN_POINT('Ctrl Pts',(7.78349743401709,9.99999943304514,-15.229402772255));
#3551=CARTESIAN_POINT('Ctrl Pts',(8.26000003419856,9.99929186651199,-15.2110696179293));
#3552=CARTESIAN_POINT('Ctrl Pts',(8.97833167501915,9.92418859996905,-15.18262057164));
#3553=CARTESIAN_POINT('Ctrl Pts',(10.0655656909876,9.60733780976492,-15.1671146022596));
#3554=CARTESIAN_POINT('Ctrl Pts',(10.6009204890404,9.26720277942578,-15.1926567411944));
#3555=CARTESIAN_POINT('Ctrl Pts',(10.7784668559827,9.0000000000002,-15.2572783339635));
#3556=CARTESIAN_POINT('Origin',(21.4988976241012,-5.00000000000006,2.));
#3557=CARTESIAN_POINT('',(22.8988976241012,-5.00000000000006,2.));
#3558=CARTESIAN_POINT('Origin',(21.4988976241012,-5.00000000000006,2.));
#3559=CARTESIAN_POINT('Origin',(21.4988976241012,-10.0000000000001,2.));
#3560=CARTESIAN_POINT('',(22.8988976241012,-10.0000000000001,2.));
#3561=CARTESIAN_POINT('Origin',(21.4988976241012,-10.0000000000001,2.));
#3562=CARTESIAN_POINT('',(22.8988976241012,-10.0000000000001,2.));
#3563=CARTESIAN_POINT('Origin',(27.1113919521957,-5.00000000000006,17.4202014332567));
#3564=CARTESIAN_POINT('',(27.8273516655443,-5.00000000000006,15.5408161916849));
#3565=CARTESIAN_POINT('Origin',(26.4273516655443,-5.00000000000006,15.5408161916849));
#3566=CARTESIAN_POINT('Origin',(26.4273516655443,-10.0000000000001,15.5408161916849));
#3567=CARTESIAN_POINT('',(27.8273516655443,-10.0000000000001,15.5408161916849));
#3568=CARTESIAN_POINT('Origin',(26.4273516655443,-10.0000000000001,15.5408161916849));
#3569=CARTESIAN_POINT('',(27.8273516655443,-10.0000000000001,15.5408161916849));
#3570=CARTESIAN_POINT('Origin',(17.1312548129068,-5.00000000000006,-10.));
#3571=CARTESIAN_POINT('',(18.5312548129068,-5.00000000000006,-10.));
#3572=CARTESIAN_POINT('Origin',(17.1312548129068,-5.00000000000006,-10.));
#3573=CARTESIAN_POINT('Origin',(17.1312548129068,-10.0000000000001,-10.));
#3574=CARTESIAN_POINT('',(18.5312548129068,-10.0000000000001,-10.));
#3575=CARTESIAN_POINT('Origin',(17.1312548129068,-10.0000000000001,-10.));
#3576=CARTESIAN_POINT('',(18.5312548129068,-10.0000000000001,-10.));
#3577=CARTESIAN_POINT('Origin',(12.968576536388,0.,32.4202014332567));
#3578=CARTESIAN_POINT('',(-12.968576536388,-10.0000000000001,32.4202014332567));
#3579=CARTESIAN_POINT('',(12.968576536388,-10.0000000000001,32.4202014332567));
#3580=CARTESIAN_POINT('',(-12.968576536388,8.,32.4202014332567));
#3581=CARTESIAN_POINT('',(-12.968576536388,0.,32.4202014332567));
#3582=CARTESIAN_POINT('',(-6.484288268194,8.,32.4202014332567));
#3583=CARTESIAN_POINT('Origin',(-12.8190778623577,0.,-16.));
#3584=CARTESIAN_POINT('',(-9.89527346219466,10.,-16.));
#3585=CARTESIAN_POINT('',(12.8190778623577,10.,-16.));
#3586=CARTESIAN_POINT('',(-12.8190778623577,9.,-16.));
#3587=CARTESIAN_POINT('Origin',(-9.89527346219464,9.,-16.));
#3588=CARTESIAN_POINT('',(-12.8190778623577,-10.0000000000001,-16.));
#3589=CARTESIAN_POINT('',(-12.8190778623577,0.,-16.));
#3590=CARTESIAN_POINT('',(-32.1328772839051,-10.0000000000001,-16.));
#3591=CARTESIAN_POINT('',(-12.8190778623577,-10.0000000000001,-16.));
#3592=CARTESIAN_POINT('',(-32.1328772839051,11.,-16.));
#3593=CARTESIAN_POINT('',(-32.1328772839051,0.,-16.));
#3594=CARTESIAN_POINT('',(6.40953893117886,11.,-16.));
#3595=CARTESIAN_POINT('',(12.8190778623577,-10.0000000000001,-16.));
#3596=CARTESIAN_POINT('Origin',(-12.968576536388,0.,22.4202014332567));
#3597=CARTESIAN_POINT('',(-46.1278071650496,11.,3.01402581463494));
#3598=CARTESIAN_POINT('',(-22.968576536388,11.,59.5164846436479));
#3599=CARTESIAN_POINT('Origin',(-12.968576536388,11.,22.4202014332567));
#3600=CARTESIAN_POINT('',(-46.1278071628644,10.,3.01402581591379));
#3601=CARTESIAN_POINT('',(-46.1278071650496,10.,3.01402581463494));
#3602=CARTESIAN_POINT('',(-46.1278071628644,-10.0000000000001,3.01402581591379));
#3603=CARTESIAN_POINT('',(-46.1278071628644,0.,3.01402581591379));
#3604=CARTESIAN_POINT('',(-22.968576536388,-10.0000000000001,59.5164846436479));
#3605=CARTESIAN_POINT('Origin',(-12.968576536388,-10.0000000000001,22.4202014332567));
#3606=CARTESIAN_POINT('',(-22.968576536388,0.,59.5164846436479));
#3607=CARTESIAN_POINT('Origin',(-46.1278071628644,0.,3.01402581591379));
#3608=CARTESIAN_POINT('',(-36.4481825613735,10.,-13.5254980424172));
#3609=CARTESIAN_POINT('',(-36.4481825613735,-10.0000000000001,-13.5254980424172));
#3610=CARTESIAN_POINT('',(-36.4481825613735,0.,-13.5254980424172));
#3611=CARTESIAN_POINT('',(-46.1278071628644,-10.0000000000001,3.01402581591379));
#3612=CARTESIAN_POINT('',(-46.1278071628644,10.,3.01402581591379));
#3613=CARTESIAN_POINT('Origin',(-12.968576536388,0.,22.4202014332567));
#3614=CARTESIAN_POINT('',(-22.3655027442471,8.,19.));
#3615=CARTESIAN_POINT('Origin',(-12.968576536388,8.,22.4202014332567));
#3616=CARTESIAN_POINT('',(-22.3655027442471,-10.0000000000001,19.));
#3617=CARTESIAN_POINT('Origin',(-12.968576536388,-10.0000000000001,22.4202014332567));
#3618=CARTESIAN_POINT('',(-22.3655027442471,0.,19.));
#3619=CARTESIAN_POINT('Origin',(-46.1278071650496,10.,3.01402581463494));
#3620=CARTESIAN_POINT('',(-36.448182561465,11.,-13.5254980429131));
#3621=CARTESIAN_POINT('',(-44.329214621519,11.,-0.0592198433335939));
#3622=CARTESIAN_POINT('',(-36.448182561465,5.,-13.5254980429131));
#3623=CARTESIAN_POINT('Origin',(-32.1328772839051,0.,-11.));
#3624=CARTESIAN_POINT('Origin',(-32.1328772839051,11.,-11.));
#3625=CARTESIAN_POINT('Origin',(-32.1328772839051,-10.0000000000001,-11.));
#3626=CARTESIAN_POINT('Origin',(-11.0580144825506,2.79332431738103,-12.024250545662));
#3627=CARTESIAN_POINT('',(-10.,2.8079689783217,-14.973939570023));
#3628=CARTESIAN_POINT('',(-12.0128507445656,4.95,-15.7065573270654));
#3629=CARTESIAN_POINT('',(-10.0382317935983,2.84865440327094,-14.9878548048954));
#3630=CARTESIAN_POINT('',(-23.516241078369,4.95,15.8987478622319));
#3631=CARTESIAN_POINT('',(-13.0846267069361,4.95,-12.7618770717383));
#3632=CARTESIAN_POINT('',(-21.5033903338034,2.80796897832171,16.6313656192743));
#3633=CARTESIAN_POINT('',(-21.987976122275,3.32365440327094,16.4549908163222));
#3634=CARTESIAN_POINT('',(-10.5358879811852,2.8079689783217,-13.5015994423594));
#3635=CARTESIAN_POINT('Origin',(-21.4564057027641,4.95,16.6484666264406));
#3636=CARTESIAN_POINT('',(-21.5033903338034,7.0920310216783,16.6313656192743));
#3637=CARTESIAN_POINT('',(-21.5033903338034,2.475,16.6313656192743));
#3638=CARTESIAN_POINT('',(-22.984670658858,5.51568542494924,16.0922236723503));
#3639=CARTESIAN_POINT('Origin',(-13.0514035557166,4.98535533905933,-12.7497848336059));
#3640=CARTESIAN_POINT('',(-10.3420201433257,7.09203102167831,-14.0342469492371));
#3641=CARTESIAN_POINT('',(-10.9396926207859,6.09203102167831,-15.3159597133487));
#3642=CARTESIAN_POINT('Origin',(-11.2817127641116,6.09203102167831,-14.3762670925628));
#3643=CARTESIAN_POINT('',(-10.5358879811852,7.09203102167831,-13.5015994423594));
#3644=CARTESIAN_POINT('',(-13.3606655666265,3.51568542494924,-16.1971218035984));
#3645=CARTESIAN_POINT('Origin',(-32.1328772839051,11.5,-11.));
#3646=CARTESIAN_POINT('',(-35.5851215060294,12.,-13.0203984343305));
#3647=CARTESIAN_POINT('',(-35.5851215060294,12.,-13.0203984343305));
#3648=CARTESIAN_POINT('',(-32.1328772839051,12.,-15.0000000001899));
#3649=CARTESIAN_POINT('Origin',(-32.1328772839051,12.,-11.));
#3650=CARTESIAN_POINT('',(-32.1328772839051,12.,-15.0000000001899));
#3651=CARTESIAN_POINT('Origin',(-43.8976840938012,11.5,0.193329960957716));
#3652=CARTESIAN_POINT('',(-45.2647461096131,12.,3.51912542321619));
#3653=CARTESIAN_POINT('',(-45.2647461096131,12.,3.51912542321619));
#3654=CARTESIAN_POINT('',(-43.4661535660834,12.,0.445879765249027));
#3655=CARTESIAN_POINT('Origin',(-12.968576536388,11.5,22.4202014332567));
#3656=CARTESIAN_POINT('',(-17.8837586707838,12.,59.5164846436479));
#3657=CARTESIAN_POINT('Ctrl Pts',(-22.968576536388,11.,59.5164846436479));
#3658=CARTESIAN_POINT('Ctrl Pts',(-20.3926447142558,11.670457786563,59.5164846436479));
#3659=CARTESIAN_POINT('Ctrl Pts',(-17.8837586707838,12.,59.5164846436479));
#3660=CARTESIAN_POINT('Origin',(-12.968576536388,12.,22.4202014332567));
#3661=CARTESIAN_POINT('Origin',(6.484288268194,8.,30.4202014332567));
#3662=CARTESIAN_POINT('',(-12.968576536388,10.,30.4202014332567));
#3663=CARTESIAN_POINT('Origin',(-12.968576536388,8.,30.4202014332567));
#3664=CARTESIAN_POINT('',(-6.484288268194,10.,30.4202014332567));
#3665=CARTESIAN_POINT('Origin',(-12.968576536388,8.,22.4202014332567));
#3666=CARTESIAN_POINT('',(-20.4861175026753,10.,19.6840402866513));
#3667=CARTESIAN_POINT('Origin',(-20.4861175026753,8.,19.6840402866513));
#3668=CARTESIAN_POINT('Origin',(-12.968576536388,10.,22.4202014332567));
#3669=CARTESIAN_POINT('Origin',(-12.8190778623577,0.,-16.));
#3670=CARTESIAN_POINT('',(-10.9396926207859,8.,-15.3159597133487));
#3671=CARTESIAN_POINT('',(-10.9396926207859,0.,-15.3159597133487));
#3672=CARTESIAN_POINT('',(-10.,-10.0000000000001,-14.973939570023));
#3673=CARTESIAN_POINT('',(-10.,0.,-14.973939570023));
#3674=CARTESIAN_POINT('',(-10.,-10.0000000000001,-14.973939570023));
#3675=CARTESIAN_POINT('',(-10.7784668559827,9.0000000000001,-15.2572783339635));
#3676=CARTESIAN_POINT('',(-1.09167997417353,9.,-11.7315762433046));
#3677=CARTESIAN_POINT('Origin',(-8.12061475842818,8.,-14.2898992833717));
#3678=CARTESIAN_POINT('Origin',(8.88178419700125E-15,10.,21.758242321824));
#3679=CARTESIAN_POINT('',(-7.77859461510252,10.,-15.2295919041576));
#3680=CARTESIAN_POINT('',(-13.4384737154335,10.,0.320798120844963));
#3681=CARTESIAN_POINT('',(-0.749659830847861,10.,-12.6712688640905));
#3682=CARTESIAN_POINT('Origin',(-0.749659830847861,9.,-12.6712688640905));
#3683=CARTESIAN_POINT('Ctrl Pts',(-10.7784668559827,9.0000000000002,-15.2572783339635));
#3684=CARTESIAN_POINT('Ctrl Pts',(-10.6009204890404,9.26720277942578,-15.1926567411944));
#3685=CARTESIAN_POINT('Ctrl Pts',(-10.0655656909876,9.60733780976492,-15.1671146022596));
#3686=CARTESIAN_POINT('Ctrl Pts',(-8.97833167501915,9.92418859996905,-15.18262057164));
#3687=CARTESIAN_POINT('Ctrl Pts',(-8.26000003419856,9.99929186651199,-15.2110696179293));
#3688=CARTESIAN_POINT('Ctrl Pts',(-7.78349743401709,9.99999943304514,-15.229402772255));
#3689=CARTESIAN_POINT('Ctrl Pts',(-7.78104631398705,10.,-15.2294973913725));
#3690=CARTESIAN_POINT('Ctrl Pts',(-7.77859461510251,10.,-15.2295919041576));
#3691=CARTESIAN_POINT('Origin',(-13.4384737154335,8.,0.320798120844963));
#3692=CARTESIAN_POINT('',(-10.2345363001236,8.66666666666694,-13.995126029647));
#3693=CARTESIAN_POINT('',(-10.3420201433257,8.,-14.0342469492371));
#3694=CARTESIAN_POINT('Origin',(-8.46263490175385,8.,-13.3502066625858));
#3695=CARTESIAN_POINT('Ctrl Pts',(-7.77859461510251,10.,-15.2295919041576));
#3696=CARTESIAN_POINT('Ctrl Pts',(-7.78065197450876,10.,-15.228367005338));
#3697=CARTESIAN_POINT('Ctrl Pts',(-7.78270890329423,9.99999924406018,-15.2271421584916));
#3698=CARTESIAN_POINT('Ctrl Pts',(-8.18255380716755,9.99905582201585,-14.9891419671397));
#3699=CARTESIAN_POINT('Ctrl Pts',(-8.7856711500579,9.89891813329219,-14.6288579639627));
#3700=CARTESIAN_POINT('Ctrl Pts',(-9.68671481714351,9.4764504130199,-14.1343574608066));
#3701=CARTESIAN_POINT('Ctrl Pts',(-10.1161720554952,9.0229370392347,-13.952044967801));
#3702=CARTESIAN_POINT('Ctrl Pts',(-10.2345363001236,8.66666666666694,-13.995126029647));
#3703=CARTESIAN_POINT('',(-15.3178589570053,8.,-0.363242165806375));
#3704=CARTESIAN_POINT('Origin',(-10.,0.,-14.973939570023));
#3705=CARTESIAN_POINT('',(-10.3420201433257,0.,-14.0342469492371));
#3706=CARTESIAN_POINT('',(-10.,-10.0000000000001,-14.973939570023));
#3707=CARTESIAN_POINT('Origin',(-11.2817127641116,0.,-14.3762670925628));
#3708=CARTESIAN_POINT('Origin',(-11.2817127641116,8.,-14.3762670925628));
#3709=CARTESIAN_POINT('Origin',(-8.46263490175385,8.,-13.3502066625858));
#3710=CARTESIAN_POINT('Origin',(-11.1204869993084,9.00000000000041,-14.3175857131776));
#3711=CARTESIAN_POINT('Ctrl Pts',(-7.77859461510251,10.,-15.2295919041576));
#3712=CARTESIAN_POINT('Ctrl Pts',(-7.78065197450876,10.,-15.228367005338));
#3713=CARTESIAN_POINT('Ctrl Pts',(-7.78270890329423,9.99999924406018,-15.2271421584916));
#3714=CARTESIAN_POINT('Ctrl Pts',(-8.18255380716755,9.99905582201585,-14.9891419671397));
#3715=CARTESIAN_POINT('Ctrl Pts',(-8.7856711500579,9.89891813329219,-14.6288579639627));
#3716=CARTESIAN_POINT('Ctrl Pts',(-9.68671481714351,9.4764504130199,-14.1343574608066));
#3717=CARTESIAN_POINT('Ctrl Pts',(-10.1161720554952,9.0229370392347,-13.952044967801));
#3718=CARTESIAN_POINT('Ctrl Pts',(-10.2345363001236,8.66666666666694,-13.995126029647));
#3719=CARTESIAN_POINT('Ctrl Pts',(-7.77859461510251,10.,-15.2295919041576));
#3720=CARTESIAN_POINT('Ctrl Pts',(-7.78075083121649,9.99999744520715,-15.2285717634898));
#3721=CARTESIAN_POINT('Ctrl Pts',(-7.78283491723561,10.0000005634215,-15.2275832855664));
#3722=CARTESIAN_POINT('Ctrl Pts',(-8.19881595109029,9.99937249875588,-15.0308932182387));
#3723=CARTESIAN_POINT('Ctrl Pts',(-8.8206963047999,9.87790446009694,-14.7346833350287));
#3724=CARTESIAN_POINT('Ctrl Pts',(-9.70052790683501,9.40042532308351,-14.3430977170091));
#3725=CARTESIAN_POINT('Ctrl Pts',(-10.0506987959324,8.94686803361228,-14.2231256400239));
#3726=CARTESIAN_POINT('Ctrl Pts',(-10.1322041125377,8.66666666666688,-14.2762814043226));
#3727=CARTESIAN_POINT('Ctrl Pts',(-7.77859461510251,10.,-15.2295919041576));
#3728=CARTESIAN_POINT('Ctrl Pts',(-7.78088666743154,9.9999983539124,-15.228942797617));
#3729=CARTESIAN_POINT('Ctrl Pts',(-7.78309382461299,9.99999865608152,-15.2283428483831));
#3730=CARTESIAN_POINT('Ctrl Pts',(-8.22465325845483,9.99957521743218,-15.1043533674559));
#3731=CARTESIAN_POINT('Ctrl Pts',(-8.8817902572875,9.86901699076675,-14.9221084988019));
#3732=CARTESIAN_POINT('Ctrl Pts',(-9.79359917693202,9.36707916801786,-14.7339336232598));
#3733=CARTESIAN_POINT('Ctrl Pts',(-10.1065032521312,8.94177934974189,-14.7619926633394));
#3734=CARTESIAN_POINT('Ctrl Pts',(-10.1775219554339,8.75037547271727,-14.8440240324779));
#3735=CARTESIAN_POINT('Ctrl Pts',(-7.77859461510251,10.,-15.2295919041576));
#3736=CARTESIAN_POINT('Ctrl Pts',(-7.78100571846316,9.99999765358276,-15.2293242208977));
#3737=CARTESIAN_POINT('Ctrl Pts',(-7.78336887332564,10.0000006951868,-15.2290919224201));
#3738=CARTESIAN_POINT('Ctrl Pts',(-8.24985013122872,9.99948145528496,-15.1784971109904));
#3739=CARTESIAN_POINT('Ctrl Pts',(-8.94983160654828,9.90126128805061,-15.1047668152263));
#3740=CARTESIAN_POINT('Ctrl Pts',(-9.97744034862556,9.51574154999504,-15.0556819758733));
#3741=CARTESIAN_POINT('Ctrl Pts',(-10.4383867599343,9.15269131965459,-15.1070048239447));
#3742=CARTESIAN_POINT('Ctrl Pts',(-10.5796599839826,8.9252001749147,-15.1849185501879));
#3743=CARTESIAN_POINT('Ctrl Pts',(-7.77859461510251,10.,-15.2295919041576));
#3744=CARTESIAN_POINT('Ctrl Pts',(-7.78104631398705,10.,-15.2294973913725));
#3745=CARTESIAN_POINT('Ctrl Pts',(-7.78349743401709,9.99999943304514,-15.229402772255));
#3746=CARTESIAN_POINT('Ctrl Pts',(-8.26000003419856,9.99929186651199,-15.2110696179293));
#3747=CARTESIAN_POINT('Ctrl Pts',(-8.97833167501915,9.92418859996905,-15.18262057164));
#3748=CARTESIAN_POINT('Ctrl Pts',(-10.0655656909876,9.60733780976492,-15.1671146022596));
#3749=CARTESIAN_POINT('Ctrl Pts',(-10.6009204890404,9.26720277942578,-15.1926567411944));
#3750=CARTESIAN_POINT('Ctrl Pts',(-10.7784668559827,9.0000000000002,-15.2572783339635));
#3751=CARTESIAN_POINT('Origin',(-21.4988976241012,-5.00000000000006,2.));
#3752=CARTESIAN_POINT('',(-22.8988976241012,-5.00000000000006,2.));
#3753=CARTESIAN_POINT('Origin',(-21.4988976241012,-5.00000000000006,2.));
#3754=CARTESIAN_POINT('Origin',(-21.4988976241012,-10.0000000000001,2.));
#3755=CARTESIAN_POINT('',(-22.8988976241012,-10.0000000000001,2.));
#3756=CARTESIAN_POINT('Origin',(-21.4988976241012,-10.0000000000001,2.));
#3757=CARTESIAN_POINT('',(-22.8988976241012,-10.0000000000001,2.));
#3758=CARTESIAN_POINT('Origin',(-27.1113919521957,-5.00000000000006,17.4202014332567));
#3759=CARTESIAN_POINT('',(-27.8273516655443,-5.00000000000006,15.5408161916849));
#3760=CARTESIAN_POINT('Origin',(-26.4273516655443,-5.00000000000006,15.5408161916849));
#3761=CARTESIAN_POINT('Origin',(-26.4273516655443,-10.0000000000001,15.5408161916849));
#3762=CARTESIAN_POINT('',(-27.8273516655443,-10.0000000000001,15.5408161916849));
#3763=CARTESIAN_POINT('Origin',(-26.4273516655443,-10.0000000000001,15.5408161916849));
#3764=CARTESIAN_POINT('',(-27.8273516655443,-10.0000000000001,15.5408161916849));
#3765=CARTESIAN_POINT('Origin',(-17.1312548129068,-5.00000000000006,-10.));
#3766=CARTESIAN_POINT('',(-18.5312548129068,-5.00000000000006,-10.));
#3767=CARTESIAN_POINT('Origin',(-17.1312548129068,-5.00000000000006,-10.));
#3768=CARTESIAN_POINT('Origin',(-17.1312548129068,-10.0000000000001,-10.));
#3769=CARTESIAN_POINT('',(-18.5312548129068,-10.0000000000001,-10.));
#3770=CARTESIAN_POINT('Origin',(-17.1312548129068,-10.0000000000001,-10.));
#3771=CARTESIAN_POINT('',(-18.5312548129068,-10.0000000000001,-10.));
#3772=CARTESIAN_POINT('Origin',(-6.40953893117886,11.5,-15.5));
#3773=CARTESIAN_POINT('',(6.40953893117886,12.,-15.));
#3774=CARTESIAN_POINT('Origin',(8.88178419700125E-15,12.,21.758242321824));
#3775=CARTESIAN_POINT('',(22.968576536388,12.,59.5164846436479));
#3776=CARTESIAN_POINT('Origin',(-22.968576536388,0.,59.5164846436479));
#3777=CARTESIAN_POINT('',(22.968576536388,-10.0000000000001,59.5164846436479));
#3778=CARTESIAN_POINT('Origin',(1.20782508005313E-15,-10.0000000000001,
21.758242321824));
#3779=CARTESIAN_POINT('Origin',(-27.9648396757264,-12.5000000000001,9.53171438177154));
#3780=CARTESIAN_POINT('',(-21.0469374573148,-12.0000000000001,-10.936967953391));
#3781=CARTESIAN_POINT('',(-20.1072448365289,-13.0000000000001,-10.5949478100653));
#3782=CARTESIAN_POINT('',(-21.0469374573148,-12.0000000000001,-10.936967953391));
#3783=CARTESIAN_POINT('',(-29.243198165428,-13.0000000000001,14.5058776662763));
#3784=CARTESIAN_POINT('',(-27.4949933653334,-13.0000000000001,9.70272445343438));
#3785=CARTESIAN_POINT('',(-30.1828907862139,-12.0000000000001,14.1638575229507));
#3786=CARTESIAN_POINT('',(-29.243198165428,-13.0000000000001,14.5058776662763));
#3787=CARTESIAN_POINT('',(-28.4346859861194,-12.0000000000001,9.36070431010871));
#3788=CARTESIAN_POINT('Origin',(-16.3484743533852,-12.5000000000001,-9.22686723676266));
#3789=CARTESIAN_POINT('',(-14.6383736367569,-12.0000000000001,-13.9253303406922));
#3790=CARTESIAN_POINT('',(-14.9803937800826,-13.0000000000001,-12.9856377199063));
#3791=CARTESIAN_POINT('',(-14.6383736367569,-12.0000000000001,-13.9253303406922));
#3792=CARTESIAN_POINT('Origin',(-16.3484743533852,-13.0000000000001,-9.22686723676266));
#3793=CARTESIAN_POINT('Origin',(-16.3484743533852,-12.0000000000001,-9.22686723676266));
#3794=CARTESIAN_POINT('Origin',(-13.8077748054961,-12.5000000000001,-13.090928203259));
#3795=CARTESIAN_POINT('',(-7.65712528329981,-12.0000000000001,-11.3843637420139));
#3796=CARTESIAN_POINT('',(-8.93883804741139,-13.0000000000001,-10.7866912645537));
#3797=CARTESIAN_POINT('',(-15.5950014268336,-18.1931786635799,-7.68287130679826));
#3798=CARTESIAN_POINT('',(-13.978784877159,-13.0000000000001,-12.6210818928661));
#3799=CARTESIAN_POINT('',(-13.6367647338333,-12.0000000000001,-13.560774513652));
#3800=CARTESIAN_POINT('Origin',(-25.4844276822844,-12.5000000000001,15.873958239579));
#3801=CARTESIAN_POINT('',(-26.852508255587,-13.0000000000001,19.6327287227226));
#3802=CARTESIAN_POINT('',(-27.1945283989127,-12.0000000000001,20.5724213435085));
#3803=CARTESIAN_POINT('',(-26.852508255587,-13.0000000000001,19.6327287227226));
#3804=CARTESIAN_POINT('Origin',(-25.4844276822844,-12.0000000000001,15.873958239579));
#3805=CARTESIAN_POINT('Origin',(-25.4844276822844,-13.0000000000001,15.873958239579));
#3806=CARTESIAN_POINT('Origin',(-23.377008606305,-12.5000000000001,21.4297960305019));
#3807=CARTESIAN_POINT('',(-20.8109525229159,-13.0000000000001,21.8316751780753));
#3808=CARTESIAN_POINT('',(-20.2132800454557,-12.0000000000001,23.1133879421868));
#3809=CARTESIAN_POINT('',(-21.5545390339069,-14.2441371136092,20.2370487592575));
#3810=CARTESIAN_POINT('',(-23.5480186779678,-12.0000000000001,21.8996423408949));
#3811=CARTESIAN_POINT('',(-23.2059985346421,-13.0000000000001,20.959949720109));
#3812=CARTESIAN_POINT('Origin',(-17.9756716603577,-12.5000000000001,15.5037072304663));
#3813=CARTESIAN_POINT('',(-17.5058253499647,-12.0000000000001,15.6747173021291));
#3814=CARTESIAN_POINT('',(-18.4455179707506,-13.0000000000001,15.3326971588035));
#3815=CARTESIAN_POINT('Origin',(-14.6383736367569,-10.0000000000001,-13.9253303406922));
#3816=CARTESIAN_POINT('',(-14.6383736367569,-10.0000000000001,-13.9253303406922));
#3817=CARTESIAN_POINT('',(-14.6383736367569,-10.0000000000001,-13.9253303406922));
#3818=CARTESIAN_POINT('',(-10.2882646215001,-10.0000000000001,-12.3420201433257));
#3819=CARTESIAN_POINT('',(-9.3485720007142,-10.0000000000001,-12.));
#3820=CARTESIAN_POINT('',(-9.3485720007142,-9.00000000000006,-12.));
#3821=CARTESIAN_POINT('Origin',(-10.2882646215001,-9.00000000000006,-12.3420201433257));
#3822=CARTESIAN_POINT('',(-9.3485720007142,-7.50000000000006,-12.));
#3823=CARTESIAN_POINT('',(-9.3485720007142,-10.0000000000001,-12.));
#3824=CARTESIAN_POINT('',(-7.65712528329981,-7.50000000000006,-11.3843637420139));
#3825=CARTESIAN_POINT('',(-11.5646608894419,-7.50000000000006,-12.8065903919849));
#3826=CARTESIAN_POINT('',(-7.65712528329981,-11.5000000000001,-11.3843637420139));
#3827=CARTESIAN_POINT('Origin',(-16.3484743533852,-10.0000000000001,-9.22686723676266));
#3828=CARTESIAN_POINT('',(-21.0469374573148,-10.0000000000001,-10.936967953391));
#3829=CARTESIAN_POINT('',(-21.0469374573148,-10.0000000000001,-10.936967953391));
#3830=CARTESIAN_POINT('Origin',(-16.3484743533852,-10.0000000000001,-9.22686723676266));
#3831=CARTESIAN_POINT('Origin',(-30.8669310728652,-10.0000000000001,16.0432427645225));
#3832=CARTESIAN_POINT('',(-30.1828907862139,-10.0000000000001,14.1638575229507));
#3833=CARTESIAN_POINT('',(-30.1828907862139,-10.0000000000001,14.1638575229507));
#3834=CARTESIAN_POINT('',(-21.0469374573148,-10.0000000000001,-10.936967953391));
#3835=CARTESIAN_POINT('Origin',(-25.4844276822844,-10.0000000000001,15.873958239579));
#3836=CARTESIAN_POINT('',(-27.1945283989127,-10.0000000000001,20.5724213435085));
#3837=CARTESIAN_POINT('',(-27.1945283989127,-10.0000000000001,20.5724213435085));
#3838=CARTESIAN_POINT('Origin',(-25.4844276822844,-10.0000000000001,15.873958239579));
#3839=CARTESIAN_POINT('Origin',(-19.3007599895968,-13.0000000000001,5.1173782264037));
#3840=CARTESIAN_POINT('',(-18.7312548129068,-13.0000000000001,-10.));
#3841=CARTESIAN_POINT('Origin',(-17.1312548129068,-13.0000000000001,-10.));
#3842=CARTESIAN_POINT('',(-28.0273516655443,-13.0000000000001,15.5408161916849));
#3843=CARTESIAN_POINT('Origin',(-26.4273516655443,-13.0000000000001,15.5408161916849));
#3844=CARTESIAN_POINT('',(-23.0988976241012,-13.0000000000001,2.));
#3845=CARTESIAN_POINT('Origin',(-21.4988976241012,-13.0000000000001,2.));
#3846=CARTESIAN_POINT('Origin',(-21.3904097977449,-7.25000000000007,22.4189033073654));
#3847=CARTESIAN_POINT('',(-20.2132800454557,-7.50000000000006,23.1133879421868));
#3848=CARTESIAN_POINT('',(-20.5121162841858,-7.00000000000006,22.4725315601311));
#3849=CARTESIAN_POINT('',(-21.2562061819585,-5.75502064118017,20.8768256248762));
#3850=CARTESIAN_POINT('',(-21.2638703808142,-7.00000000000006,22.1989154454706));
#3851=CARTESIAN_POINT('',(-21.3049047619135,-7.00000000000006,22.183980152169));
#3852=CARTESIAN_POINT('',(-21.90472676287,-7.50000000000006,22.4977516842008));
#3853=CARTESIAN_POINT('',(-15.788019276415,-2.72770806554717,19.6454841405728));
#3854=CARTESIAN_POINT('',(-21.4759148335763,-7.50000000000007,22.6538264625619));
#3855=CARTESIAN_POINT('Origin',(-17.6688762811793,-7.25000000000007,15.3917449538213));
#3856=CARTESIAN_POINT('',(-17.4339531259828,-7.50000000000006,15.4772499896527));
#3857=CARTESIAN_POINT('',(-8.2979816653556,-7.00000000000006,-11.0855275032838));
#3858=CARTESIAN_POINT('',(-8.2979816653556,-7.00000000000006,-11.0855275032838));
#3859=CARTESIAN_POINT('',(-17.9037994363757,-7.00000000000006,15.3062399179899));
#3860=CARTESIAN_POINT('Origin',(-21.90472676287,-10.0000000000001,22.4977516842008));
#3861=CARTESIAN_POINT('',(-20.2132800454557,-13.0000000000001,23.1133879421868));
#3862=CARTESIAN_POINT('',(-21.90472676287,-9.00000000000006,22.4977516842008));
#3863=CARTESIAN_POINT('',(-21.90472676287,-10.0000000000001,22.4977516842008));
#3864=CARTESIAN_POINT('',(-22.8444193836559,-10.0000000000001,22.1557315408751));
#3865=CARTESIAN_POINT('Origin',(-22.8444193836559,-9.00000000000006,22.1557315408751));
#3866=CARTESIAN_POINT('',(-27.1945283989127,-10.0000000000001,20.5724213435085));
#3867=CARTESIAN_POINT('Origin',(-12.3745787008793,-7.25000000000007,-2.95516382013724));
#3868=CARTESIAN_POINT('',(-9.04973576198408,-7.00000000000006,-11.3591436179442));
#3869=CARTESIAN_POINT('',(-12.1396555456828,-7.00000000000006,-2.86965878430582));
#3870=CARTESIAN_POINT('',(-9.3485720007142,-7.50000000000006,-12.));
#3871=CARTESIAN_POINT('',(-12.6095018560758,-7.50000000000006,-3.04066885596866));
#3872=CARTESIAN_POINT('Origin',(-11.6501659252733,-7.25000000000007,-12.5716672367885));
#3873=CARTESIAN_POINT('',(-11.7356709611047,-7.00000000000006,-12.336744081592));
#3874=CARTESIAN_POINT('Origin',(-20.6889212579426,-10.0000000000001,24.4202014332567));
#3875=CARTESIAN_POINT('Origin',(-15.01280785285,-7.00000000000006,6.23081184478502));
#3876=CARTESIAN_POINT('Origin',(-9.3485720007142,-10.0000000000001,-12.));
#3877=CARTESIAN_POINT('',(-12.6813740800577,-9.00000000000006,-2.84320154349227));
#3878=CARTESIAN_POINT('Origin',(-13.6210667008436,-9.00000000000006,-3.18522168681794));
#3879=CARTESIAN_POINT('',(-13.6210667008436,-10.0000000000001,-3.18522168681794));
#3880=CARTESIAN_POINT('Origin',(-17.1312548129068,-10.0000000000001,-10.));
#3881=CARTESIAN_POINT('',(-18.7312548129068,-10.0000000000001,-10.));
#3882=CARTESIAN_POINT('',(-18.7312548129068,-10.0000000000001,-10.));
#3883=CARTESIAN_POINT('Origin',(-17.1312548129068,-10.0000000000001,-10.));
#3884=CARTESIAN_POINT('Origin',(-26.4273516655443,-10.0000000000001,15.5408161916849));
#3885=CARTESIAN_POINT('',(-28.0273516655443,-10.0000000000001,15.5408161916849));
#3886=CARTESIAN_POINT('',(-28.0273516655443,-10.0000000000001,15.5408161916849));
#3887=CARTESIAN_POINT('Origin',(-26.4273516655443,-10.0000000000001,15.5408161916849));
#3888=CARTESIAN_POINT('Origin',(-21.4988976241012,-10.0000000000001,2.));
#3889=CARTESIAN_POINT('',(-23.0988976241012,-10.0000000000001,2.));
#3890=CARTESIAN_POINT('',(-23.0988976241012,-10.0000000000001,2.));
#3891=CARTESIAN_POINT('Origin',(-21.4988976241012,-10.0000000000001,2.));
#3892=CARTESIAN_POINT('Origin',(-19.3007599895968,-10.0000000000001,5.1173782264037));
#3893=CARTESIAN_POINT('',(0.,0.,0.));
#3894=CARTESIAN_POINT('Origin',(-17.599928950827,-9.75,17.1633405524684));
#3895=CARTESIAN_POINT('',(-6.77537779633191,-9.5,-13.3078204202792));
#3896=CARTESIAN_POINT('',(-6.42527402722706,-10.,-12.8078204202792));
#3897=CARTESIAN_POINT('',(-3.99964080963969,-13.4641632447849,-9.34365717549428));
#3898=CARTESIAN_POINT('',(-20.6181369946274,-10.,26.1867501000669));
#3899=CARTESIAN_POINT('',(-17.3650057956305,-10.,17.2488455882998));
#3900=CARTESIAN_POINT('',(-21.0417872474355,-9.5,25.8888174033221));
#3901=CARTESIAN_POINT('',(-23.4494325137375,-6.65845175313497,24.1956371390838));
#3902=CARTESIAN_POINT('',(-17.8348521060235,-9.5,17.077835516637));
#3903=CARTESIAN_POINT('Origin',(-12.342144134097,-9.75,-13.0578204202792));
#3904=CARTESIAN_POINT('',(-5.50000000000001,-9.5,-13.3078204202792));
#3905=CARTESIAN_POINT('',(-12.342144134097,-9.5,-13.3078204202792));
#3906=CARTESIAN_POINT('',(-6.00000000000001,-10.,-12.8078204202792));
#3907=CARTESIAN_POINT('',(-5.50000000000001,-9.5,-13.3078204202792));
#3908=CARTESIAN_POINT('',(-12.342144134097,-10.,-12.8078204202792));
#3909=CARTESIAN_POINT('Origin',(-21.5997724311866,2.99163500483527E-14,
27.4218690960684));
#3910=CARTESIAN_POINT('',(-21.0417872474355,-7.41421356237306,25.8888174033221));
#3911=CARTESIAN_POINT('',(-21.0417872474355,1.49581750241764E-14,25.8888174033221));
#3912=CARTESIAN_POINT('',(-6.77537779633191,-7.41421356237306,-13.3078204202792));
#3913=CARTESIAN_POINT('',(-19.6460980090085,-7.41421356237306,22.0541927361679));
#3914=CARTESIAN_POINT('',(-6.77537779633191,1.49581750241764E-14,-13.3078204202792));
#3915=CARTESIAN_POINT('Origin',(-20.5857906297944,-7.41421356237306,21.7121725928422));
#3916=CARTESIAN_POINT('',(-7.08706824950211,-6.70710678118651,-13.3078204202792));
#3917=CARTESIAN_POINT('Origin',(-7.83955556880782,-7.41421356237306,-13.3078204202792));
#3918=CARTESIAN_POINT('',(-21.2899558198278,-6.70710678118651,25.7142924702433));
#3919=CARTESIAN_POINT('Origin',(-21.8890877530519,-7.41421356237306,25.2929520098324));
#3920=CARTESIAN_POINT('',(-19.9213276054057,-6.70710678118652,21.9540173554902));
#3921=CARTESIAN_POINT('Origin',(-8.93304427983122,-7.41421356237306,-10.3034848783139));
#3922=CARTESIAN_POINT('',(-22.6539320549749,-7.41421356237306,24.470540058601));
#3923=CARTESIAN_POINT('',(-22.5758013795849,-6.82843665924707,24.8100195878939));
#3924=CARTESIAN_POINT('Ctrl Pts',(-22.5758013795861,-6.82843665924765,24.8100195878947));
#3925=CARTESIAN_POINT('Ctrl Pts',(-22.5957271102985,-6.89224873881512,24.7299168508945));
#3926=CARTESIAN_POINT('Ctrl Pts',(-22.6136240705097,-6.96806023875905,24.6533135013928));
#3927=CARTESIAN_POINT('Ctrl Pts',(-22.6355513417867,-7.10741276648154,24.555875269025));
#3928=CARTESIAN_POINT('Ctrl Pts',(-22.6423088727871,-7.16538589823349,24.524807584141));
#3929=CARTESIAN_POINT('Ctrl Pts',(-22.6514942733006,-7.28662778051287,24.482140402478));
#3930=CARTESIAN_POINT('Ctrl Pts',(-22.6539320549749,-7.34989548177024,24.470540058601));
#3931=CARTESIAN_POINT('Ctrl Pts',(-22.6539320549749,-7.41421356237306,24.470540058601));
#3932=CARTESIAN_POINT('',(-8.90373334128373,-7.41421356237306,-13.3078204202792));
#3933=CARTESIAN_POINT('',(-9.87273690061713,-7.41421356237306,-10.6455050216395));
#3934=CARTESIAN_POINT('',(-8.59204288811353,-6.70710678118652,-13.3078204202792));
#3935=CARTESIAN_POINT('Origin',(-7.83955556880782,-7.41421356237306,-13.3078204202792));
#3936=CARTESIAN_POINT('',(-22.488219686276,-6.70710678118652,24.8716115494214));
#3937=CARTESIAN_POINT('',(-9.5975073042199,-6.70710678118652,-10.5453296409618));
#3938=CARTESIAN_POINT('Origin',(-21.8890877530519,-7.41421356237306,25.2929520098323));
#3939=CARTESIAN_POINT('Origin',(-7.9421625394742,2.9940378839452E-14,-15.9497144854577));
#3940=CARTESIAN_POINT('',(-22.6539320549749,-9.,24.470540058601));
#3941=CARTESIAN_POINT('',(-22.6539320549749,0.,24.470540058601));
#3942=CARTESIAN_POINT('',(-8.90373334128373,-9.,-13.3078204202792));
#3943=CARTESIAN_POINT('',(-11.9457397809532,-9.,-4.94997641745179));
#3944=CARTESIAN_POINT('',(-8.90373334128373,1.4970189419726E-14,-13.3078204202792));
#3945=CARTESIAN_POINT('Origin',(-17.9273467420268,-6.74999999999997,16.601011340436));
#3946=CARTESIAN_POINT('',(-21.4654375002437,-6.49999999999997,25.5908847065772));
#3947=CARTESIAN_POINT('',(-23.1658701327549,-4.49311741083612,24.3950528228974));
#3948=CARTESIAN_POINT('',(-7.30746668256986,-6.49999999999997,-13.3078204202792));
#3949=CARTESIAN_POINT('',(-18.1622698972233,-6.49999999999997,16.5155063046046));
#3950=CARTESIAN_POINT('',(-12.5345670405507,-1.588132365498,-13.3078204202792));
#3951=CARTESIAN_POINT('Origin',(-14.3760196355222,-6.49999999999997,5.73607730530533));
#3952=CARTESIAN_POINT('',(-22.3127380058601,-6.49999999999997,24.9950193130875));
#3953=CARTESIAN_POINT('',(-23.6510314892445,-6.49999999999997,24.0538623471755));
#3954=CARTESIAN_POINT('',(-8.37164445504578,-6.49999999999997,-13.3078204202792));
#3955=CARTESIAN_POINT('',(-11.3334649513671,-6.49999999999997,-5.17028548615847));
#3956=CARTESIAN_POINT('',(-12.4380098177611,-6.49999999999997,-13.3078204202792));
#3957=CARTESIAN_POINT('Origin',(-11.5683881065636,-6.74999999999997,-5.25579052198989));
#3958=CARTESIAN_POINT('',(-8.22613908682287,-6.36326967919617,-13.3078204202792));
#3959=CARTESIAN_POINT('',(-22.5805106892198,-6.81603035945898,24.8067077585937));
#3960=CARTESIAN_POINT('Origin',(-12.4155860913462,-9.5,-5.12098648911463));
#3961=CARTESIAN_POINT('',(-22.8148048645465,-9.5,23.4506322702218));
#3962=CARTESIAN_POINT('',(-21.8016871717755,-10.,19.2052120859954));
#3963=CARTESIAN_POINT('Ctrl Pts',(-22.8148048645465,-9.5,23.4506322702218));
#3964=CARTESIAN_POINT('Ctrl Pts',(-22.5431691733575,-10.0000000000011,21.2424171422772));
#3965=CARTESIAN_POINT('Ctrl Pts',(-21.8016871717745,-10.0000000000011,19.2052120859958));
#3966=CARTESIAN_POINT('',(-10.1498962308952,-10.,-12.8078204202792));
#3967=CARTESIAN_POINT('',(-19.3453484074979,-10.,12.4564767966116));
#3968=CARTESIAN_POINT('',(-9.43582222752169,-9.5,-13.3078204202792));
#3969=CARTESIAN_POINT('',(-12.45732733261,-11.615680651322,-11.1921397689572));
#3970=CARTESIAN_POINT('',(-8.13919964780535,-8.28157332989617,-13.3078204202792));
#3971=CARTESIAN_POINT('Origin',(-12.968576536388,-0.600000000002285,22.4202014332567));
#3972=CARTESIAN_POINT('Origin',(-12.968576536388,0.,22.4202014332567));
#3973=CARTESIAN_POINT('',(-22.5758013795872,7.9,24.81001958789));
#3974=CARTESIAN_POINT('',(-22.5758013795872,0.,24.81001958789));
#3975=CARTESIAN_POINT('',(-22.2715334821685,7.9,19.0342020143326));
#3976=CARTESIAN_POINT('Origin',(-12.968576536388,7.9,22.4202014332567));
#3977=CARTESIAN_POINT('',(-22.2715334821685,-9.5,19.0342020143326));
#3978=CARTESIAN_POINT('',(-22.2715334821685,0.,19.0342020143326));
#3979=CARTESIAN_POINT('Origin',(-12.968576536388,-9.5,22.4202014332567));
#3980=CARTESIAN_POINT('Origin',(-10.5000000000001,0.,-13.3078204202792));
#3981=CARTESIAN_POINT('',(-10.5000000000001,-9.5,-13.3078204202792));
#3982=CARTESIAN_POINT('',(-12.342144134097,-9.5,-13.3078204202792));
#3983=CARTESIAN_POINT('',(-10.5000000000001,2.77867965644035,-13.3078204202792));
#3984=CARTESIAN_POINT('',(-10.5000000000001,0.,-13.3078204202792));
#3985=CARTESIAN_POINT('',(-10.5000000000001,7.12132034355966,-13.3078204202792));
#3986=CARTESIAN_POINT('',(-10.5000000000001,0.,-13.3078204202792));
#3987=CARTESIAN_POINT('',(-10.5000000000001,7.9,-13.3078204202792));
#3988=CARTESIAN_POINT('',(-10.5000000000001,0.,-13.3078204202792));
#3989=CARTESIAN_POINT('',(-5.50000000000001,7.9,-13.3078204202792));
#3990=CARTESIAN_POINT('',(-12.342144134097,7.9,-13.3078204202792));
#3991=CARTESIAN_POINT('',(-5.50000000000001,0.,-13.3078204202792));
#3992=CARTESIAN_POINT('Origin',(-9.84214413409704,-9.75,26.4421795797208));
#3993=CARTESIAN_POINT('',(-5.50000000000006,-9.5,26.6921795797208));
#3994=CARTESIAN_POINT('',(-19.8994333103002,-9.5,26.6921795797208));
#3995=CARTESIAN_POINT('',(-9.84214413409704,-9.5,26.6921795797208));
#3996=CARTESIAN_POINT('',(-20.6104164575627,-10.,26.1921795797208));
#3997=CARTESIAN_POINT('',(-16.2831322677217,-6.9568306882505,29.2353488914703));
#3998=CARTESIAN_POINT('',(-6.00000000000006,-10.,26.1921795797208));
#3999=CARTESIAN_POINT('',(-9.84214413409704,-10.,26.1921795797208));
#4000=CARTESIAN_POINT('',(-6.00000000000006,-10.,26.1921795797208));
#4001=CARTESIAN_POINT('Origin',(-5.75000000000002,-9.75,-3.30782042027916));
#4002=CARTESIAN_POINT('',(-6.00000000000002,-10.,-3.30782042027916));
#4003=CARTESIAN_POINT('',(-5.50000000000002,-9.5,-3.30782042027916));
#4004=CARTESIAN_POINT('Origin',(-21.2376173449437,0.,25.7510995838054));
#4005=CARTESIAN_POINT('',(-23.3619463444443,-10.,24.2571619232014));
#4006=CARTESIAN_POINT('',(-19.8994333103002,7.9,26.6921795797208));
#4007=CARTESIAN_POINT('',(-19.8994333103002,0.,26.6921795797208));
#4008=CARTESIAN_POINT('',(-19.8994333103002,7.9,26.6921795797208));
#4009=CARTESIAN_POINT('Origin',(-5.50000000000006,0.,26.6921795797208));
#4010=CARTESIAN_POINT('',(-5.50000000000006,7.9,26.6921795797208));
#4011=CARTESIAN_POINT('',(-5.50000000000006,0.,26.6921795797208));
#4012=CARTESIAN_POINT('',(-9.84214413409704,7.9,26.6921795797208));
#4013=CARTESIAN_POINT('Origin',(-5.50000000000001,0.,-13.3078204202792));
#4014=CARTESIAN_POINT('',(-5.50000000000002,7.9,-3.30782042027916));
#4015=CARTESIAN_POINT('Origin',(-12.342144134097,-9.75,-13.0578204202792));
#4016=CARTESIAN_POINT('',(-10.1498962308952,-10.,-12.8078204202792));
#4017=CARTESIAN_POINT('Origin',(-19.5802715626944,-9.75,12.3709717607801));
#4018=CARTESIAN_POINT('',(-21.8016871717755,-10.,19.2052120859954));
#4019=CARTESIAN_POINT('',(-19.8151947178908,-9.5,12.2854667249487));
#4020=CARTESIAN_POINT('Origin',(-12.968576536388,-9.75,22.4202014332567));
#4021=CARTESIAN_POINT('Origin',(-22.2715334821685,0.,19.0342020143326));
#4022=CARTESIAN_POINT('',(-19.8151947178908,7.9,12.2854667249487));
#4023=CARTESIAN_POINT('',(-21.4094165116589,7.12132034355966,16.6655551049289));
#4024=CARTESIAN_POINT('',(-16.3857667410843,7.12132034355966,2.86319079702669));
#4025=CARTESIAN_POINT('',(-21.4094210717248,7.02132034355964,16.6655676336069));
#4026=CARTESIAN_POINT('',(-21.4094165116589,3.53566017177983,16.6655551049289));
#4027=CARTESIAN_POINT('',(-21.4094210717248,2.87867965644037,16.6655676336069));
#4028=CARTESIAN_POINT('',(-21.4094210717248,2.475,16.6655676336069));
#4029=CARTESIAN_POINT('',(-21.4094165116589,2.77867965644035,16.6655551049289));
#4030=CARTESIAN_POINT('',(-21.4094165116589,1.41433982822018,16.6655551049289));
#4031=CARTESIAN_POINT('',(-16.3857667410843,2.77867965644035,2.86319079702669));
#4032=CARTESIAN_POINT('Ctrl Pts',(-22.094341616305,9.42547847834773,23.5334137525408));
#4033=CARTESIAN_POINT('Ctrl Pts',(-22.0795214818906,9.44063365264059,23.5072901485235));
#4034=CARTESIAN_POINT('Ctrl Pts',(-22.0206590884661,9.49754741580382,23.4041405515586));
#4035=CARTESIAN_POINT('Ctrl Pts',(-21.8856440533119,9.61143636151361,23.1732052367381));
#4036=CARTESIAN_POINT('Ctrl Pts',(-21.6467397960647,9.74708724289123,22.8175034719039));
#4037=CARTESIAN_POINT('Ctrl Pts',(-21.444823463296,9.81977060221939,22.545900159302));
#4038=CARTESIAN_POINT('Ctrl Pts',(-21.1607920663844,9.88572401922204,22.1786014877883));
#4039=CARTESIAN_POINT('Ctrl Pts',(-20.9798864887323,9.89738253038745,21.9454651557426));
#4040=CARTESIAN_POINT('Ctrl Pts',(-20.8618555195407,9.90036165805494,21.7823055095089));
#4041=CARTESIAN_POINT('Ctrl Pts',(-20.8451869299553,9.9,21.7587992977226));
#4042=CARTESIAN_POINT('Ctrl Pts',(-20.8402441336714,9.9,21.7517336046531));
#4043=CARTESIAN_POINT('Ctrl Pts',(-21.0495001956264,9.45703965379714,24.310547679306));
#4044=CARTESIAN_POINT('Ctrl Pts',(-21.0350691357652,9.47077351417725,24.288176656495));
#4045=CARTESIAN_POINT('Ctrl Pts',(-20.9808554849726,9.52436869049102,24.1977581145428));
#4046=CARTESIAN_POINT('Ctrl Pts',(-20.8612678427181,9.63243364156402,23.9970506822408));
#4047=CARTESIAN_POINT('Ctrl Pts',(-20.6430879773713,9.76199656567064,23.6781620043613));
#4048=CARTESIAN_POINT('Ctrl Pts',(-20.4602250065913,9.82987167288239,23.4389354403809));
#4049=CARTESIAN_POINT('Ctrl Pts',(-20.1982943947567,9.89073030496735,23.1086085270781));
#4050=CARTESIAN_POINT('Ctrl Pts',(-20.0352678985888,9.89881051677097,22.9049811214506));
#4051=CARTESIAN_POINT('Ctrl Pts',(-19.9266165942696,9.90047192908419,22.7577733106322));
#4052=CARTESIAN_POINT('Ctrl Pts',(-19.9120831556127,9.9,22.7381463303381));
#4053=CARTESIAN_POINT('Ctrl Pts',(-19.9075648807407,9.9,22.731882263009));
#4054=CARTESIAN_POINT('Ctrl Pts',(-20.0046587749478,9.48860082924655,25.0876816060713));
#4055=CARTESIAN_POINT('Ctrl Pts',(-19.9906076225633,9.50088352000815,25.0690520520188));
#4056=CARTESIAN_POINT('Ctrl Pts',(-19.9516273929964,9.54588360399423,25.0256572511868));
#4057=CARTESIAN_POINT('Ctrl Pts',(-19.7838479933202,9.68639328801502,24.8015979410424));
#4058=CARTESIAN_POINT('Ctrl Pts',(-19.5827545338297,9.80635835183792,24.5216246089532));
#4059=CARTESIAN_POINT('Ctrl Pts',(-19.4380278558141,9.87257419738753,24.3230605473507));
#4060=CARTESIAN_POINT('Ctrl Pts',(-19.2427333111475,9.9172043552552,24.0503423413241));
#4061=CARTESIAN_POINT('Ctrl Pts',(-19.0622631871572,9.89745455172941,23.8149942212853));
#4062=CARTESIAN_POINT('Ctrl Pts',(-18.9956202663965,9.89816917954502,23.7389880992308));
#4063=CARTESIAN_POINT('Ctrl Pts',(-18.9789793812702,9.9,23.7174933629535));
#4064=CARTESIAN_POINT('Ctrl Pts',(-18.97488562781,9.9,23.7120309213649));
#4065=CARTESIAN_POINT('Ctrl Pts',(-18.9598173542693,9.52016200469596,25.8648155328365));
#4066=CARTESIAN_POINT('Ctrl Pts',(-18.9461312708202,9.53095084282843,25.8499092308674));
#4067=CARTESIAN_POINT('Ctrl Pts',(-18.9117654021266,9.55824603196855,25.8131043686017));
#4068=CARTESIAN_POINT('Ctrl Pts',(-18.7593942589431,9.66612404070329,25.6414535726264));
#4069=CARTESIAN_POINT('Ctrl Pts',(-18.5790295688921,9.76810588939556,25.4188411792157));
#4070=CARTESIAN_POINT('Ctrl Pts',(-18.453372195834,9.82264398256569,25.2506402931216));
#4071=CARTESIAN_POINT('Ctrl Pts',(-18.2802019865904,9.8804424477017,25.0144736006799));
#4072=CARTESIAN_POINT('Ctrl Pts',(-18.1176338954061,9.90024861931966,24.7904488668122));
#4073=CARTESIAN_POINT('Ctrl Pts',(-18.0603804767309,9.89963641402166,24.7152837633523));
#4074=CARTESIAN_POINT('Ctrl Pts',(-18.0458756069276,9.9,24.6968403955689));
#4075=CARTESIAN_POINT('Ctrl Pts',(-18.0422063748793,9.9,24.6921795797208));
#4076=CARTESIAN_POINT('',(-20.8402441336714,9.9,21.7517336046531));
#4077=CARTESIAN_POINT('',(-22.094341616305,9.42547847834773,23.5334137525408));
#4078=CARTESIAN_POINT('Ctrl Pts',(-20.8402441336714,9.9,21.7517336046531));
#4079=CARTESIAN_POINT('Ctrl Pts',(-20.8424066070456,9.9,21.754824845371));
#4080=CARTESIAN_POINT('Ctrl Pts',(-20.8445703146612,9.89999741347769,21.7579223094756));
#4081=CARTESIAN_POINT('Ctrl Pts',(-20.8468516389939,9.89999161468423,21.7611716405803));
#4082=CARTESIAN_POINT('Ctrl Pts',(-20.8491867085054,9.89998567927836,21.7644975219059));
#4083=CARTESIAN_POINT('Ctrl Pts',(-20.8516448422016,9.89997637065382,21.7679823285399));
#4084=CARTESIAN_POINT('Ctrl Pts',(-20.8543138888718,9.89996183892561,21.7717370820728));
#4085=CARTESIAN_POINT('Ctrl Pts',(-20.8570828218502,9.89994676336251,21.7756323533693));
#4086=CARTESIAN_POINT('Ctrl Pts',(-20.8600786212492,9.8999260643109,21.7798180066844));
#4087=CARTESIAN_POINT('Ctrl Pts',(-20.8633621665553,9.89989648300214,21.784372376453));
#4088=CARTESIAN_POINT('Ctrl Pts',(-20.8667956169042,9.89986555120574,21.7891346687356));
#4089=CARTESIAN_POINT('Ctrl Pts',(-20.8705435221245,9.89982489680169,21.7942999354764));
#4090=CARTESIAN_POINT('Ctrl Pts',(-20.8746377414741,9.89976959833938,21.7999112071084));
#4091=CARTESIAN_POINT('Ctrl Pts',(-20.8789715398517,9.89971106400945,21.8058508302253));
#4092=CARTESIAN_POINT('Ctrl Pts',(-20.8836931419509,9.89963608926352,21.8122899649008));
#4093=CARTESIAN_POINT('Ctrl Pts',(-20.8888019082705,9.89953785132677,21.8192316108695));
#4094=CARTESIAN_POINT('Ctrl Pts',(-20.894327879234,9.89943159084193,21.8267401426093));
#4095=CARTESIAN_POINT('Ctrl Pts',(-20.900306485993,9.89929804140868,21.8348363154319));
#4096=CARTESIAN_POINT('Ctrl Pts',(-20.9066975105098,9.89912826371569,21.8434730584522));
#4097=CARTESIAN_POINT('Ctrl Pts',(-20.9139540150365,9.89893549452909,21.8532793993068));
#4098=CARTESIAN_POINT('Ctrl Pts',(-20.9217415438394,9.89869586657324,21.8637821185204));
#4099=CARTESIAN_POINT('Ctrl Pts',(-20.9299597718584,9.89839778901764,21.8748548078923));
#4100=CARTESIAN_POINT('Ctrl Pts',(-20.9412819374642,9.89798713072974,21.8901095346388));
#4101=CARTESIAN_POINT('Ctrl Pts',(-20.9534182361497,9.89746482617089,21.9064435415733));
#4102=CARTESIAN_POINT('Ctrl Pts',(-20.966057902208,9.8968111521062,21.9234379548303));
#4103=CARTESIAN_POINT('Ctrl Pts',(-20.9756230081476,9.89631648225892,21.9362985290284));
#4104=CARTESIAN_POINT('Ctrl Pts',(-20.9854742154116,9.89574696994891,21.9495337352236));
#4105=CARTESIAN_POINT('Ctrl Pts',(-20.9954963353254,9.895098788114,21.9629737852859));
#4106=CARTESIAN_POINT('Ctrl Pts',(-21.0039615955068,9.89455129637327,21.9743260262895));
#4107=CARTESIAN_POINT('Ctrl Pts',(-21.0125485328416,9.89394785933783,21.9858237341676));
#4108=CARTESIAN_POINT('Ctrl Pts',(-21.0212145330944,9.89328683982454,21.9973943554281));
#4109=CARTESIAN_POINT('Ctrl Pts',(-21.0291477329349,9.89268171638299,22.0079865603738));
#4110=CARTESIAN_POINT('Ctrl Pts',(-21.0371470313999,9.89202846040622,22.0186394558441));
#4111=CARTESIAN_POINT('Ctrl Pts',(-21.0452069399872,9.89132446513663,22.0293315775396));
#4112=CARTESIAN_POINT('Ctrl Pts',(-21.0527884536152,9.89066225542635,22.0393890695654));
#4113=CARTESIAN_POINT('Ctrl Pts',(-21.0604234947506,9.8899552568916,22.049480967205));
#4114=CARTESIAN_POINT('Ctrl Pts',(-21.0681344966266,9.88919846554826,22.0596260212148));
#4115=CARTESIAN_POINT('Ctrl Pts',(-21.0758858170322,9.88843771716864,22.0698241206871));
#4116=CARTESIAN_POINT('Ctrl Pts',(-21.0837135319916,9.88762681818789,22.0800752335765));
#4117=CARTESIAN_POINT('Ctrl Pts',(-21.0916723894144,9.88675570703498,22.0904444864023));
#4118=CARTESIAN_POINT('Ctrl Pts',(-21.1003809879758,9.88580253537602,22.1017905446926));
#4119=CARTESIAN_POINT('Ctrl Pts',(-21.1092512738746,9.88477697229862,22.1132836587522));
#4120=CARTESIAN_POINT('Ctrl Pts',(-21.1183822770035,9.88365806644675,22.125055980731));
#4121=CARTESIAN_POINT('Ctrl Pts',(-21.1268101256465,9.88262532458562,22.1359217472206));
#4122=CARTESIAN_POINT('Ctrl Pts',(-21.1354598876762,9.8815129067721,22.1470254556242));
#4123=CARTESIAN_POINT('Ctrl Pts',(-21.1443712782575,9.88030522130724,22.1584302810088));
#4124=CARTESIAN_POINT('Ctrl Pts',(-21.1536595552236,9.87904645961529,22.170317446761));
#4125=CARTESIAN_POINT('Ctrl Pts',(-21.1632318310043,9.87768410782838,22.1825316150918));
#4126=CARTESIAN_POINT('Ctrl Pts',(-21.1730953732972,9.87620303552839,22.1951017413545));
#4127=CARTESIAN_POINT('Ctrl Pts',(-21.183484997806,9.87464296870752,22.2083423082847));
#4128=CARTESIAN_POINT('Ctrl Pts',(-21.1941974822219,9.87295105127037,22.2219776551773));
#4129=CARTESIAN_POINT('Ctrl Pts',(-21.2052044212273,9.871114113175,22.2359974400975));
#4130=CARTESIAN_POINT('Ctrl Pts',(-21.2176035971568,9.86904482591861,22.2517905483934));
#4131=CARTESIAN_POINT('Ctrl Pts',(-21.2303762047651,9.86679122705116,22.2680716243161));
#4132=CARTESIAN_POINT('Ctrl Pts',(-21.2434395948002,9.86434355930855,22.2847706419447));
#4133=CARTESIAN_POINT('Ctrl Pts',(-21.2575265940051,9.86170409945539,22.3027781459251));
#4134=CARTESIAN_POINT('Ctrl Pts',(-21.2719506222634,9.85883872158833,22.321270833797));
#4135=CARTESIAN_POINT('Ctrl Pts',(-21.286573003054,9.85574958319627,22.3401060632399));
#4136=CARTESIAN_POINT('Ctrl Pts',(-21.3059894970158,9.85164763579143,22.3651166360041));
#4137=CARTESIAN_POINT('Ctrl Pts',(-21.3257522969493,9.84714989723143,22.3907294265292));
#4138=CARTESIAN_POINT('Ctrl Pts',(-21.3455109585761,9.84230090102944,22.4165315526778));
#4139=CARTESIAN_POINT('Ctrl Pts',(-21.3607785162443,9.83855407188963,22.4364689075643));
#4140=CARTESIAN_POINT('Ctrl Pts',(-21.376042143998,9.83459881814105,22.4565161362864));
#4141=CARTESIAN_POINT('Ctrl Pts',(-21.3911616483752,9.83046838981051,22.4764868159161));
#4142=CARTESIAN_POINT('Ctrl Pts',(-21.4042802917074,9.82688456756833,22.4938146473467));
#4143=CARTESIAN_POINT('Ctrl Pts',(-21.4172902097169,9.82316934563211,22.5110839952789));
#4144=CARTESIAN_POINT('Ctrl Pts',(-21.4301263043996,9.81934556327714,22.5281974812998));
#4145=CARTESIAN_POINT('Ctrl Pts',(-21.4419408394529,9.81582609635316,22.5439489918236));
#4146=CARTESIAN_POINT('Ctrl Pts',(-21.4536080202356,9.81221495204113,22.5595679765141));
#4147=CARTESIAN_POINT('Ctrl Pts',(-21.4651032752557,9.80852598189361,22.5750093831786));
#4148=CARTESIAN_POINT('Ctrl Pts',(-21.4759398566979,9.80504838828032,22.5895660033327));
#4149=CARTESIAN_POINT('Ctrl Pts',(-21.4866236054155,9.80150185044313,22.6039644720998));
#4150=CARTESIAN_POINT('Ctrl Pts',(-21.4971592164237,9.79789079477989,22.6182013845937));
#4151=CARTESIAN_POINT('Ctrl Pts',(-21.5072216699606,9.79444191271674,22.6317989130491));
#4152=CARTESIAN_POINT('Ctrl Pts',(-21.5171489754135,9.79093435564669,22.6452488086466));
#4153=CARTESIAN_POINT('Ctrl Pts',(-21.5269694477915,9.78736243605234,22.6585846567729));
#4154=CARTESIAN_POINT('Ctrl Pts',(-21.5365674361765,9.78387143872967,22.6716183796423));
#4155=CARTESIAN_POINT('Ctrl Pts',(-21.5460633170119,9.78031915517588,22.6845428376156));
#4156=CARTESIAN_POINT('Ctrl Pts',(-21.5555078886683,9.77668822000402,22.6974295483599));
#4157=CARTESIAN_POINT('Ctrl Pts',(-21.5650084711212,9.77303575166171,22.7103926834209));
#4158=CARTESIAN_POINT('Ctrl Pts',(-21.5744620155827,9.76930185206188,22.7233244978469));
#4159=CARTESIAN_POINT('Ctrl Pts',(-21.5839213481263,9.76546353214302,22.7363081728348));
#4160=CARTESIAN_POINT('Ctrl Pts',(-21.5937150840111,9.76148952114873,22.7497508426068));
#4161=CARTESIAN_POINT('Ctrl Pts',(-21.6035147502785,9.75740346936091,22.7632489963973));
#4162=CARTESIAN_POINT('Ctrl Pts',(-21.6133424980166,9.75319071812149,22.7768499189454));
#4163=CARTESIAN_POINT('Ctrl Pts',(-21.6236700980924,9.74876370074382,22.7911426025269));
#4164=CARTESIAN_POINT('Ctrl Pts',(-21.6340283776028,9.74419665879545,22.8055486255673));
#4165=CARTESIAN_POINT('Ctrl Pts',(-21.6444081746645,9.73948609259472,22.820075953096));
#4166=CARTESIAN_POINT('Ctrl Pts',(-21.655492353204,9.73445586353717,22.8355891168961));
#4167=CARTESIAN_POINT('Ctrl Pts',(-21.6666006162039,9.72926185328169,22.8512403784928));
#4168=CARTESIAN_POINT('Ctrl Pts',(-21.6776891038094,9.72391675986278,22.8669899809869));
#4169=CARTESIAN_POINT('Ctrl Pts',(-21.6898974944097,9.71803182852006,22.8843302446809));
#4170=CARTESIAN_POINT('Ctrl Pts',(-21.7020811925343,9.71196363252944,22.9017893029462));
#4171=CARTESIAN_POINT('Ctrl Pts',(-21.7141525071761,9.7057513027297,22.9192606194419));
#4172=CARTESIAN_POINT('Ctrl Pts',(-21.7289100448243,9.69815654659719,22.940619818386));
#4173=CARTESIAN_POINT('Ctrl Pts',(-21.7434977736832,9.69034614156085,22.9619962875961));
#4174=CARTESIAN_POINT('Ctrl Pts',(-21.7577339499138,9.68242803824699,22.9831279302806));
#4175=CARTESIAN_POINT('Ctrl Pts',(-21.7709432876614,9.67508105832068,23.0027353726767));
#4176=CARTESIAN_POINT('Ctrl Pts',(-21.7838479404796,9.66764287335381,23.0221284993158));
#4177=CARTESIAN_POINT('Ctrl Pts',(-21.7963175214428,9.660215221676,23.041086234673));
#4178=CARTESIAN_POINT('Ctrl Pts',(-21.8071548913887,9.65375981557224,23.0575624893289));
#4179=CARTESIAN_POINT('Ctrl Pts',(-21.8176632519044,9.64731321814826,23.0737084521945));
#4180=CARTESIAN_POINT('Ctrl Pts',(-21.8277821205594,9.64093923825961,23.0894000860369));
#4181=CARTESIAN_POINT('Ctrl Pts',(-21.8372685599235,9.63496363211401,23.1041109927642));
#4182=CARTESIAN_POINT('Ctrl Pts',(-21.846412435771,9.62905239968783,23.1184216883973));
#4183=CARTESIAN_POINT('Ctrl Pts',(-21.8551917439472,9.62324604324803,23.1322652057972));
#4184=CARTESIAN_POINT('Ctrl Pts',(-21.8634223453623,9.61780258408572,23.1452435033596));
#4185=CARTESIAN_POINT('Ctrl Pts',(-21.8713324810654,9.61245164182715,23.1578107084549));
#4186=CARTESIAN_POINT('Ctrl Pts',(-21.8789310613809,9.60720955275452,23.1699529737168));
#4187=CARTESIAN_POINT('Ctrl Pts',(-21.8860547304266,9.60229509424893,23.1813363473998));
#4188=CARTESIAN_POINT('Ctrl Pts',(-21.8929046144305,9.5974764911916,23.1923460210391));
#4189=CARTESIAN_POINT('Ctrl Pts',(-21.899512529484,9.59274819373568,23.2030128079579));
#4190=CARTESIAN_POINT('Ctrl Pts',(-21.905690329893,9.58832766506353,23.2129852849126));
#4191=CARTESIAN_POINT('Ctrl Pts',(-21.9116567264093,9.58398613742549,23.2226580279809));
#4192=CARTESIAN_POINT('Ctrl Pts',(-21.9174588325973,9.57970025480416,23.2320959046224));
#4193=CARTESIAN_POINT('Ctrl Pts',(-21.9234371352249,9.57528421991845,23.2418203875769));
#4194=CARTESIAN_POINT('Ctrl Pts',(-21.9292442431989,9.57092497742125,23.2513006777784));
#4195=CARTESIAN_POINT('Ctrl Pts',(-21.9349421589801,9.56658346058394,23.2606335107466));
#4196=CARTESIAN_POINT('Ctrl Pts',(-21.940668281995,9.56222045129478,23.2700125454158));
#4197=CARTESIAN_POINT('Ctrl Pts',(-21.9462840528199,9.5578751523511,23.2792428494218));
#4198=CARTESIAN_POINT('Ctrl Pts',(-21.9518210881414,9.55352720573792,23.288377362603));
#4199=CARTESIAN_POINT('Ctrl Pts',(-21.9576641969005,9.54893891553119,23.2980168087832));
#4200=CARTESIAN_POINT('Ctrl Pts',(-21.9634193218988,9.54434768822082,23.3075493526767));
#4201=CARTESIAN_POINT('Ctrl Pts',(-21.969093109421,9.53975144930475,23.316989449176));
#4202=CARTESIAN_POINT('Ctrl Pts',(-21.9751993879789,9.53480485674556,23.3271491279817));
#4203=CARTESIAN_POINT('Ctrl Pts',(-21.9812110565867,9.52985252005965,23.3372013798401));
#4204=CARTESIAN_POINT('Ctrl Pts',(-21.9871074689027,9.52491611799325,23.3471146439028));
#4205=CARTESIAN_POINT('Ctrl Pts',(-21.9937840837985,9.51932654016155,23.3583396130807));
#4206=CARTESIAN_POINT('Ctrl Pts',(-22.0003122915187,9.51375754456058,23.3693857791698));
#4207=CARTESIAN_POINT('Ctrl Pts',(-22.0066343701259,9.50826951280192,23.3801527355967));
#4208=CARTESIAN_POINT('Ctrl Pts',(-22.01776560727,9.49860677578823,23.3991100363134));
#4209=CARTESIAN_POINT('Ctrl Pts',(-22.028251316724,9.48919607896776,23.4171967105193));
#4210=CARTESIAN_POINT('Ctrl Pts',(-22.0377298546101,9.4804697347841,23.4337017017438));
#4211=CARTESIAN_POINT('Ctrl Pts',(-22.0429115679054,9.47569922964719,23.442724626323));
#4212=CARTESIAN_POINT('Ctrl Pts',(-22.047792474775,9.47113468705578,23.4512730773962));
#4213=CARTESIAN_POINT('Ctrl Pts',(-22.0523322973133,9.46683702149599,23.4592538000941));
#4214=CARTESIAN_POINT('Ctrl Pts',(-22.0564027274636,9.46298371064003,23.4664093604751));
#4215=CARTESIAN_POINT('Ctrl Pts',(-22.0601988080949,9.45934532916069,23.4731079464595));
#4216=CARTESIAN_POINT('Ctrl Pts',(-22.063710603392,9.45594836635098,23.4793153539864));
#4217=CARTESIAN_POINT('Ctrl Pts',(-22.0669882719893,9.45277787451265,23.485108921948));
#4218=CARTESIAN_POINT('Ctrl Pts',(-22.07001818998,9.44981792526591,23.4904742533612));
#4219=CARTESIAN_POINT('Ctrl Pts',(-22.0728116380585,9.44706978537807,23.4954203178056));
#4220=CARTESIAN_POINT('Ctrl Pts',(-22.0754128379307,9.44451077553635,23.5000259885893));
#4221=CARTESIAN_POINT('Ctrl Pts',(-22.0778089751249,9.44213550614335,23.5042679978615));
#4222=CARTESIAN_POINT('Ctrl Pts',(-22.0800273374113,9.43992470755318,23.5081897355263));
#4223=CARTESIAN_POINT('Ctrl Pts',(-22.0821768728853,9.43778250110461,23.5119897975276));
#4224=CARTESIAN_POINT('Ctrl Pts',(-22.0841593877793,9.43579486222706,23.5154889067101));
#4225=CARTESIAN_POINT('Ctrl Pts',(-22.0860184687469,9.43392274093731,23.5187646092896));
#4226=CARTESIAN_POINT('Ctrl Pts',(-22.0878034507326,9.43212523838876,23.5219097493866));
#4227=CARTESIAN_POINT('Ctrl Pts',(-22.0894745976331,9.43043429135482,23.5248488290798));
#4228=CARTESIAN_POINT('Ctrl Pts',(-22.0910890867972,9.42879377955052,23.5276885490435));
#4229=CARTESIAN_POINT('Ctrl Pts',(-22.0921914057434,9.42767369322004,23.5296274144058));
#4230=CARTESIAN_POINT('Ctrl Pts',(-22.0932676930009,9.4265766799156,23.5315207368396));
#4231=CARTESIAN_POINT('Ctrl Pts',(-22.094341616305,9.42547847834773,23.5334137525408));
#4232=CARTESIAN_POINT('',(-18.9598173542693,9.52016200469596,25.8648155328365));
#4233=CARTESIAN_POINT('Ctrl Pts',(-18.9598173542693,9.52016200469596,25.8648155328365));
#4234=CARTESIAN_POINT('Ctrl Pts',(-20.0046587749478,9.48860082924655,25.0876816060713));
#4235=CARTESIAN_POINT('Ctrl Pts',(-21.0495001956264,9.45703965379714,24.310547679306));
#4236=CARTESIAN_POINT('Ctrl Pts',(-22.094341616305,9.42547847834773,23.5334137525408));
#4237=CARTESIAN_POINT('',(-18.0422063748793,9.9,24.6921795797208));
#4238=CARTESIAN_POINT('Ctrl Pts',(-18.9598173542693,9.52016200469596,25.8648155328365));
#4239=CARTESIAN_POINT('Ctrl Pts',(-18.9575960604915,9.5219130665759,25.8623961938096));
#4240=CARTESIAN_POINT('Ctrl Pts',(-18.955372051122,9.52366098376896,25.8599702442568));
#4241=CARTESIAN_POINT('Ctrl Pts',(-18.9530134667693,9.52550578330824,25.8573967047372));
#4242=CARTESIAN_POINT('Ctrl Pts',(-18.9506021405615,9.52739183562269,25.8547656166087));
#4243=CARTESIAN_POINT('Ctrl Pts',(-18.9480502316602,9.52937909486704,25.8519803419455));
#4244=CARTESIAN_POINT('Ctrl Pts',(-18.9452502279428,9.53154647327714,25.8489233307465));
#4245=CARTESIAN_POINT('Ctrl Pts',(-18.9423802649474,9.53376800455421,25.8457899388287));
#4246=CARTESIAN_POINT('Ctrl Pts',(-18.9392497442968,9.53617872047865,25.8423711614437));
#4247=CARTESIAN_POINT('Ctrl Pts',(-18.9357763193362,9.53883528965895,25.838573444572));
#4248=CARTESIAN_POINT('Ctrl Pts',(-18.9322040379839,9.54156746687639,25.8346676417072));
#4249=CARTESIAN_POINT('Ctrl Pts',(-18.9282691595852,9.54455962656919,25.8303611279888));
#4250=CARTESIAN_POINT('Ctrl Pts',(-18.9239155663092,9.54784465329569,25.8255850670045));
#4251=CARTESIAN_POINT('Ctrl Pts',(-18.9194172819182,9.55123885746473,25.8206502742451));
#4252=CARTESIAN_POINT('Ctrl Pts',(-18.914472110351,9.5549456130037,25.8152143036712));
#4253=CARTESIAN_POINT('Ctrl Pts',(-18.9090516679501,9.55897217313233,25.8092343361104));
#4254=CARTESIAN_POINT('Ctrl Pts',(-18.9032764924936,9.56326224569626,25.8028630181749));
#4255=CARTESIAN_POINT('Ctrl Pts',(-18.8969618257196,9.56791527884167,25.7958741226496));
#4256=CARTESIAN_POINT('Ctrl Pts',(-18.8901098929318,9.57290877555603,25.7882526743033));
#4257=CARTESIAN_POINT('Ctrl Pts',(-18.8828728516125,9.57818292858248,25.7802028672921));
#4258=CARTESIAN_POINT('Ctrl Pts',(-18.8750366457857,9.58383658683311,25.7714474578697));
#4259=CARTESIAN_POINT('Ctrl Pts',(-18.8666416907447,9.58981242098628,25.7620085295443));
#4260=CARTESIAN_POINT('Ctrl Pts',(-18.8576082159617,9.59624277670189,25.7518516769359));
#4261=CARTESIAN_POINT('Ctrl Pts',(-18.8479280430587,9.60304565998588,25.7409034155501));
#4262=CARTESIAN_POINT('Ctrl Pts',(-18.8376905777098,9.61012131273754,25.7292355549318));
#4263=CARTESIAN_POINT('Ctrl Pts',(-18.8262968441221,9.61799612351,25.7162498704002));
#4264=CARTESIAN_POINT('Ctrl Pts',(-18.8142133385889,9.62620779977502,25.7023729558855));
#4265=CARTESIAN_POINT('Ctrl Pts',(-18.8016040184882,9.63459705152726,25.6877563315752));
#4266=CARTESIAN_POINT('Ctrl Pts',(-18.7868403642919,9.64441962806962,25.6706424201896));
#4267=CARTESIAN_POINT('Ctrl Pts',(-18.7713574389203,9.65448314247177,25.6525152555792));
#4268=CARTESIAN_POINT('Ctrl Pts',(-18.7554555548033,9.66453240534954,25.6336812475214));
#4269=CARTESIAN_POINT('Ctrl Pts',(-18.7404515577919,9.6740142446759,25.6159106865911));
#4270=CARTESIAN_POINT('Ctrl Pts',(-18.7250770811684,9.68348176262601,25.5975138866626));
#4271=CARTESIAN_POINT('Ctrl Pts',(-18.7095814476779,9.69275290707048,25.5787668648712));
#4272=CARTESIAN_POINT('Ctrl Pts',(-18.6963361869901,9.70067763793843,25.5627424028253));
#4273=CARTESIAN_POINT('Ctrl Pts',(-18.6830031527125,9.70845910146214,25.5464634175586));
#4274=CARTESIAN_POINT('Ctrl Pts',(-18.6697167845795,9.71601420765542,25.530089119942));
#4275=CARTESIAN_POINT('Ctrl Pts',(-18.6576055695682,9.72290107956982,25.5151630967348));
#4276=CARTESIAN_POINT('Ctrl Pts',(-18.6455334781557,9.72960009266267,25.5001585457376));
#4277=CARTESIAN_POINT('Ctrl Pts',(-18.6335763831312,9.73607292543897,25.4851715169245));
#4278=CARTESIAN_POINT('Ctrl Pts',(-18.6223638681038,9.74214268859003,25.4711177450478));
#4279=CARTESIAN_POINT('Ctrl Pts',(-18.6112526976914,9.7480137754163,25.4570798167284));
#4280=CARTESIAN_POINT('Ctrl Pts',(-18.6002775989497,9.75367427627711,25.443106791552));
#4281=CARTESIAN_POINT('Ctrl Pts',(-18.5898293594561,9.75906304498343,25.4298045409819));
#4282=CARTESIAN_POINT('Ctrl Pts',(-18.579504605414,9.76426115461779,25.4165614264226));
#4283=CARTESIAN_POINT('Ctrl Pts',(-18.5693044828397,9.76927393155841,25.4033862787867));
#4284=CARTESIAN_POINT('Ctrl Pts',(-18.559502435568,9.7740910772521,25.390725311333));
#4285=CARTESIAN_POINT('Ctrl Pts',(-18.5498156112017,9.77873725122187,25.3781273500219));
#4286=CARTESIAN_POINT('Ctrl Pts',(-18.5402156282293,9.78322932342949,25.3655645479042));
#4287=CARTESIAN_POINT('Ctrl Pts',(-18.5308924733266,9.78759186085756,25.3533640106227));
#4288=CARTESIAN_POINT('Ctrl Pts',(-18.5216513533687,9.79180922034642,25.3411968563803));
#4289=CARTESIAN_POINT('Ctrl Pts',(-18.5124360581342,9.79590610330032,25.3289998428003));
#4290=CARTESIAN_POINT('Ctrl Pts',(-18.5025320135864,9.80030918646262,25.3158912268772));
#4291=CARTESIAN_POINT('Ctrl Pts',(-18.4926535070496,9.80457517299592,25.3027428440772));
#4292=CARTESIAN_POINT('Ctrl Pts',(-18.4827082876161,9.80873561711107,25.2894469770996));
#4293=CARTESIAN_POINT('Ctrl Pts',(-18.4733432698676,9.81265334192753,25.2769267877706));
#4294=CARTESIAN_POINT('Ctrl Pts',(-18.4639192095804,9.81647709244977,25.2642758631744));
#4295=CARTESIAN_POINT('Ctrl Pts',(-18.4543920027365,9.82021417477521,25.2514447431204));
#4296=CARTESIAN_POINT('Ctrl Pts',(-18.4445151034305,9.82408842526979,25.2381426617408));
#4297=CARTESIAN_POINT('Ctrl Pts',(-18.4345274712881,9.82786922508713,25.2246469943668));
#4298=CARTESIAN_POINT('Ctrl Pts',(-18.4244131395244,9.83154932047445,25.2109446735491));
#4299=CARTESIAN_POINT('Ctrl Pts',(-18.4135745721919,9.83549292867091,25.1962611996171));
#4300=CARTESIAN_POINT('Ctrl Pts',(-18.4025905356553,9.83932054125906,25.1813403655015));
#4301=CARTESIAN_POINT('Ctrl Pts',(-18.3914778961067,9.8430109819039,25.1662136757528));
#4302=CARTESIAN_POINT('Ctrl Pts',(-18.379693396809,9.84692454312374,25.1501724405502));
#4303=CARTESIAN_POINT('Ctrl Pts',(-18.3677645037363,9.85068331023582,25.1338999285225));
#4304=CARTESIAN_POINT('Ctrl Pts',(-18.3557489585925,9.85425588942455,25.1174840808132));
#4305=CARTESIAN_POINT('Ctrl Pts',(-18.3427536146501,9.85811979195778,25.0997296148663));
#4306=CARTESIAN_POINT('Ctrl Pts',(-18.3296572744565,9.86176516739076,25.0818079127394));
#4307=CARTESIAN_POINT('Ctrl Pts',(-18.3165712429285,9.86515567153347,25.0638826690809));
#4308=CARTESIAN_POINT('Ctrl Pts',(-18.3019275921087,9.86894974452362,25.0438237987938));
#4309=CARTESIAN_POINT('Ctrl Pts',(-18.2872975946391,9.87242352921272,25.0237615104843));
#4310=CARTESIAN_POINT('Ctrl Pts',(-18.2728748542398,9.87554600870485,25.0039775391278));
#4311=CARTESIAN_POINT('Ctrl Pts',(-18.2571495187076,9.87895049608707,24.9824067710816));
#4312=CARTESIAN_POINT('Ctrl Pts',(-18.2416725462012,9.881936320617,24.9611697426887));
#4313=CARTESIAN_POINT('Ctrl Pts',(-18.2267150883239,9.88450446898505,24.9406589804332));
#4314=CARTESIAN_POINT('Ctrl Pts',(-18.2138224200322,9.88671809948996,24.9229796089558));
#4315=CARTESIAN_POINT('Ctrl Pts',(-18.201317035157,9.88862232526511,24.9058416998415));
#4316=CARTESIAN_POINT('Ctrl Pts',(-18.1893637504896,9.89024409667425,24.8894824830276));
#4317=CARTESIAN_POINT('Ctrl Pts',(-18.178528937598,9.89171411853519,24.8746540021402));
#4318=CARTESIAN_POINT('Ctrl Pts',(-18.1681482784871,9.89295265437858,24.8604660657653));
#4319=CARTESIAN_POINT('Ctrl Pts',(-18.1583254703209,9.89399346869099,24.8470667864801));
#4320=CARTESIAN_POINT('Ctrl Pts',(-18.1491446520959,9.89496625843161,24.8345432448023));
#4321=CARTESIAN_POINT('Ctrl Pts',(-18.140451467748,9.89576671249553,24.8227090692587));
#4322=CARTESIAN_POINT('Ctrl Pts',(-18.13230733723,9.89642845472318,24.8116510205409));
#4323=CARTESIAN_POINT('Ctrl Pts',(-18.1245664406201,9.89705743263007,24.8011404802637));
#4324=CARTESIAN_POINT('Ctrl Pts',(-18.117321798342,9.89756135063914,24.7913314011977));
#4325=CARTESIAN_POINT('Ctrl Pts',(-18.1106006169842,9.89797028925566,24.7822613384274));
#4326=CARTESIAN_POINT('Ctrl Pts',(-18.1041450200851,9.89836306884665,24.7735496751085));
#4327=CARTESIAN_POINT('Ctrl Pts',(-18.0981725062881,9.89866838396284,24.7655199930453));
#4328=CARTESIAN_POINT('Ctrl Pts',(-18.0926801681995,9.89891111834459,24.7581670100269));
#4329=CARTESIAN_POINT('Ctrl Pts',(-18.0873674986543,9.8991459122587,24.7510545620461));
#4330=CARTESIAN_POINT('Ctrl Pts',(-18.0825042453128,9.8993222320171,24.7445754382329));
#4331=CARTESIAN_POINT('Ctrl Pts',(-18.0780596944876,9.89945923322254,24.7386852211114));
#4332=CARTESIAN_POINT('Ctrl Pts',(-18.0737971771524,9.89959062333057,24.7330362469911));
#4333=CARTESIAN_POINT('Ctrl Pts',(-18.0699198183412,9.89968586178673,24.7279289803998));
#4334=CARTESIAN_POINT('Ctrl Pts',(-18.0663729693905,9.89975808804021,24.7232856774793));
#4335=CARTESIAN_POINT('Ctrl Pts',(-18.0628961954093,9.89982888732215,24.7187341121307));
#4336=CARTESIAN_POINT('Ctrl Pts',(-18.0597371213045,9.89987756565885,24.7146285132056));
#4337=CARTESIAN_POINT('Ctrl Pts',(-18.0568158468892,9.89991279486973,24.7108561135631));
#4338=CARTESIAN_POINT('Ctrl Pts',(-18.053977835963,9.89994701996165,24.7071912365671));
#4339=CARTESIAN_POINT('Ctrl Pts',(-18.0513643136001,9.89996852871308,24.7038408980386));
#4340=CARTESIAN_POINT('Ctrl Pts',(-18.0488737439599,9.89998200979607,24.7006625327488));
#4341=CARTESIAN_POINT('Ctrl Pts',(-18.046581332127,9.89999441828033,24.6977370485213));
#4342=CARTESIAN_POINT('Ctrl Pts',(-18.0443928929669,9.9,24.6949569887319));
#4343=CARTESIAN_POINT('Ctrl Pts',(-18.0422063748793,9.9,24.6921795797208));
#4344=CARTESIAN_POINT('Ctrl Pts',(-18.0422063748793,9.9,24.6921795797208));
#4345=CARTESIAN_POINT('Ctrl Pts',(-18.97488562781,9.9,23.7120309213649));
#4346=CARTESIAN_POINT('Ctrl Pts',(-19.9075648807407,9.9,22.731882263009));
#4347=CARTESIAN_POINT('Ctrl Pts',(-20.8402441336714,9.9,21.7517336046531));
#4348=CARTESIAN_POINT('Ctrl Pts',(-22.5758013795873,7.9,24.8100195878899));
#4349=CARTESIAN_POINT('Ctrl Pts',(-22.5758013795873,7.9604598236772,24.8100195878899));
#4350=CARTESIAN_POINT('Ctrl Pts',(-22.5752176399539,8.02036196582002,24.8027539624494));
#4351=CARTESIAN_POINT('Ctrl Pts',(-22.5701642998548,8.16925550631922,24.763199402977));
#4352=CARTESIAN_POINT('Ctrl Pts',(-22.5655213240225,8.25836304294883,24.7285879103665));
#4353=CARTESIAN_POINT('Ctrl Pts',(-22.5399008697702,8.48448016550988,24.6027833936831));
#4354=CARTESIAN_POINT('Ctrl Pts',(-22.5161919249015,8.62395576457337,24.5033969480679));
#4355=CARTESIAN_POINT('Ctrl Pts',(-22.4385913494014,8.87934558246083,24.2672612217794));
#4356=CARTESIAN_POINT('Ctrl Pts',(-22.3941422232255,8.99100515059585,24.1477019961856));
#4357=CARTESIAN_POINT('Ctrl Pts',(-22.2728616777371,9.2123823639116,23.8702648342441));
#4358=CARTESIAN_POINT('Ctrl Pts',(-22.1951009731176,9.32182472050358,23.7114818138749));
#4359=CARTESIAN_POINT('Ctrl Pts',(-22.0963757587349,9.42339516874259,23.5370016179809));
#4360=CARTESIAN_POINT('Ctrl Pts',(-22.0953597779239,9.42443729907355,23.5352084765436));
#4361=CARTESIAN_POINT('Ctrl Pts',(-22.094341616305,9.42547847834773,23.5334137525408));
#4362=CARTESIAN_POINT('Ctrl Pts',(-21.6836786898249,7.9,25.4374062518336));
#4363=CARTESIAN_POINT('Ctrl Pts',(-21.6836786898249,7.9677041930018,25.4374062518336));
#4364=CARTESIAN_POINT('Ctrl Pts',(-21.6805674989503,8.03469297037929,25.4310122086638));
#4365=CARTESIAN_POINT('Ctrl Pts',(-21.6643929776589,8.19589964223337,25.3967525639274));
#4366=CARTESIAN_POINT('Ctrl Pts',(-21.650672146468,8.28985139340895,25.3670030598469));
#4367=CARTESIAN_POINT('Ctrl Pts',(-21.5989495377543,8.52289551320349,25.2588374981791));
#4368=CARTESIAN_POINT('Ctrl Pts',(-21.5573859956374,8.66388860412943,25.1733722271634));
#4369=CARTESIAN_POINT('Ctrl Pts',(-21.448052568117,8.91933328358247,24.9674014930372));
#4370=CARTESIAN_POINT('Ctrl Pts',(-21.3900702870197,9.03020806927088,24.8623819775741));
#4371=CARTESIAN_POINT('Ctrl Pts',(-21.2448747215424,9.24876225674031,24.6156227244813));
#4372=CARTESIAN_POINT('Ctrl Pts',(-21.1568693647873,9.35612753673855,24.4729868407769));
#4373=CARTESIAN_POINT('Ctrl Pts',(-21.0516661530071,9.45501173881029,24.3138213770505));
#4374=CARTESIAN_POINT('Ctrl Pts',(-21.0505840578806,9.45602620061857,24.3121853664808));
#4375=CARTESIAN_POINT('Ctrl Pts',(-21.0495001956264,9.45703965379714,24.310547679306));
#4376=CARTESIAN_POINT('Ctrl Pts',(-20.7915560000625,7.9,26.0647929157772));
#4377=CARTESIAN_POINT('Ctrl Pts',(-20.7915560000625,7.97494856232641,26.0647929157772));
#4378=CARTESIAN_POINT('Ctrl Pts',(-20.7859173579467,8.04902397493857,26.0592704548783));
#4379=CARTESIAN_POINT('Ctrl Pts',(-20.758621655463,8.22254377814751,26.0303057248779));
#4380=CARTESIAN_POINT('Ctrl Pts',(-20.7358229689134,8.32133974386907,26.0054182093273));
#4381=CARTESIAN_POINT('Ctrl Pts',(-20.6579982057383,8.56131086089709,25.9148916026751));
#4382=CARTESIAN_POINT('Ctrl Pts',(-20.5985800663733,8.70382144368549,25.8433475062589));
#4383=CARTESIAN_POINT('Ctrl Pts',(-20.4575137868325,8.95932098470412,25.667541764295));
#4384=CARTESIAN_POINT('Ctrl Pts',(-20.3859983508138,9.06941098794589,25.5770619589626));
#4385=CARTESIAN_POINT('Ctrl Pts',(-20.2168877653477,9.28514214956901,25.3609806147184));
#4386=CARTESIAN_POINT('Ctrl Pts',(-20.1186377564568,9.39043035297349,25.234491867679));
#4387=CARTESIAN_POINT('Ctrl Pts',(-20.0069565472792,9.486628308878,25.0906411361201));
#4388=CARTESIAN_POINT('Ctrl Pts',(-20.0058083378373,9.48761510216359,25.0891622564181));
#4389=CARTESIAN_POINT('Ctrl Pts',(-20.0046587749478,9.48860082924655,25.0876816060713));
#4390=CARTESIAN_POINT('Ctrl Pts',(-19.8994333103002,7.89999999999999,26.6921795797208));
#4391=CARTESIAN_POINT('Ctrl Pts',(-19.8994333103002,7.98219293165102,26.6921795797208));
#4392=CARTESIAN_POINT('Ctrl Pts',(-19.8912672169432,8.06335497949784,26.6875287010928));
#4393=CARTESIAN_POINT('Ctrl Pts',(-19.8528503332671,8.24918791406166,26.6638588858283));
#4394=CARTESIAN_POINT('Ctrl Pts',(-19.8209737913589,8.35282809432919,26.6438333588078));
#4395=CARTESIAN_POINT('Ctrl Pts',(-19.7170468737224,8.59972620859068,26.5709457071711));
#4396=CARTESIAN_POINT('Ctrl Pts',(-19.6397741371093,8.74375428324154,26.5133227853544));
#4397=CARTESIAN_POINT('Ctrl Pts',(-19.466975005548,8.99930868582577,26.3676820355528));
#4398=CARTESIAN_POINT('Ctrl Pts',(-19.381926414608,9.10861390662091,26.2917419403513));
#4399=CARTESIAN_POINT('Ctrl Pts',(-19.1889008091531,9.32152204239772,26.1063385049557));
#4400=CARTESIAN_POINT('Ctrl Pts',(-19.0804061481264,9.42473316920843,25.9959968945813));
#4401=CARTESIAN_POINT('Ctrl Pts',(-18.9622469415513,9.51824487894571,25.8674608951898));
#4402=CARTESIAN_POINT('Ctrl Pts',(-18.9610326177941,9.51920400370861,25.8661391463553));
#4403=CARTESIAN_POINT('Ctrl Pts',(-18.9598173542693,9.52016200469596,25.8648155328365));
#4404=CARTESIAN_POINT('Ctrl Pts',(-22.094341616305,9.42547847834773,23.5334137525408));
#4405=CARTESIAN_POINT('Ctrl Pts',(-22.0953597779239,9.42443729907355,23.5352084765436));
#4406=CARTESIAN_POINT('Ctrl Pts',(-22.0963757587349,9.42339516874259,23.5370016179809));
#4407=CARTESIAN_POINT('Ctrl Pts',(-22.1951009731176,9.32182472050358,23.7114818138749));
#4408=CARTESIAN_POINT('Ctrl Pts',(-22.2728616777371,9.2123823639116,23.8702648342441));
#4409=CARTESIAN_POINT('Ctrl Pts',(-22.3941422232255,8.99100515059585,24.1477019961856));
#4410=CARTESIAN_POINT('Ctrl Pts',(-22.4385913494014,8.87934558246083,24.2672612217794));
#4411=CARTESIAN_POINT('Ctrl Pts',(-22.5161919249015,8.62395576457337,24.5033969480679));
#4412=CARTESIAN_POINT('Ctrl Pts',(-22.5399008697702,8.48448016550988,24.6027833936831));
#4413=CARTESIAN_POINT('Ctrl Pts',(-22.5655213240225,8.25836304294883,24.7285879103665));
#4414=CARTESIAN_POINT('Ctrl Pts',(-22.5701642998548,8.16925550631922,24.763199402977));
#4415=CARTESIAN_POINT('Ctrl Pts',(-22.5752176399539,8.02036196582002,24.8027539624494));
#4416=CARTESIAN_POINT('Ctrl Pts',(-22.5758013795873,7.9604598236772,24.8100195878899));
#4417=CARTESIAN_POINT('Ctrl Pts',(-22.5758013795873,7.9,24.8100195878899));
#4418=CARTESIAN_POINT('Ctrl Pts',(-19.8994333103002,7.89999999999999,26.6921795797208));
#4419=CARTESIAN_POINT('Ctrl Pts',(-19.8994333103002,7.98219293165102,26.6921795797208));
#4420=CARTESIAN_POINT('Ctrl Pts',(-19.8912672169432,8.06335497949784,26.6875287010928));
#4421=CARTESIAN_POINT('Ctrl Pts',(-19.8528503332671,8.24918791406166,26.6638588858283));
#4422=CARTESIAN_POINT('Ctrl Pts',(-19.8209737913589,8.35282809432919,26.6438333588078));
#4423=CARTESIAN_POINT('Ctrl Pts',(-19.7170468737224,8.59972620859068,26.5709457071711));
#4424=CARTESIAN_POINT('Ctrl Pts',(-19.6397741371093,8.74375428324154,26.5133227853544));
#4425=CARTESIAN_POINT('Ctrl Pts',(-19.466975005548,8.99930868582577,26.3676820355528));
#4426=CARTESIAN_POINT('Ctrl Pts',(-19.381926414608,9.10861390662091,26.2917419403513));
#4427=CARTESIAN_POINT('Ctrl Pts',(-19.1889008091531,9.32152204239772,26.1063385049557));
#4428=CARTESIAN_POINT('Ctrl Pts',(-19.0804061481264,9.42473316920843,25.9959968945813));
#4429=CARTESIAN_POINT('Ctrl Pts',(-18.9622469415513,9.51824487894571,25.8674608951898));
#4430=CARTESIAN_POINT('Ctrl Pts',(-18.9610326177941,9.51920400370861,25.8661391463553));
#4431=CARTESIAN_POINT('Ctrl Pts',(-18.9598173542693,9.52016200469596,25.8648155328365));
#4432=CARTESIAN_POINT('Origin',(-12.968576536388,7.9,22.4202014332567));
#4433=CARTESIAN_POINT('',(-20.3921482405967,9.9,19.7182423009839));
#4434=CARTESIAN_POINT('Origin',(-12.968576536388,9.9,22.4202014332567));
#4435=CARTESIAN_POINT('Origin',(-20.3921482405967,7.9,19.7182423009839));
#4436=CARTESIAN_POINT('Origin',(-14.184288268194,9.9,6.69217957972083));
#4437=CARTESIAN_POINT('',(-7.50000000000006,9.9,24.6921795797208));
#4438=CARTESIAN_POINT('',(-9.84214413409704,9.9,24.6921795797208));
#4439=CARTESIAN_POINT('',(-7.50000000000001,9.9,-11.3078204202792));
#4440=CARTESIAN_POINT('',(-7.50000000000002,9.9,-3.30782042027916));
#4441=CARTESIAN_POINT('',(-9.09958492358065,9.9,-11.3078204202792));
#4442=CARTESIAN_POINT('',(-12.342144134097,9.9,-11.3078204202792));
#4443=CARTESIAN_POINT('',(-17.935809476319,9.9,12.9695070116001));
#4444=CARTESIAN_POINT('Origin',(-9.84214413409704,7.9,24.6921795797208));
#4445=CARTESIAN_POINT('Origin',(-7.50000000000006,7.9,24.6921795797208));
#4446=CARTESIAN_POINT('Origin',(-14.184288268194,-10.,6.69217957972083));
#4447=CARTESIAN_POINT('Origin',(-7.50000000000002,7.9,-3.30782042027916));
#4448=CARTESIAN_POINT('Origin',(-7.50000000000001,7.9,-11.3078204202792));
#4449=CARTESIAN_POINT('Origin',(-12.342144134097,7.9,-11.3078204202792));
#4450=CARTESIAN_POINT('Origin',(-9.09958492358065,7.9,-11.3078204202792));
#4451=CARTESIAN_POINT('Origin',(-17.935809476319,7.9,12.9695070116001));
#4452=CARTESIAN_POINT('Origin',(-10.5000000000001,0.,-13.3078204202792));
#4453=CARTESIAN_POINT('',(-12.5403737042054,4.95,-14.0504557153894));
#4454=CARTESIAN_POINT('',(-9.87071612334849,2.10900974233026,-13.0787798202744));
#4455=CARTESIAN_POINT('',(-13.1931498963766,4.25533008588991,-14.2880468189774));
#4456=CARTESIAN_POINT('Origin',(-11.0247913313312,2.82867965644036,-12.0121583075296));
#4457=CARTESIAN_POINT('',(-21.4564057027641,2.82867965644036,16.6484666264406));
#4458=CARTESIAN_POINT('',(-21.4564011426982,2.82867965644036,16.6484540977627));
#4459=CARTESIAN_POINT('',(-23.4497947759301,4.95,15.9229323384967));
#4460=CARTESIAN_POINT('',(-23.4497947759301,4.95,15.9229323384967));
#4461=CARTESIAN_POINT('',(-13.0181804044972,4.95,-12.7376925954735));
#4462=CARTESIAN_POINT('Origin',(-21.4564057027641,4.95,16.6484666264406));
#4463=CARTESIAN_POINT('',(-21.4564057027641,7.07132034355965,16.6484666264406));
#4464=CARTESIAN_POINT('',(-21.4564011426982,7.07132034355965,16.6484540977626));
#4465=CARTESIAN_POINT('',(-21.4564057027641,7.07132034355965,16.6484666264406));
#4466=CARTESIAN_POINT('Origin',(-13.0181804044972,4.95,-12.7376925954735));
#4467=CARTESIAN_POINT('',(-0.367257244472713,-1.91535457920156E-13,-1.21577517815671));
#4468=CARTESIAN_POINT('',(0.,0.,0.));
#4469=CARTESIAN_POINT('',(0.367257244474579,-3.09186882913684E-14,-1.21577517815482));
#4470=UNCERTAINTY_MEASURE_WITH_UNIT(LENGTH_MEASURE(0.01),#4480,
'DISTANCE_ACCURACY_VALUE',
'Maximum model space distance between geometric entities at asserted c
onnectivities');
#4471=UNCERTAINTY_MEASURE_WITH_UNIT(LENGTH_MEASURE(0.01),#4480,
'DISTANCE_ACCURACY_VALUE',
'Maximum model space distance between geometric entities at asserted c
onnectivities');
#4472=UNCERTAINTY_MEASURE_WITH_UNIT(LENGTH_MEASURE(0.01),#4480,
'DISTANCE_ACCURACY_VALUE',
'Maximum model space distance between geometric entities at asserted c
onnectivities');
#4473=UNCERTAINTY_MEASURE_WITH_UNIT(LENGTH_MEASURE(0.01),#4480,
'DISTANCE_ACCURACY_VALUE',
'Maximum model space distance between geometric entities at asserted c
onnectivities');
#4474=UNCERTAINTY_MEASURE_WITH_UNIT(LENGTH_MEASURE(0.01),#4480,
'DISTANCE_ACCURACY_VALUE',
'Maximum model space distance between geometric entities at asserted c
onnectivities');
#4475=(
GEOMETRIC_REPRESENTATION_CONTEXT(3)
GLOBAL_UNCERTAINTY_ASSIGNED_CONTEXT((#4470))
GLOBAL_UNIT_ASSIGNED_CONTEXT((#4480,#4482,#4483))
REPRESENTATION_CONTEXT('','3D')
);
#4476=(
GEOMETRIC_REPRESENTATION_CONTEXT(3)
GLOBAL_UNCERTAINTY_ASSIGNED_CONTEXT((#4471))
GLOBAL_UNIT_ASSIGNED_CONTEXT((#4480,#4482,#4483))
REPRESENTATION_CONTEXT('','3D')
);
#4477=(
GEOMETRIC_REPRESENTATION_CONTEXT(3)
GLOBAL_UNCERTAINTY_ASSIGNED_CONTEXT((#4472))
GLOBAL_UNIT_ASSIGNED_CONTEXT((#4480,#4482,#4483))
REPRESENTATION_CONTEXT('','3D')
);
#4478=(
GEOMETRIC_REPRESENTATION_CONTEXT(3)
GLOBAL_UNCERTAINTY_ASSIGNED_CONTEXT((#4473))
GLOBAL_UNIT_ASSIGNED_CONTEXT((#4480,#4482,#4483))
REPRESENTATION_CONTEXT('','3D')
);
#4479=(
GEOMETRIC_REPRESENTATION_CONTEXT(3)
GLOBAL_UNCERTAINTY_ASSIGNED_CONTEXT((#4474))
GLOBAL_UNIT_ASSIGNED_CONTEXT((#4480,#4482,#4483))
REPRESENTATION_CONTEXT('','3D')
);
#4480=(
LENGTH_UNIT()
NAMED_UNIT(*)
SI_UNIT(.MILLI.,.METRE.)
);
#4481=(
LENGTH_UNIT()
NAMED_UNIT(*)
SI_UNIT($,.METRE.)
);
#4482=(
NAMED_UNIT(*)
PLANE_ANGLE_UNIT()
SI_UNIT($,.RADIAN.)
);
#4483=(
NAMED_UNIT(*)
SI_UNIT($,.STERADIAN.)
SOLID_ANGLE_UNIT()
);
#4484=SHAPE_DEFINITION_REPRESENTATION(#4488,#4495);
#4485=SHAPE_DEFINITION_REPRESENTATION(#4489,#4496);
#4486=SHAPE_DEFINITION_REPRESENTATION(#4490,#4497);
#4487=SHAPE_DEFINITION_REPRESENTATION(#4491,#4498);
#4488=PRODUCT_DEFINITION_SHAPE('',$,#4500);
#4489=PRODUCT_DEFINITION_SHAPE('',$,#4501);
#4490=PRODUCT_DEFINITION_SHAPE('',$,#4502);
#4491=PRODUCT_DEFINITION_SHAPE('',$,#4503);
#4492=PRODUCT_DEFINITION_SHAPE($,$,#20);
#4493=PRODUCT_DEFINITION_SHAPE($,$,#21);
#4494=PRODUCT_DEFINITION_SHAPE($,$,#22);
#4495=SHAPE_REPRESENTATION('',(#2384,#2601,#2602,#2603),#4475);
#4496=SHAPE_REPRESENTATION('',(#2385),#4476);
#4497=SHAPE_REPRESENTATION('',(#2415),#4477);
#4498=SHAPE_REPRESENTATION('',(#2556),#4478);
#4499=PRODUCT_DEFINITION_CONTEXT('part definition',#4513,'design');
#4500=PRODUCT_DEFINITION('Gripper','Gripper v3',#4504,#4499);
#4501=PRODUCT_DEFINITION('RightWedge','RightWedge',#4505,#4499);
#4502=PRODUCT_DEFINITION('ClampBody','ClampBody',#4506,#4499);
#4503=PRODUCT_DEFINITION('LeftWedge','LeftWedge',#4507,#4499);
#4504=PRODUCT_DEFINITION_FORMATION('',$,#4515);
#4505=PRODUCT_DEFINITION_FORMATION('',$,#4516);
#4506=PRODUCT_DEFINITION_FORMATION('',$,#4517);
#4507=PRODUCT_DEFINITION_FORMATION('',$,#4518);
#4508=PRODUCT_RELATED_PRODUCT_CATEGORY('Gripper v3','Gripper v3',(#4515));
#4509=PRODUCT_RELATED_PRODUCT_CATEGORY('RightWedge','RightWedge',(#4516));
#4510=PRODUCT_RELATED_PRODUCT_CATEGORY('ClampBody','ClampBody',(#4517));
#4511=PRODUCT_RELATED_PRODUCT_CATEGORY('LeftWedge','LeftWedge',(#4518));
#4512=APPLICATION_PROTOCOL_DEFINITION('international standard',
'ap242_managed_model_based_3d_engineering',2011,#4513);
#4513=APPLICATION_CONTEXT('Managed model based 3d engineering');
#4514=PRODUCT_CONTEXT('part definition',#4513,'mechanical');
#4515=PRODUCT('Gripper','Gripper v3',$,(#4514));
#4516=PRODUCT('RightWedge','RightWedge',$,(#4514));
#4517=PRODUCT('ClampBody','ClampBody',$,(#4514));
#4518=PRODUCT('LeftWedge','LeftWedge',$,(#4514));
#4519=PRESENTATION_STYLE_ASSIGNMENT((#4520));
#4520=SURFACE_STYLE_USAGE(.BOTH.,#4521);
#4521=SURFACE_SIDE_STYLE('',(#4522));
#4522=SURFACE_STYLE_FILL_AREA(#4523);
#4523=FILL_AREA_STYLE('Steel - Satin',(#4524));
#4524=FILL_AREA_STYLE_COLOUR('Steel - Satin',#4525);
#4525=COLOUR_RGB('Steel - Satin',0.627450980392157,0.627450980392157,0.627450980392157);
ENDSEC;
END-ISO-10303-21;
