ISO-10303-21;
HEADER;
/* Generated by software containing ST-Developer
 * from STEP Tools, Inc. (www.steptools.com) 
 */

FILE_DESCRIPTION(
/* description */ (''),
/* implementation_level */ '2;1');

FILE_NAME(
/* name */ 'Box Lid.step',
/* time_stamp */ '2026-08-13T09:32:58+02:00',
/* author */ (''),
/* organization */ (''),
/* preprocessor_version */ 'ST-DEVELOPER v20.1',
/* originating_system */ 'Autodesk Translation Framework v15.8.0.0',
/* authorisation */ '');

FILE_SCHEMA (('AUTOMOTIVE_DESIGN { 1 0 10303 214 3 1 1 }'));
ENDSEC;

DATA;
#10=MECHANICAL_DESIGN_GEOMETRIC_PRESENTATION_REPRESENTATION('',(#13),#3755);
#11=SHAPE_REPRESENTATION_RELATIONSHIP('SRR','None',#3762,#12);
#12=ADVANCED_BREP_SHAPE_REPRESENTATION('',(#14),#3754);
#13=STYLED_ITEM('',(#3771),#14);
#14=MANIFOLD_SOLID_BREP('Box Lid R0',#2004);
#15=CONICAL_SURFACE('',#2049,3.5,0.78539816339745);
#16=CONICAL_SURFACE('',#2053,3.5,0.785398163397449);
#17=CONICAL_SURFACE('',#2057,3.5,0.785398163397449);
#18=CONICAL_SURFACE('',#2061,3.5,0.785398163397451);
#19=CONICAL_SURFACE('',#2102,3.5,0.785398163397449);
#20=CONICAL_SURFACE('',#2106,3.5,0.78539816339745);
#21=CONICAL_SURFACE('',#2110,3.5,0.785398163397449);
#22=CONICAL_SURFACE('',#2113,0.999999999999999,0.785398163397449);
#23=CYLINDRICAL_SURFACE('',#2040,7.05);
#24=CYLINDRICAL_SURFACE('',#2043,8.55);
#25=CYLINDRICAL_SURFACE('',#2046,3.75);
#26=CYLINDRICAL_SURFACE('',#2064,4.);
#27=CYLINDRICAL_SURFACE('',#2067,4.);
#28=CYLINDRICAL_SURFACE('',#2075,4.5);
#29=CYLINDRICAL_SURFACE('',#2077,4.5);
#30=CYLINDRICAL_SURFACE('',#2079,4.5);
#31=CYLINDRICAL_SURFACE('',#2081,4.5);
#32=CYLINDRICAL_SURFACE('',#2083,4.);
#33=CYLINDRICAL_SURFACE('',#2086,4.);
#34=CYLINDRICAL_SURFACE('',#2098,1.65);
#35=CYLINDRICAL_SURFACE('',#2115,4.);
#36=CYLINDRICAL_SURFACE('',#2118,3.99999999999999);
#37=CYLINDRICAL_SURFACE('',#2126,5.15000000000001);
#38=CYLINDRICAL_SURFACE('',#2132,1.65);
#39=CYLINDRICAL_SURFACE('',#2133,1.65);
#40=CYLINDRICAL_SURFACE('',#2134,1.65);
#41=CYLINDRICAL_SURFACE('',#2135,4.);
#42=CYLINDRICAL_SURFACE('',#2137,0.999999999999999);
#43=CIRCLE('',#2032,4.5);
#44=CIRCLE('',#2033,4.5);
#45=CIRCLE('',#2034,4.5);
#46=CIRCLE('',#2035,4.5);
#47=CIRCLE('',#2036,8.55);
#48=CIRCLE('',#2037,7.05);
#49=CIRCLE('',#2038,3.75);
#50=CIRCLE('',#2041,7.05);
#51=CIRCLE('',#2044,8.55);
#52=CIRCLE('',#2047,3.75);
#53=CIRCLE('',#2050,4.);
#54=CIRCLE('',#2051,3.);
#55=CIRCLE('',#2054,4.);
#56=CIRCLE('',#2055,3.);
#57=CIRCLE('',#2058,4.);
#58=CIRCLE('',#2059,3.);
#59=CIRCLE('',#2062,4.);
#60=CIRCLE('',#2063,3.);
#61=CIRCLE('',#2065,4.);
#62=CIRCLE('',#2068,4.);
#63=CIRCLE('',#2071,4.5);
#64=CIRCLE('',#2072,4.5);
#65=CIRCLE('',#2073,4.5);
#66=CIRCLE('',#2074,4.5);
#67=CIRCLE('',#2084,4.);
#68=CIRCLE('',#2087,4.);
#69=CIRCLE('',#2090,3.99999999999999);
#70=CIRCLE('',#2091,4.);
#71=CIRCLE('',#2092,0.999999999999999);
#72=CIRCLE('',#2093,4.);
#73=CIRCLE('',#2094,1.65);
#74=CIRCLE('',#2095,1.65);
#75=CIRCLE('',#2096,1.65);
#76=CIRCLE('',#2097,1.65);
#77=CIRCLE('',#2099,1.65);
#78=CIRCLE('',#2103,3.);
#79=CIRCLE('',#2104,3.99999999999999);
#80=CIRCLE('',#2107,3.);
#81=CIRCLE('',#2108,4.);
#82=CIRCLE('',#2111,3.);
#83=CIRCLE('',#2112,4.);
#84=CIRCLE('',#2114,0.999999999999999);
#85=CIRCLE('',#2117,5.15000000000001);
#86=CIRCLE('',#2121,1.65);
#87=CIRCLE('',#2122,1.65);
#88=CIRCLE('',#2123,1.65);
#89=CIRCLE('',#2125,5.15000000000001);
#90=FACE_BOUND('',#285,.T.);
#91=FACE_BOUND('',#314,.T.);
#92=FACE_BOUND('',#316,.T.);
#93=FACE_BOUND('',#317,.T.);
#94=FACE_BOUND('',#318,.T.);
#95=FACE_BOUND('',#319,.T.);
#96=FACE_BOUND('',#339,.T.);
#97=FACE_BOUND('',#353,.T.);
#98=FACE_BOUND('',#354,.T.);
#99=FACE_BOUND('',#355,.T.);
#100=FACE_BOUND('',#356,.T.);
#101=FACE_BOUND('',#357,.T.);
#102=FACE_BOUND('',#372,.T.);
#103=FACE_BOUND('',#373,.T.);
#104=FACE_BOUND('',#374,.T.);
#105=FACE_BOUND('',#375,.T.);
#106=FACE_BOUND('',#376,.T.);
#107=FACE_BOUND('',#377,.T.);
#108=PLANE('',#2018);
#109=PLANE('',#2019);
#110=PLANE('',#2020);
#111=PLANE('',#2021);
#112=PLANE('',#2022);
#113=PLANE('',#2023);
#114=PLANE('',#2024);
#115=PLANE('',#2025);
#116=PLANE('',#2026);
#117=PLANE('',#2027);
#118=PLANE('',#2028);
#119=PLANE('',#2029);
#120=PLANE('',#2030);
#121=PLANE('',#2031);
#122=PLANE('',#2039);
#123=PLANE('',#2042);
#124=PLANE('',#2045);
#125=PLANE('',#2048);
#126=PLANE('',#2052);
#127=PLANE('',#2056);
#128=PLANE('',#2060);
#129=PLANE('',#2066);
#130=PLANE('',#2069);
#131=PLANE('',#2070);
#132=PLANE('',#2076);
#133=PLANE('',#2078);
#134=PLANE('',#2080);
#135=PLANE('',#2082);
#136=PLANE('',#2085);
#137=PLANE('',#2088);
#138=PLANE('',#2089);
#139=PLANE('',#2100);
#140=PLANE('',#2101);
#141=PLANE('',#2105);
#142=PLANE('',#2109);
#143=PLANE('',#2116);
#144=PLANE('',#2119);
#145=PLANE('',#2120);
#146=PLANE('',#2124);
#147=PLANE('',#2127);
#148=PLANE('',#2128);
#149=PLANE('',#2129);
#150=PLANE('',#2130);
#151=PLANE('',#2131);
#152=PLANE('',#2136);
#153=PLANE('',#2138);
#154=FACE_OUTER_BOUND('',#264,.T.);
#155=FACE_OUTER_BOUND('',#265,.T.);
#156=FACE_OUTER_BOUND('',#266,.T.);
#157=FACE_OUTER_BOUND('',#267,.T.);
#158=FACE_OUTER_BOUND('',#268,.T.);
#159=FACE_OUTER_BOUND('',#269,.T.);
#160=FACE_OUTER_BOUND('',#270,.T.);
#161=FACE_OUTER_BOUND('',#271,.T.);
#162=FACE_OUTER_BOUND('',#272,.T.);
#163=FACE_OUTER_BOUND('',#273,.T.);
#164=FACE_OUTER_BOUND('',#274,.T.);
#165=FACE_OUTER_BOUND('',#275,.T.);
#166=FACE_OUTER_BOUND('',#276,.T.);
#167=FACE_OUTER_BOUND('',#277,.T.);
#168=FACE_OUTER_BOUND('',#278,.T.);
#169=FACE_OUTER_BOUND('',#279,.T.);
#170=FACE_OUTER_BOUND('',#280,.T.);
#171=FACE_OUTER_BOUND('',#281,.T.);
#172=FACE_OUTER_BOUND('',#282,.T.);
#173=FACE_OUTER_BOUND('',#283,.T.);
#174=FACE_OUTER_BOUND('',#284,.T.);
#175=FACE_OUTER_BOUND('',#286,.T.);
#176=FACE_OUTER_BOUND('',#287,.T.);
#177=FACE_OUTER_BOUND('',#288,.T.);
#178=FACE_OUTER_BOUND('',#289,.T.);
#179=FACE_OUTER_BOUND('',#290,.T.);
#180=FACE_OUTER_BOUND('',#291,.T.);
#181=FACE_OUTER_BOUND('',#292,.T.);
#182=FACE_OUTER_BOUND('',#293,.T.);
#183=FACE_OUTER_BOUND('',#294,.T.);
#184=FACE_OUTER_BOUND('',#295,.T.);
#185=FACE_OUTER_BOUND('',#296,.T.);
#186=FACE_OUTER_BOUND('',#297,.T.);
#187=FACE_OUTER_BOUND('',#298,.T.);
#188=FACE_OUTER_BOUND('',#299,.T.);
#189=FACE_OUTER_BOUND('',#300,.T.);
#190=FACE_OUTER_BOUND('',#301,.T.);
#191=FACE_OUTER_BOUND('',#302,.T.);
#192=FACE_OUTER_BOUND('',#303,.T.);
#193=FACE_OUTER_BOUND('',#304,.T.);
#194=FACE_OUTER_BOUND('',#305,.T.);
#195=FACE_OUTER_BOUND('',#306,.T.);
#196=FACE_OUTER_BOUND('',#307,.T.);
#197=FACE_OUTER_BOUND('',#308,.T.);
#198=FACE_OUTER_BOUND('',#309,.T.);
#199=FACE_OUTER_BOUND('',#310,.T.);
#200=FACE_OUTER_BOUND('',#311,.T.);
#201=FACE_OUTER_BOUND('',#312,.T.);
#202=FACE_OUTER_BOUND('',#313,.T.);
#203=FACE_OUTER_BOUND('',#315,.T.);
#204=FACE_OUTER_BOUND('',#320,.T.);
#205=FACE_OUTER_BOUND('',#321,.T.);
#206=FACE_OUTER_BOUND('',#322,.T.);
#207=FACE_OUTER_BOUND('',#323,.T.);
#208=FACE_OUTER_BOUND('',#324,.T.);
#209=FACE_OUTER_BOUND('',#325,.T.);
#210=FACE_OUTER_BOUND('',#326,.T.);
#211=FACE_OUTER_BOUND('',#327,.T.);
#212=FACE_OUTER_BOUND('',#328,.T.);
#213=FACE_OUTER_BOUND('',#329,.T.);
#214=FACE_OUTER_BOUND('',#330,.T.);
#215=FACE_OUTER_BOUND('',#331,.T.);
#216=FACE_OUTER_BOUND('',#332,.T.);
#217=FACE_OUTER_BOUND('',#333,.T.);
#218=FACE_OUTER_BOUND('',#334,.T.);
#219=FACE_OUTER_BOUND('',#335,.T.);
#220=FACE_OUTER_BOUND('',#336,.T.);
#221=FACE_OUTER_BOUND('',#337,.T.);
#222=FACE_OUTER_BOUND('',#338,.T.);
#223=FACE_OUTER_BOUND('',#340,.T.);
#224=FACE_OUTER_BOUND('',#341,.T.);
#225=FACE_OUTER_BOUND('',#342,.T.);
#226=FACE_OUTER_BOUND('',#343,.T.);
#227=FACE_OUTER_BOUND('',#344,.T.);
#228=FACE_OUTER_BOUND('',#345,.T.);
#229=FACE_OUTER_BOUND('',#346,.T.);
#230=FACE_OUTER_BOUND('',#347,.T.);
#231=FACE_OUTER_BOUND('',#348,.T.);
#232=FACE_OUTER_BOUND('',#349,.T.);
#233=FACE_OUTER_BOUND('',#350,.T.);
#234=FACE_OUTER_BOUND('',#351,.T.);
#235=FACE_OUTER_BOUND('',#352,.T.);
#236=FACE_OUTER_BOUND('',#358,.T.);
#237=FACE_OUTER_BOUND('',#359,.T.);
#238=FACE_OUTER_BOUND('',#360,.T.);
#239=FACE_OUTER_BOUND('',#361,.T.);
#240=FACE_OUTER_BOUND('',#362,.T.);
#241=FACE_OUTER_BOUND('',#363,.T.);
#242=FACE_OUTER_BOUND('',#364,.T.);
#243=FACE_OUTER_BOUND('',#365,.T.);
#244=FACE_OUTER_BOUND('',#366,.T.);
#245=FACE_OUTER_BOUND('',#367,.T.);
#246=FACE_OUTER_BOUND('',#368,.T.);
#247=FACE_OUTER_BOUND('',#369,.T.);
#248=FACE_OUTER_BOUND('',#370,.T.);
#249=FACE_OUTER_BOUND('',#371,.T.);
#250=FACE_OUTER_BOUND('',#378,.T.);
#251=FACE_OUTER_BOUND('',#379,.T.);
#252=FACE_OUTER_BOUND('',#380,.T.);
#253=FACE_OUTER_BOUND('',#381,.T.);
#254=FACE_OUTER_BOUND('',#382,.T.);
#255=FACE_OUTER_BOUND('',#383,.T.);
#256=FACE_OUTER_BOUND('',#384,.T.);
#257=FACE_OUTER_BOUND('',#385,.T.);
#258=FACE_OUTER_BOUND('',#386,.T.);
#259=FACE_OUTER_BOUND('',#387,.T.);
#260=FACE_OUTER_BOUND('',#388,.T.);
#261=FACE_OUTER_BOUND('',#389,.T.);
#262=FACE_OUTER_BOUND('',#390,.T.);
#263=FACE_OUTER_BOUND('',#391,.T.);
#264=EDGE_LOOP('',(#1280,#1281,#1282,#1283));
#265=EDGE_LOOP('',(#1284,#1285,#1286,#1287));
#266=EDGE_LOOP('',(#1288,#1289,#1290,#1291));
#267=EDGE_LOOP('',(#1292,#1293,#1294,#1295));
#268=EDGE_LOOP('',(#1296,#1297,#1298,#1299));
#269=EDGE_LOOP('',(#1300,#1301,#1302,#1303));
#270=EDGE_LOOP('',(#1304,#1305,#1306,#1307));
#271=EDGE_LOOP('',(#1308,#1309,#1310,#1311));
#272=EDGE_LOOP('',(#1312,#1313,#1314,#1315));
#273=EDGE_LOOP('',(#1316,#1317,#1318,#1319));
#274=EDGE_LOOP('',(#1320,#1321,#1322,#1323));
#275=EDGE_LOOP('',(#1324,#1325,#1326,#1327));
#276=EDGE_LOOP('',(#1328,#1329,#1330,#1331));
#277=EDGE_LOOP('',(#1332,#1333,#1334,#1335));
#278=EDGE_LOOP('',(#1336,#1337,#1338,#1339));
#279=EDGE_LOOP('',(#1340,#1341,#1342,#1343));
#280=EDGE_LOOP('',(#1344,#1345,#1346,#1347));
#281=EDGE_LOOP('',(#1348,#1349,#1350,#1351));
#282=EDGE_LOOP('',(#1352,#1353,#1354,#1355));
#283=EDGE_LOOP('',(#1356,#1357,#1358,#1359));
#284=EDGE_LOOP('',(#1360,#1361,#1362,#1363,#1364,#1365,#1366,#1367));
#285=EDGE_LOOP('',(#1368,#1369,#1370,#1371,#1372,#1373,#1374,#1375,#1376,
#1377,#1378,#1379));
#286=EDGE_LOOP('',(#1380,#1381,#1382,#1383));
#287=EDGE_LOOP('',(#1384,#1385,#1386,#1387));
#288=EDGE_LOOP('',(#1388,#1389,#1390,#1391));
#289=EDGE_LOOP('',(#1392,#1393,#1394,#1395));
#290=EDGE_LOOP('',(#1396,#1397,#1398,#1399));
#291=EDGE_LOOP('',(#1400,#1401,#1402,#1403));
#292=EDGE_LOOP('',(#1404,#1405,#1406,#1407));
#293=EDGE_LOOP('',(#1408,#1409,#1410,#1411));
#294=EDGE_LOOP('',(#1412,#1413,#1414,#1415));
#295=EDGE_LOOP('',(#1416,#1417,#1418,#1419));
#296=EDGE_LOOP('',(#1420,#1421,#1422,#1423));
#297=EDGE_LOOP('',(#1424,#1425,#1426,#1427));
#298=EDGE_LOOP('',(#1428,#1429,#1430,#1431));
#299=EDGE_LOOP('',(#1432,#1433,#1434,#1435));
#300=EDGE_LOOP('',(#1436,#1437,#1438,#1439));
#301=EDGE_LOOP('',(#1440,#1441,#1442,#1443));
#302=EDGE_LOOP('',(#1444,#1445,#1446,#1447));
#303=EDGE_LOOP('',(#1448,#1449,#1450,#1451));
#304=EDGE_LOOP('',(#1452,#1453,#1454,#1455));
#305=EDGE_LOOP('',(#1456,#1457,#1458,#1459));
#306=EDGE_LOOP('',(#1460,#1461,#1462,#1463));
#307=EDGE_LOOP('',(#1464,#1465,#1466,#1467));
#308=EDGE_LOOP('',(#1468,#1469,#1470,#1471));
#309=EDGE_LOOP('',(#1472,#1473,#1474,#1475));
#310=EDGE_LOOP('',(#1476,#1477,#1478,#1479));
#311=EDGE_LOOP('',(#1480,#1481,#1482,#1483));
#312=EDGE_LOOP('',(#1484,#1485,#1486,#1487));
#313=EDGE_LOOP('',(#1488,#1489,#1490,#1491,#1492,#1493,#1494,#1495,#1496,
#1497,#1498,#1499,#1500,#1501,#1502,#1503,#1504,#1505));
#314=EDGE_LOOP('',(#1506,#1507,#1508,#1509,#1510,#1511,#1512,#1513,#1514));
#315=EDGE_LOOP('',(#1515,#1516,#1517,#1518,#1519,#1520,#1521,#1522));
#316=EDGE_LOOP('',(#1523,#1524,#1525,#1526,#1527,#1528,#1529,#1530));
#317=EDGE_LOOP('',(#1531,#1532,#1533,#1534,#1535,#1536,#1537,#1538,#1539,
#1540,#1541,#1542,#1543,#1544,#1545,#1546,#1547,#1548));
#318=EDGE_LOOP('',(#1549,#1550,#1551,#1552));
#319=EDGE_LOOP('',(#1553));
#320=EDGE_LOOP('',(#1554,#1555,#1556,#1557,#1558,#1559,#1560,#1561,#1562));
#321=EDGE_LOOP('',(#1563,#1564,#1565,#1566));
#322=EDGE_LOOP('',(#1567,#1568,#1569,#1570));
#323=EDGE_LOOP('',(#1571,#1572,#1573,#1574));
#324=EDGE_LOOP('',(#1575,#1576,#1577,#1578));
#325=EDGE_LOOP('',(#1579,#1580,#1581,#1582));
#326=EDGE_LOOP('',(#1583,#1584,#1585,#1586));
#327=EDGE_LOOP('',(#1587,#1588,#1589,#1590));
#328=EDGE_LOOP('',(#1591,#1592,#1593,#1594));
#329=EDGE_LOOP('',(#1595,#1596,#1597,#1598));
#330=EDGE_LOOP('',(#1599,#1600,#1601,#1602));
#331=EDGE_LOOP('',(#1603,#1604,#1605,#1606));
#332=EDGE_LOOP('',(#1607,#1608,#1609,#1610));
#333=EDGE_LOOP('',(#1611,#1612,#1613,#1614));
#334=EDGE_LOOP('',(#1615,#1616,#1617,#1618));
#335=EDGE_LOOP('',(#1619,#1620,#1621,#1622));
#336=EDGE_LOOP('',(#1623,#1624,#1625,#1626));
#337=EDGE_LOOP('',(#1627,#1628,#1629,#1630));
#338=EDGE_LOOP('',(#1631,#1632,#1633,#1634,#1635,#1636,#1637,#1638));
#339=EDGE_LOOP('',(#1639,#1640,#1641,#1642,#1643,#1644,#1645,#1646));
#340=EDGE_LOOP('',(#1647,#1648,#1649,#1650));
#341=EDGE_LOOP('',(#1651,#1652,#1653,#1654));
#342=EDGE_LOOP('',(#1655,#1656,#1657,#1658));
#343=EDGE_LOOP('',(#1659,#1660,#1661,#1662));
#344=EDGE_LOOP('',(#1663,#1664,#1665,#1666));
#345=EDGE_LOOP('',(#1667,#1668,#1669,#1670));
#346=EDGE_LOOP('',(#1671,#1672,#1673,#1674));
#347=EDGE_LOOP('',(#1675,#1676,#1677,#1678));
#348=EDGE_LOOP('',(#1679,#1680,#1681,#1682));
#349=EDGE_LOOP('',(#1683,#1684,#1685,#1686));
#350=EDGE_LOOP('',(#1687,#1688,#1689,#1690));
#351=EDGE_LOOP('',(#1691,#1692,#1693,#1694));
#352=EDGE_LOOP('',(#1695,#1696,#1697,#1698,#1699,#1700,#1701,#1702,#1703,
#1704,#1705,#1706));
#353=EDGE_LOOP('',(#1707));
#354=EDGE_LOOP('',(#1708));
#355=EDGE_LOOP('',(#1709));
#356=EDGE_LOOP('',(#1710));
#357=EDGE_LOOP('',(#1711,#1712,#1713,#1714,#1715,#1716,#1717,#1718));
#358=EDGE_LOOP('',(#1719,#1720,#1721,#1722));
#359=EDGE_LOOP('',(#1723,#1724,#1725,#1726));
#360=EDGE_LOOP('',(#1727,#1728,#1729,#1730));
#361=EDGE_LOOP('',(#1731,#1732,#1733,#1734));
#362=EDGE_LOOP('',(#1735,#1736,#1737,#1738));
#363=EDGE_LOOP('',(#1739,#1740,#1741,#1742));
#364=EDGE_LOOP('',(#1743,#1744,#1745,#1746));
#365=EDGE_LOOP('',(#1747,#1748,#1749,#1750));
#366=EDGE_LOOP('',(#1751,#1752,#1753));
#367=EDGE_LOOP('',(#1754,#1755,#1756,#1757));
#368=EDGE_LOOP('',(#1758,#1759,#1760,#1761,#1762,#1763,#1764,#1765,#1766,
#1767));
#369=EDGE_LOOP('',(#1768,#1769,#1770,#1771));
#370=EDGE_LOOP('',(#1772,#1773,#1774,#1775));
#371=EDGE_LOOP('',(#1776,#1777,#1778,#1779,#1780,#1781,#1782));
#372=EDGE_LOOP('',(#1783,#1784,#1785,#1786));
#373=EDGE_LOOP('',(#1787));
#374=EDGE_LOOP('',(#1788));
#375=EDGE_LOOP('',(#1789));
#376=EDGE_LOOP('',(#1790));
#377=EDGE_LOOP('',(#1791));
#378=EDGE_LOOP('',(#1792,#1793,#1794,#1795,#1796,#1797));
#379=EDGE_LOOP('',(#1798,#1799,#1800,#1801));
#380=EDGE_LOOP('',(#1802,#1803,#1804,#1805));
#381=EDGE_LOOP('',(#1806,#1807,#1808,#1809));
#382=EDGE_LOOP('',(#1810,#1811,#1812,#1813,#1814,#1815,#1816,#1817,#1818,
#1819,#1820,#1821));
#383=EDGE_LOOP('',(#1822,#1823,#1824,#1825));
#384=EDGE_LOOP('',(#1826,#1827,#1828,#1829));
#385=EDGE_LOOP('',(#1830,#1831,#1832,#1833));
#386=EDGE_LOOP('',(#1834,#1835,#1836,#1837));
#387=EDGE_LOOP('',(#1838,#1839,#1840,#1841));
#388=EDGE_LOOP('',(#1842,#1843,#1844,#1845));
#389=EDGE_LOOP('',(#1846,#1847,#1848,#1849));
#390=EDGE_LOOP('',(#1850,#1851,#1852,#1853));
#391=EDGE_LOOP('',(#1854,#1855,#1856,#1857));
#392=LINE('',#2572,#562);
#393=LINE('',#2579,#563);
#394=LINE('',#2597,#564);
#395=LINE('',#2620,#565);
#396=LINE('',#2643,#566);
#397=LINE('',#2666,#567);
#398=LINE('',#2689,#568);
#399=LINE('',#2712,#569);
#400=LINE('',#2735,#570);
#401=LINE('',#2758,#571);
#402=LINE('',#2781,#572);
#403=LINE('',#2804,#573);
#404=LINE('',#2848,#574);
#405=LINE('',#2855,#575);
#406=LINE('',#2873,#576);
#407=LINE('',#2896,#577);
#408=LINE('',#2919,#578);
#409=LINE('',#2942,#579);
#410=LINE('',#2965,#580);
#411=LINE('',#2988,#581);
#412=LINE('',#3018,#582);
#413=LINE('',#3020,#583);
#414=LINE('',#3022,#584);
#415=LINE('',#3023,#585);
#416=LINE('',#3041,#586);
#417=LINE('',#3064,#587);
#418=LINE('',#3087,#588);
#419=LINE('',#3110,#589);
#420=LINE('',#3133,#590);
#421=LINE('',#3156,#591);
#422=LINE('',#3164,#592);
#423=LINE('',#3166,#593);
#424=LINE('',#3167,#594);
#425=LINE('',#3169,#595);
#426=LINE('',#3170,#596);
#427=LINE('',#3174,#597);
#428=LINE('',#3176,#598);
#429=LINE('',#3178,#599);
#430=LINE('',#3179,#600);
#431=LINE('',#3182,#601);
#432=LINE('',#3184,#602);
#433=LINE('',#3185,#603);
#434=LINE('',#3203,#604);
#435=LINE('',#3226,#605);
#436=LINE('',#3249,#606);
#437=LINE('',#3257,#607);
#438=LINE('',#3259,#608);
#439=LINE('',#3260,#609);
#440=LINE('',#3263,#610);
#441=LINE('',#3265,#611);
#442=LINE('',#3266,#612);
#443=LINE('',#3269,#613);
#444=LINE('',#3271,#614);
#445=LINE('',#3272,#615);
#446=LINE('',#3290,#616);
#447=LINE('',#3313,#617);
#448=LINE('',#3336,#618);
#449=LINE('',#3359,#619);
#450=LINE('',#3382,#620);
#451=LINE('',#3405,#621);
#452=LINE('',#3428,#622);
#453=LINE('',#3436,#623);
#454=LINE('',#3438,#624);
#455=LINE('',#3439,#625);
#456=LINE('',#3442,#626);
#457=LINE('',#3444,#627);
#458=LINE('',#3445,#628);
#459=LINE('',#3447,#629);
#460=LINE('',#3448,#630);
#461=LINE('',#3455,#631);
#462=LINE('',#3459,#632);
#463=LINE('',#3463,#633);
#464=LINE('',#3466,#634);
#465=LINE('',#3471,#635);
#466=LINE('',#3474,#636);
#467=LINE('',#3482,#637);
#468=LINE('',#3483,#638);
#469=LINE('',#3486,#639);
#470=LINE('',#3487,#640);
#471=LINE('',#3491,#641);
#472=LINE('',#3493,#642);
#473=LINE('',#3496,#643);
#474=LINE('',#3501,#644);
#475=LINE('',#3503,#645);
#476=LINE('',#3505,#646);
#477=LINE('',#3506,#647);
#478=LINE('',#3511,#648);
#479=LINE('',#3516,#649);
#480=LINE('',#3517,#650);
#481=LINE('',#3518,#651);
#482=LINE('',#3523,#652);
#483=LINE('',#3528,#653);
#484=LINE('',#3529,#654);
#485=LINE('',#3530,#655);
#486=LINE('',#3535,#656);
#487=LINE('',#3540,#657);
#488=LINE('',#3541,#658);
#489=LINE('',#3542,#659);
#490=LINE('',#3548,#660);
#491=LINE('',#3551,#661);
#492=LINE('',#3554,#662);
#493=LINE('',#3555,#663);
#494=LINE('',#3558,#664);
#495=LINE('',#3562,#665);
#496=LINE('',#3563,#666);
#497=LINE('',#3567,#667);
#498=LINE('',#3571,#668);
#499=LINE('',#3575,#669);
#500=LINE('',#3579,#670);
#501=LINE('',#3582,#671);
#502=LINE('',#3583,#672);
#503=LINE('',#3585,#673);
#504=LINE('',#3587,#674);
#505=LINE('',#3588,#675);
#506=LINE('',#3591,#676);
#507=LINE('',#3592,#677);
#508=LINE('',#3595,#678);
#509=LINE('',#3599,#679);
#510=LINE('',#3603,#680);
#511=LINE('',#3604,#681);
#512=LINE('',#3607,#682);
#513=LINE('',#3610,#683);
#514=LINE('',#3614,#684);
#515=LINE('',#3616,#685);
#516=LINE('',#3618,#686);
#517=LINE('',#3622,#687);
#518=LINE('',#3626,#688);
#519=LINE('',#3630,#689);
#520=LINE('',#3634,#690);
#521=LINE('',#3635,#691);
#522=LINE('',#3647,#692);
#523=LINE('',#3651,#693);
#524=LINE('',#3653,#694);
#525=LINE('',#3655,#695);
#526=LINE('',#3656,#696);
#527=LINE('',#3660,#697);
#528=LINE('',#3662,#698);
#529=LINE('',#3664,#699);
#530=LINE('',#3665,#700);
#531=LINE('',#3669,#701);
#532=LINE('',#3675,#702);
#533=LINE('',#3676,#703);
#534=LINE('',#3677,#704);
#535=LINE('',#3681,#705);
#536=LINE('',#3686,#706);
#537=LINE('',#3687,#707);
#538=LINE('',#3688,#708);
#539=LINE('',#3695,#709);
#540=LINE('',#3696,#710);
#541=LINE('',#3698,#711);
#542=LINE('',#3700,#712);
#543=LINE('',#3702,#713);
#544=LINE('',#3706,#714);
#545=LINE('',#3707,#715);
#546=LINE('',#3709,#716);
#547=LINE('',#3711,#717);
#548=LINE('',#3721,#718);
#549=LINE('',#3723,#719);
#550=LINE('',#3727,#720);
#551=LINE('',#3728,#721);
#552=LINE('',#3730,#722);
#553=LINE('',#3731,#723);
#554=LINE('',#3733,#724);
#555=LINE('',#3737,#725);
#556=LINE('',#3740,#726);
#557=LINE('',#3742,#727);
#558=LINE('',#3744,#728);
#559=LINE('',#3746,#729);
#560=LINE('',#3748,#730);
#561=LINE('',#3750,#731);
#562=VECTOR('',#2141,10.);
#563=VECTOR('',#2142,10.);
#564=VECTOR('',#2143,10.);
#565=VECTOR('',#2144,10.);
#566=VECTOR('',#2145,10.);
#567=VECTOR('',#2146,10.);
#568=VECTOR('',#2147,10.);
#569=VECTOR('',#2148,10.);
#570=VECTOR('',#2149,10.);
#571=VECTOR('',#2150,10.);
#572=VECTOR('',#2151,10.);
#573=VECTOR('',#2152,10.);
#574=VECTOR('',#2153,10.);
#575=VECTOR('',#2154,10.);
#576=VECTOR('',#2155,10.);
#577=VECTOR('',#2156,10.);
#578=VECTOR('',#2157,10.);
#579=VECTOR('',#2158,10.);
#580=VECTOR('',#2159,10.);
#581=VECTOR('',#2160,10.);
#582=VECTOR('',#2165,10.);
#583=VECTOR('',#2166,10.);
#584=VECTOR('',#2167,10.);
#585=VECTOR('',#2168,10.);
#586=VECTOR('',#2169,10.);
#587=VECTOR('',#2170,10.);
#588=VECTOR('',#2171,10.);
#589=VECTOR('',#2172,10.);
#590=VECTOR('',#2173,10.);
#591=VECTOR('',#2174,10.);
#592=VECTOR('',#2177,10.);
#593=VECTOR('',#2178,10.);
#594=VECTOR('',#2179,10.);
#595=VECTOR('',#2182,10.);
#596=VECTOR('',#2183,10.);
#597=VECTOR('',#2186,10.);
#598=VECTOR('',#2187,10.);
#599=VECTOR('',#2188,10.);
#600=VECTOR('',#2189,10.);
#601=VECTOR('',#2192,10.);
#602=VECTOR('',#2193,10.);
#603=VECTOR('',#2194,10.);
#604=VECTOR('',#2195,10.);
#605=VECTOR('',#2196,10.);
#606=VECTOR('',#2197,10.);
#607=VECTOR('',#2200,10.);
#608=VECTOR('',#2201,10.);
#609=VECTOR('',#2202,10.);
#610=VECTOR('',#2205,10.);
#611=VECTOR('',#2206,10.);
#612=VECTOR('',#2207,10.);
#613=VECTOR('',#2210,10.);
#614=VECTOR('',#2211,10.);
#615=VECTOR('',#2212,10.);
#616=VECTOR('',#2213,10.);
#617=VECTOR('',#2214,10.);
#618=VECTOR('',#2215,10.);
#619=VECTOR('',#2216,10.);
#620=VECTOR('',#2217,10.);
#621=VECTOR('',#2218,10.);
#622=VECTOR('',#2219,10.);
#623=VECTOR('',#2222,10.);
#624=VECTOR('',#2223,10.);
#625=VECTOR('',#2224,10.);
#626=VECTOR('',#2227,10.);
#627=VECTOR('',#2228,10.);
#628=VECTOR('',#2229,10.);
#629=VECTOR('',#2232,10.);
#630=VECTOR('',#2233,10.);
#631=VECTOR('',#2240,10.);
#632=VECTOR('',#2243,10.);
#633=VECTOR('',#2246,10.);
#634=VECTOR('',#2249,10.);
#635=VECTOR('',#2252,10.);
#636=VECTOR('',#2255,10.);
#637=VECTOR('',#2264,10.);
#638=VECTOR('',#2265,10.);
#639=VECTOR('',#2268,10.);
#640=VECTOR('',#2269,10.);
#641=VECTOR('',#2274,10.);
#642=VECTOR('',#2277,10.);
#643=VECTOR('',#2280,3.75);
#644=VECTOR('',#2285,10.);
#645=VECTOR('',#2286,10.);
#646=VECTOR('',#2287,10.);
#647=VECTOR('',#2288,10.);
#648=VECTOR('',#2293,10.);
#649=VECTOR('',#2298,10.);
#650=VECTOR('',#2299,10.);
#651=VECTOR('',#2300,10.);
#652=VECTOR('',#2305,10.);
#653=VECTOR('',#2310,10.);
#654=VECTOR('',#2311,10.);
#655=VECTOR('',#2312,10.);
#656=VECTOR('',#2317,10.);
#657=VECTOR('',#2322,10.);
#658=VECTOR('',#2323,10.);
#659=VECTOR('',#2324,10.);
#660=VECTOR('',#2333,10.);
#661=VECTOR('',#2336,10.);
#662=VECTOR('',#2339,10.);
#663=VECTOR('',#2340,10.);
#664=VECTOR('',#2343,10.);
#665=VECTOR('',#2348,10.);
#666=VECTOR('',#2349,10.);
#667=VECTOR('',#2352,10.);
#668=VECTOR('',#2355,10.);
#669=VECTOR('',#2358,10.);
#670=VECTOR('',#2361,10.);
#671=VECTOR('',#2366,10.);
#672=VECTOR('',#2367,10.);
#673=VECTOR('',#2370,10.);
#674=VECTOR('',#2373,10.);
#675=VECTOR('',#2374,10.);
#676=VECTOR('',#2379,10.);
#677=VECTOR('',#2380,10.);
#678=VECTOR('',#2385,10.);
#679=VECTOR('',#2390,10.);
#680=VECTOR('',#2395,10.);
#681=VECTOR('',#2396,10.);
#682=VECTOR('',#2399,10.);
#683=VECTOR('',#2404,10.);
#684=VECTOR('',#2407,10.);
#685=VECTOR('',#2408,10.);
#686=VECTOR('',#2409,10.);
#687=VECTOR('',#2412,10.);
#688=VECTOR('',#2415,10.);
#689=VECTOR('',#2418,10.);
#690=VECTOR('',#2421,10.);
#691=VECTOR('',#2422,10.);
#692=VECTOR('',#2435,1.45);
#693=VECTOR('',#2438,10.);
#694=VECTOR('',#2439,10.);
#695=VECTOR('',#2440,10.);
#696=VECTOR('',#2441,10.);
#697=VECTOR('',#2444,10.);
#698=VECTOR('',#2445,10.);
#699=VECTOR('',#2446,10.);
#700=VECTOR('',#2447,10.);
#701=VECTOR('',#2450,10.);
#702=VECTOR('',#2457,10.);
#703=VECTOR('',#2458,10.);
#704=VECTOR('',#2459,10.);
#705=VECTOR('',#2462,10.);
#706=VECTOR('',#2469,10.);
#707=VECTOR('',#2470,10.);
#708=VECTOR('',#2471,10.);
#709=VECTOR('',#2484,10.);
#710=VECTOR('',#2485,10.);
#711=VECTOR('',#2488,10.);
#712=VECTOR('',#2489,10.);
#713=VECTOR('',#2490,10.);
#714=VECTOR('',#2493,10.);
#715=VECTOR('',#2494,10.);
#716=VECTOR('',#2497,10.);
#717=VECTOR('',#2500,10.);
#718=VECTOR('',#2511,10.);
#719=VECTOR('',#2512,10.);
#720=VECTOR('',#2515,10.);
#721=VECTOR('',#2516,10.);
#722=VECTOR('',#2519,10.);
#723=VECTOR('',#2520,10.);
#724=VECTOR('',#2523,10.);
#725=VECTOR('',#2530,10.);
#726=VECTOR('',#2535,1.45);
#727=VECTOR('',#2538,1.45);
#728=VECTOR('',#2541,1.45);
#729=VECTOR('',#2544,10.);
#730=VECTOR('',#2547,10.);
#731=VECTOR('',#2550,10.);
#732=B_SPLINE_CURVE_WITH_KNOTS('',3,(#2566,#2567,#2568,#2569,#2570),
 .UNSPECIFIED.,.F.,.F.,(4,1,4),(0.,0.0584530174261715,0.0997049262426116),
 .UNSPECIFIED.);
#733=B_SPLINE_CURVE_WITH_KNOTS('',3,(#2574,#2575,#2576,#2577,#2578),
 .UNSPECIFIED.,.F.,.F.,(4,1,4),(0.,0.0584530174261715,0.0997049262426116),
 .UNSPECIFIED.);
#734=B_SPLINE_CURVE_WITH_KNOTS('',3,(#2591,#2592,#2593,#2594,#2595),
 .UNSPECIFIED.,.F.,.F.,(4,1,4),(0.,0.148514366635121,0.242823451454155),
 .UNSPECIFIED.);
#735=B_SPLINE_CURVE_WITH_KNOTS('',3,(#2598,#2599,#2600,#2601,#2602),
 .UNSPECIFIED.,.F.,.F.,(4,1,4),(0.,0.148514366635121,0.242823451454155),
 .UNSPECIFIED.);
#736=B_SPLINE_CURVE_WITH_KNOTS('',3,(#2614,#2615,#2616,#2617,#2618),
 .UNSPECIFIED.,.F.,.F.,(4,1,4),(0.,0.100352418004586,0.250842982564609),
 .UNSPECIFIED.);
#737=B_SPLINE_CURVE_WITH_KNOTS('',3,(#2621,#2622,#2623,#2624,#2625),
 .UNSPECIFIED.,.F.,.F.,(4,1,4),(0.,0.100352418004586,0.250842982564609),
 .UNSPECIFIED.);
#738=B_SPLINE_CURVE_WITH_KNOTS('',3,(#2637,#2638,#2639,#2640,#2641),
 .UNSPECIFIED.,.F.,.F.,(4,1,4),(0.,0.039298722833831,0.0910732080100443),
 .UNSPECIFIED.);
#739=B_SPLINE_CURVE_WITH_KNOTS('',3,(#2644,#2645,#2646,#2647,#2648),
 .UNSPECIFIED.,.F.,.F.,(4,1,4),(0.,0.039298722833831,0.0910732080100443),
 .UNSPECIFIED.);
#740=B_SPLINE_CURVE_WITH_KNOTS('',3,(#2660,#2661,#2662,#2663,#2664),
 .UNSPECIFIED.,.F.,.F.,(4,1,4),(0.,0.0333760122866293,0.0669440652976879),
 .UNSPECIFIED.);
#741=B_SPLINE_CURVE_WITH_KNOTS('',3,(#2667,#2668,#2669,#2670,#2671),
 .UNSPECIFIED.,.F.,.F.,(4,1,4),(0.,0.0333760122866293,0.0669440652976879),
 .UNSPECIFIED.);
#742=B_SPLINE_CURVE_WITH_KNOTS('',3,(#2683,#2684,#2685,#2686,#2687),
 .UNSPECIFIED.,.F.,.F.,(4,1,4),(0.,0.0332194025492156,0.0664972634636385),
 .UNSPECIFIED.);
#743=B_SPLINE_CURVE_WITH_KNOTS('',3,(#2690,#2691,#2692,#2693,#2694),
 .UNSPECIFIED.,.F.,.F.,(4,1,4),(0.,0.0332194025492156,0.0664972634636385),
 .UNSPECIFIED.);
#744=B_SPLINE_CURVE_WITH_KNOTS('',3,(#2706,#2707,#2708,#2709,#2710),
 .UNSPECIFIED.,.F.,.F.,(4,1,4),(0.,0.0583728985297459,0.0994199268063372),
 .UNSPECIFIED.);
#745=B_SPLINE_CURVE_WITH_KNOTS('',3,(#2713,#2714,#2715,#2716,#2717),
 .UNSPECIFIED.,.F.,.F.,(4,1,4),(0.,0.0583728985297459,0.0994199268063372),
 .UNSPECIFIED.);
#746=B_SPLINE_CURVE_WITH_KNOTS('',3,(#2729,#2730,#2731,#2732,#2733),
 .UNSPECIFIED.,.F.,.F.,(4,1,4),(0.,0.148514307057044,0.242823450884885),
 .UNSPECIFIED.);
#747=B_SPLINE_CURVE_WITH_KNOTS('',3,(#2736,#2737,#2738,#2739,#2740),
 .UNSPECIFIED.,.F.,.F.,(4,1,4),(0.,0.148514307057044,0.242823450884885),
 .UNSPECIFIED.);
#748=B_SPLINE_CURVE_WITH_KNOTS('',3,(#2752,#2753,#2754,#2755,#2756),
 .UNSPECIFIED.,.F.,.F.,(4,1,4),(0.,0.100858428819096,0.251519426352542),
 .UNSPECIFIED.);
#749=B_SPLINE_CURVE_WITH_KNOTS('',3,(#2759,#2760,#2761,#2762,#2763),
 .UNSPECIFIED.,.F.,.F.,(4,1,4),(0.,0.100858428819096,0.251519426352542),
 .UNSPECIFIED.);
#750=B_SPLINE_CURVE_WITH_KNOTS('',3,(#2775,#2776,#2777,#2778,#2779),
 .UNSPECIFIED.,.F.,.F.,(4,1,4),(0.,0.0392987932504007,0.0910732504997091),
 .UNSPECIFIED.);
#751=B_SPLINE_CURVE_WITH_KNOTS('',3,(#2782,#2783,#2784,#2785,#2786),
 .UNSPECIFIED.,.F.,.F.,(4,1,4),(0.,0.0392987932504007,0.0910732504997091),
 .UNSPECIFIED.);
#752=B_SPLINE_CURVE_WITH_KNOTS('',3,(#2798,#2799,#2800,#2801,#2802),
 .UNSPECIFIED.,.F.,.F.,(4,1,4),(0.,0.0333761100452598,0.0669441925795656),
 .UNSPECIFIED.);
#753=B_SPLINE_CURVE_WITH_KNOTS('',3,(#2805,#2806,#2807,#2808,#2809),
 .UNSPECIFIED.,.F.,.F.,(4,1,4),(0.,0.0333761100452598,0.0669441925795656),
 .UNSPECIFIED.);
#754=B_SPLINE_CURVE_WITH_KNOTS('',3,(#2820,#2821,#2822,#2823,#2824),
 .UNSPECIFIED.,.F.,.F.,(4,1,4),(0.,0.0333460719521159,0.0666380211388788),
 .UNSPECIFIED.);
#755=B_SPLINE_CURVE_WITH_KNOTS('',3,(#2825,#2826,#2827,#2828,#2829),
 .UNSPECIFIED.,.F.,.F.,(4,1,4),(0.,0.0333460719521159,0.0666380211388788),
 .UNSPECIFIED.);
#756=B_SPLINE_CURVE_WITH_KNOTS('',3,(#2842,#2843,#2844,#2845,#2846),
 .UNSPECIFIED.,.F.,.F.,(4,1,4),(0.,0.244076138021268,0.423599046999078),
 .UNSPECIFIED.);
#757=B_SPLINE_CURVE_WITH_KNOTS('',3,(#2850,#2851,#2852,#2853,#2854),
 .UNSPECIFIED.,.F.,.F.,(4,1,4),(0.,0.244076138021268,0.423599046999078),
 .UNSPECIFIED.);
#758=B_SPLINE_CURVE_WITH_KNOTS('',3,(#2867,#2868,#2869,#2870,#2871),
 .UNSPECIFIED.,.F.,.F.,(4,1,4),(0.,0.169898990361279,0.414865824835326),
 .UNSPECIFIED.);
#759=B_SPLINE_CURVE_WITH_KNOTS('',3,(#2874,#2875,#2876,#2877,#2878),
 .UNSPECIFIED.,.F.,.F.,(4,1,4),(0.,0.169898990361279,0.414865824835326),
 .UNSPECIFIED.);
#760=B_SPLINE_CURVE_WITH_KNOTS('',3,(#2890,#2891,#2892,#2893,#2894),
 .UNSPECIFIED.,.F.,.F.,(4,1,4),(0.,0.134773124451798,0.268180174350791),
 .UNSPECIFIED.);
#761=B_SPLINE_CURVE_WITH_KNOTS('',3,(#2897,#2898,#2899,#2900,#2901),
 .UNSPECIFIED.,.F.,.F.,(4,1,4),(0.,0.134773124451798,0.268180174350791),
 .UNSPECIFIED.);
#762=B_SPLINE_CURVE_WITH_KNOTS('',3,(#2913,#2914,#2915,#2916,#2917),
 .UNSPECIFIED.,.F.,.F.,(4,1,4),(0.,0.123844309140796,0.25561427049153),
 .UNSPECIFIED.);
#763=B_SPLINE_CURVE_WITH_KNOTS('',3,(#2920,#2921,#2922,#2923,#2924),
 .UNSPECIFIED.,.F.,.F.,(4,1,4),(0.,0.123844309140796,0.25561427049153),
 .UNSPECIFIED.);
#764=B_SPLINE_CURVE_WITH_KNOTS('',3,(#2936,#2937,#2938,#2939,#2940),
 .UNSPECIFIED.,.F.,.F.,(4,1,4),(0.,0.245094141272002,0.42492817152748),
 .UNSPECIFIED.);
#765=B_SPLINE_CURVE_WITH_KNOTS('',3,(#2943,#2944,#2945,#2946,#2947),
 .UNSPECIFIED.,.F.,.F.,(4,1,4),(0.,0.245094141272002,0.42492817152748),
 .UNSPECIFIED.);
#766=B_SPLINE_CURVE_WITH_KNOTS('',3,(#2959,#2960,#2961,#2962,#2963),
 .UNSPECIFIED.,.F.,.F.,(4,1,4),(0.,0.178846599162783,0.424093402521166),
 .UNSPECIFIED.);
#767=B_SPLINE_CURVE_WITH_KNOTS('',3,(#2966,#2967,#2968,#2969,#2970),
 .UNSPECIFIED.,.F.,.F.,(4,1,4),(0.,0.178846599162783,0.424093402521166),
 .UNSPECIFIED.);
#768=B_SPLINE_CURVE_WITH_KNOTS('',3,(#2982,#2983,#2984,#2985,#2986),
 .UNSPECIFIED.,.F.,.F.,(4,1,4),(0.,0.132003739792325,0.256884543541916),
 .UNSPECIFIED.);
#769=B_SPLINE_CURVE_WITH_KNOTS('',3,(#2989,#2990,#2991,#2992,#2993),
 .UNSPECIFIED.,.F.,.F.,(4,1,4),(0.,0.132003739792325,0.256884543541916),
 .UNSPECIFIED.);
#770=B_SPLINE_CURVE_WITH_KNOTS('',3,(#3004,#3005,#3006,#3007,#3008),
 .UNSPECIFIED.,.F.,.F.,(4,1,4),(0.,0.123844347305663,0.255614302871032),
 .UNSPECIFIED.);
#771=B_SPLINE_CURVE_WITH_KNOTS('',3,(#3009,#3010,#3011,#3012,#3013),
 .UNSPECIFIED.,.F.,.F.,(4,1,4),(0.,0.123844347305663,0.255614302871032),
 .UNSPECIFIED.);
#772=B_SPLINE_CURVE_WITH_KNOTS('',3,(#3035,#3036,#3037,#3038,#3039),
 .UNSPECIFIED.,.F.,.F.,(4,1,4),(0.,0.0491798431635248,0.1474099717721),
 .UNSPECIFIED.);
#773=B_SPLINE_CURVE_WITH_KNOTS('',3,(#3042,#3043,#3044,#3045,#3046),
 .UNSPECIFIED.,.F.,.F.,(4,1,4),(0.,0.0491798431635248,0.1474099717721),
 .UNSPECIFIED.);
#774=B_SPLINE_CURVE_WITH_KNOTS('',3,(#3058,#3059,#3060,#3061,#3062),
 .UNSPECIFIED.,.F.,.F.,(4,1,4),(0.,0.0411906152508851,0.0869245803975152),
 .UNSPECIFIED.);
#775=B_SPLINE_CURVE_WITH_KNOTS('',3,(#3065,#3066,#3067,#3068,#3069),
 .UNSPECIFIED.,.F.,.F.,(4,1,4),(0.,0.0411906152508851,0.0869245803975152),
 .UNSPECIFIED.);
#776=B_SPLINE_CURVE_WITH_KNOTS('',3,(#3081,#3082,#3083,#3084,#3085),
 .UNSPECIFIED.,.F.,.F.,(4,1,4),(0.,0.0461119365147348,0.0873061000013199),
 .UNSPECIFIED.);
#777=B_SPLINE_CURVE_WITH_KNOTS('',3,(#3088,#3089,#3090,#3091,#3092),
 .UNSPECIFIED.,.F.,.F.,(4,1,4),(0.,0.0461119365147348,0.0873061000013199),
 .UNSPECIFIED.);
#778=B_SPLINE_CURVE_WITH_KNOTS('',3,(#3104,#3105,#3106,#3107,#3108),
 .UNSPECIFIED.,.F.,.F.,(4,1,4),(0.,0.0370898467774313,0.0786745116493587),
 .UNSPECIFIED.);
#779=B_SPLINE_CURVE_WITH_KNOTS('',3,(#3111,#3112,#3113,#3114,#3115),
 .UNSPECIFIED.,.F.,.F.,(4,1,4),(0.,0.0370898467774313,0.0786745116493587),
 .UNSPECIFIED.);
#780=B_SPLINE_CURVE_WITH_KNOTS('',3,(#3127,#3128,#3129,#3130,#3131),
 .UNSPECIFIED.,.F.,.F.,(4,1,4),(0.,0.0363057549510837,0.0716470344899475),
 .UNSPECIFIED.);
#781=B_SPLINE_CURVE_WITH_KNOTS('',3,(#3134,#3135,#3136,#3137,#3138),
 .UNSPECIFIED.,.F.,.F.,(4,1,4),(0.,0.0363057549510837,0.0716470344899475),
 .UNSPECIFIED.);
#782=B_SPLINE_CURVE_WITH_KNOTS('',3,(#3150,#3151,#3152,#3153,#3154),
 .UNSPECIFIED.,.F.,.F.,(4,1,4),(0.,0.118048083668149,0.182150906054171),
 .UNSPECIFIED.);
#783=B_SPLINE_CURVE_WITH_KNOTS('',3,(#3157,#3158,#3159,#3160,#3161),
 .UNSPECIFIED.,.F.,.F.,(4,1,4),(0.,0.118048083668149,0.182150906054171),
 .UNSPECIFIED.);
#784=B_SPLINE_CURVE_WITH_KNOTS('',3,(#3197,#3198,#3199,#3200,#3201),
 .UNSPECIFIED.,.F.,.F.,(4,1,4),(0.,0.0422903202884085,0.102553874666333),
 .UNSPECIFIED.);
#785=B_SPLINE_CURVE_WITH_KNOTS('',3,(#3204,#3205,#3206,#3207,#3208),
 .UNSPECIFIED.,.F.,.F.,(4,1,4),(0.,0.0422903202884085,0.102553874666333),
 .UNSPECIFIED.);
#786=B_SPLINE_CURVE_WITH_KNOTS('',3,(#3220,#3221,#3222,#3223,#3224),
 .UNSPECIFIED.,.F.,.F.,(4,1,4),(0.,0.0390474039786435,0.0741309941230318),
 .UNSPECIFIED.);
#787=B_SPLINE_CURVE_WITH_KNOTS('',3,(#3227,#3228,#3229,#3230,#3231),
 .UNSPECIFIED.,.F.,.F.,(4,1,4),(0.,0.0390474039786435,0.0741309941230318),
 .UNSPECIFIED.);
#788=B_SPLINE_CURVE_WITH_KNOTS('',3,(#3243,#3244,#3245,#3246,#3247),
 .UNSPECIFIED.,.F.,.F.,(4,1,4),(0.,0.115441759557349,0.181559079059278),
 .UNSPECIFIED.);
#789=B_SPLINE_CURVE_WITH_KNOTS('',3,(#3250,#3251,#3252,#3253,#3254),
 .UNSPECIFIED.,.F.,.F.,(4,1,4),(0.,0.115441759557349,0.181559079059278),
 .UNSPECIFIED.);
#790=B_SPLINE_CURVE_WITH_KNOTS('',3,(#3284,#3285,#3286,#3287,#3288),
 .UNSPECIFIED.,.F.,.F.,(4,1,4),(0.,0.0808052126417947,0.199098437470891),
 .UNSPECIFIED.);
#791=B_SPLINE_CURVE_WITH_KNOTS('',3,(#3291,#3292,#3293,#3294,#3295),
 .UNSPECIFIED.,.F.,.F.,(4,1,4),(0.,0.0808052126417947,0.199098437470891),
 .UNSPECIFIED.);
#792=B_SPLINE_CURVE_WITH_KNOTS('',3,(#3307,#3308,#3309,#3310,#3311),
 .UNSPECIFIED.,.F.,.F.,(4,1,4),(0.,0.0719627704744158,0.137216905333225),
 .UNSPECIFIED.);
#793=B_SPLINE_CURVE_WITH_KNOTS('',3,(#3314,#3315,#3316,#3317,#3318),
 .UNSPECIFIED.,.F.,.F.,(4,1,4),(0.,0.0719627704744158,0.137216905333225),
 .UNSPECIFIED.);
#794=B_SPLINE_CURVE_WITH_KNOTS('',3,(#3330,#3331,#3332,#3333,#3334),
 .UNSPECIFIED.,.F.,.F.,(4,1,4),(0.,0.101907182120286,0.221723195249476),
 .UNSPECIFIED.);
#795=B_SPLINE_CURVE_WITH_KNOTS('',3,(#3337,#3338,#3339,#3340,#3341),
 .UNSPECIFIED.,.F.,.F.,(4,1,4),(0.,0.101907182120286,0.221723195249476),
 .UNSPECIFIED.);
#796=B_SPLINE_CURVE_WITH_KNOTS('',3,(#3353,#3354,#3355,#3356,#3357),
 .UNSPECIFIED.,.F.,.F.,(4,1,4),(0.,0.104068637617699,0.200887755142129),
 .UNSPECIFIED.);
#797=B_SPLINE_CURVE_WITH_KNOTS('',3,(#3360,#3361,#3362,#3363,#3364),
 .UNSPECIFIED.,.F.,.F.,(4,1,4),(0.,0.104068637617699,0.200887755142129),
 .UNSPECIFIED.);
#798=B_SPLINE_CURVE_WITH_KNOTS('',3,(#3376,#3377,#3378,#3379,#3380),
 .UNSPECIFIED.,.F.,.F.,(4,1,4),(0.,0.0807740650428804,0.165213602937945),
 .UNSPECIFIED.);
#799=B_SPLINE_CURVE_WITH_KNOTS('',3,(#3383,#3384,#3385,#3386,#3387),
 .UNSPECIFIED.,.F.,.F.,(4,1,4),(0.,0.0807740650428804,0.165213602937945),
 .UNSPECIFIED.);
#800=B_SPLINE_CURVE_WITH_KNOTS('',3,(#3399,#3400,#3401,#3402,#3403),
 .UNSPECIFIED.,.F.,.F.,(4,1,4),(0.,0.0753537242285069,0.152830169634825),
 .UNSPECIFIED.);
#801=B_SPLINE_CURVE_WITH_KNOTS('',3,(#3406,#3407,#3408,#3409,#3410),
 .UNSPECIFIED.,.F.,.F.,(4,1,4),(0.,0.0753537242285069,0.152830169634825),
 .UNSPECIFIED.);
#802=B_SPLINE_CURVE_WITH_KNOTS('',3,(#3422,#3423,#3424,#3425,#3426),
 .UNSPECIFIED.,.F.,.F.,(4,1,4),(0.,0.138550627461335,0.235245835428654),
 .UNSPECIFIED.);
#803=B_SPLINE_CURVE_WITH_KNOTS('',3,(#3429,#3430,#3431,#3432,#3433),
 .UNSPECIFIED.,.F.,.F.,(4,1,4),(0.,0.138550627461335,0.235245835428654),
 .UNSPECIFIED.);
#804=VERTEX_POINT('',#2564);
#805=VERTEX_POINT('',#2565);
#806=VERTEX_POINT('',#2571);
#807=VERTEX_POINT('',#2573);
#808=VERTEX_POINT('',#2590);
#809=VERTEX_POINT('',#2596);
#810=VERTEX_POINT('',#2613);
#811=VERTEX_POINT('',#2619);
#812=VERTEX_POINT('',#2636);
#813=VERTEX_POINT('',#2642);
#814=VERTEX_POINT('',#2659);
#815=VERTEX_POINT('',#2665);
#816=VERTEX_POINT('',#2682);
#817=VERTEX_POINT('',#2688);
#818=VERTEX_POINT('',#2705);
#819=VERTEX_POINT('',#2711);
#820=VERTEX_POINT('',#2728);
#821=VERTEX_POINT('',#2734);
#822=VERTEX_POINT('',#2751);
#823=VERTEX_POINT('',#2757);
#824=VERTEX_POINT('',#2774);
#825=VERTEX_POINT('',#2780);
#826=VERTEX_POINT('',#2797);
#827=VERTEX_POINT('',#2803);
#828=VERTEX_POINT('',#2840);
#829=VERTEX_POINT('',#2841);
#830=VERTEX_POINT('',#2847);
#831=VERTEX_POINT('',#2849);
#832=VERTEX_POINT('',#2866);
#833=VERTEX_POINT('',#2872);
#834=VERTEX_POINT('',#2889);
#835=VERTEX_POINT('',#2895);
#836=VERTEX_POINT('',#2912);
#837=VERTEX_POINT('',#2918);
#838=VERTEX_POINT('',#2935);
#839=VERTEX_POINT('',#2941);
#840=VERTEX_POINT('',#2958);
#841=VERTEX_POINT('',#2964);
#842=VERTEX_POINT('',#2981);
#843=VERTEX_POINT('',#2987);
#844=VERTEX_POINT('',#3016);
#845=VERTEX_POINT('',#3017);
#846=VERTEX_POINT('',#3019);
#847=VERTEX_POINT('',#3021);
#848=VERTEX_POINT('',#3034);
#849=VERTEX_POINT('',#3040);
#850=VERTEX_POINT('',#3057);
#851=VERTEX_POINT('',#3063);
#852=VERTEX_POINT('',#3080);
#853=VERTEX_POINT('',#3086);
#854=VERTEX_POINT('',#3103);
#855=VERTEX_POINT('',#3109);
#856=VERTEX_POINT('',#3126);
#857=VERTEX_POINT('',#3132);
#858=VERTEX_POINT('',#3149);
#859=VERTEX_POINT('',#3155);
#860=VERTEX_POINT('',#3163);
#861=VERTEX_POINT('',#3165);
#862=VERTEX_POINT('',#3172);
#863=VERTEX_POINT('',#3173);
#864=VERTEX_POINT('',#3175);
#865=VERTEX_POINT('',#3177);
#866=VERTEX_POINT('',#3181);
#867=VERTEX_POINT('',#3183);
#868=VERTEX_POINT('',#3196);
#869=VERTEX_POINT('',#3202);
#870=VERTEX_POINT('',#3219);
#871=VERTEX_POINT('',#3225);
#872=VERTEX_POINT('',#3242);
#873=VERTEX_POINT('',#3248);
#874=VERTEX_POINT('',#3256);
#875=VERTEX_POINT('',#3258);
#876=VERTEX_POINT('',#3262);
#877=VERTEX_POINT('',#3264);
#878=VERTEX_POINT('',#3268);
#879=VERTEX_POINT('',#3270);
#880=VERTEX_POINT('',#3283);
#881=VERTEX_POINT('',#3289);
#882=VERTEX_POINT('',#3306);
#883=VERTEX_POINT('',#3312);
#884=VERTEX_POINT('',#3329);
#885=VERTEX_POINT('',#3335);
#886=VERTEX_POINT('',#3352);
#887=VERTEX_POINT('',#3358);
#888=VERTEX_POINT('',#3375);
#889=VERTEX_POINT('',#3381);
#890=VERTEX_POINT('',#3398);
#891=VERTEX_POINT('',#3404);
#892=VERTEX_POINT('',#3421);
#893=VERTEX_POINT('',#3427);
#894=VERTEX_POINT('',#3435);
#895=VERTEX_POINT('',#3437);
#896=VERTEX_POINT('',#3441);
#897=VERTEX_POINT('',#3443);
#898=VERTEX_POINT('',#3451);
#899=VERTEX_POINT('',#3452);
#900=VERTEX_POINT('',#3454);
#901=VERTEX_POINT('',#3456);
#902=VERTEX_POINT('',#3458);
#903=VERTEX_POINT('',#3460);
#904=VERTEX_POINT('',#3462);
#905=VERTEX_POINT('',#3464);
#906=VERTEX_POINT('',#3467);
#907=VERTEX_POINT('',#3468);
#908=VERTEX_POINT('',#3470);
#909=VERTEX_POINT('',#3472);
#910=VERTEX_POINT('',#3475);
#911=VERTEX_POINT('',#3479);
#912=VERTEX_POINT('',#3480);
#913=VERTEX_POINT('',#3485);
#914=VERTEX_POINT('',#3489);
#915=VERTEX_POINT('',#3495);
#916=VERTEX_POINT('',#3499);
#917=VERTEX_POINT('',#3500);
#918=VERTEX_POINT('',#3502);
#919=VERTEX_POINT('',#3504);
#920=VERTEX_POINT('',#3508);
#921=VERTEX_POINT('',#3510);
#922=VERTEX_POINT('',#3514);
#923=VERTEX_POINT('',#3515);
#924=VERTEX_POINT('',#3520);
#925=VERTEX_POINT('',#3522);
#926=VERTEX_POINT('',#3526);
#927=VERTEX_POINT('',#3527);
#928=VERTEX_POINT('',#3532);
#929=VERTEX_POINT('',#3534);
#930=VERTEX_POINT('',#3538);
#931=VERTEX_POINT('',#3539);
#932=VERTEX_POINT('',#3547);
#933=VERTEX_POINT('',#3549);
#934=VERTEX_POINT('',#3553);
#935=VERTEX_POINT('',#3557);
#936=VERTEX_POINT('',#3561);
#937=VERTEX_POINT('',#3565);
#938=VERTEX_POINT('',#3566);
#939=VERTEX_POINT('',#3568);
#940=VERTEX_POINT('',#3570);
#941=VERTEX_POINT('',#3572);
#942=VERTEX_POINT('',#3574);
#943=VERTEX_POINT('',#3576);
#944=VERTEX_POINT('',#3578);
#945=VERTEX_POINT('',#3598);
#946=VERTEX_POINT('',#3602);
#947=VERTEX_POINT('',#3606);
#948=VERTEX_POINT('',#3612);
#949=VERTEX_POINT('',#3613);
#950=VERTEX_POINT('',#3615);
#951=VERTEX_POINT('',#3617);
#952=VERTEX_POINT('',#3619);
#953=VERTEX_POINT('',#3621);
#954=VERTEX_POINT('',#3623);
#955=VERTEX_POINT('',#3625);
#956=VERTEX_POINT('',#3627);
#957=VERTEX_POINT('',#3629);
#958=VERTEX_POINT('',#3631);
#959=VERTEX_POINT('',#3633);
#960=VERTEX_POINT('',#3636);
#961=VERTEX_POINT('',#3638);
#962=VERTEX_POINT('',#3640);
#963=VERTEX_POINT('',#3642);
#964=VERTEX_POINT('',#3645);
#965=VERTEX_POINT('',#3649);
#966=VERTEX_POINT('',#3650);
#967=VERTEX_POINT('',#3652);
#968=VERTEX_POINT('',#3654);
#969=VERTEX_POINT('',#3658);
#970=VERTEX_POINT('',#3659);
#971=VERTEX_POINT('',#3661);
#972=VERTEX_POINT('',#3663);
#973=VERTEX_POINT('',#3667);
#974=VERTEX_POINT('',#3668);
#975=VERTEX_POINT('',#3673);
#976=VERTEX_POINT('',#3674);
#977=VERTEX_POINT('',#3679);
#978=VERTEX_POINT('',#3680);
#979=VERTEX_POINT('',#3685);
#980=VERTEX_POINT('',#3699);
#981=VERTEX_POINT('',#3701);
#982=VERTEX_POINT('',#3703);
#983=VERTEX_POINT('',#3705);
#984=VERTEX_POINT('',#3713);
#985=VERTEX_POINT('',#3715);
#986=VERTEX_POINT('',#3717);
#987=VERTEX_POINT('',#3720);
#988=VERTEX_POINT('',#3722);
#989=VERTEX_POINT('',#3724);
#990=VERTEX_POINT('',#3726);
#991=EDGE_CURVE('',#804,#805,#732,.T.);
#992=EDGE_CURVE('',#804,#806,#392,.T.);
#993=EDGE_CURVE('',#806,#807,#733,.T.);
#994=EDGE_CURVE('',#805,#807,#393,.T.);
#995=EDGE_CURVE('',#808,#804,#734,.T.);
#996=EDGE_CURVE('',#808,#809,#394,.T.);
#997=EDGE_CURVE('',#809,#806,#735,.T.);
#998=EDGE_CURVE('',#810,#808,#736,.T.);
#999=EDGE_CURVE('',#810,#811,#395,.T.);
#1000=EDGE_CURVE('',#811,#809,#737,.T.);
#1001=EDGE_CURVE('',#812,#810,#738,.T.);
#1002=EDGE_CURVE('',#812,#813,#396,.T.);
#1003=EDGE_CURVE('',#813,#811,#739,.T.);
#1004=EDGE_CURVE('',#814,#812,#740,.T.);
#1005=EDGE_CURVE('',#814,#815,#397,.T.);
#1006=EDGE_CURVE('',#815,#813,#741,.T.);
#1007=EDGE_CURVE('',#816,#814,#742,.T.);
#1008=EDGE_CURVE('',#816,#817,#398,.T.);
#1009=EDGE_CURVE('',#817,#815,#743,.T.);
#1010=EDGE_CURVE('',#818,#816,#744,.T.);
#1011=EDGE_CURVE('',#818,#819,#399,.T.);
#1012=EDGE_CURVE('',#819,#817,#745,.T.);
#1013=EDGE_CURVE('',#820,#818,#746,.T.);
#1014=EDGE_CURVE('',#820,#821,#400,.T.);
#1015=EDGE_CURVE('',#821,#819,#747,.T.);
#1016=EDGE_CURVE('',#822,#820,#748,.T.);
#1017=EDGE_CURVE('',#822,#823,#401,.T.);
#1018=EDGE_CURVE('',#823,#821,#749,.T.);
#1019=EDGE_CURVE('',#824,#822,#750,.T.);
#1020=EDGE_CURVE('',#824,#825,#402,.T.);
#1021=EDGE_CURVE('',#825,#823,#751,.T.);
#1022=EDGE_CURVE('',#826,#824,#752,.T.);
#1023=EDGE_CURVE('',#826,#827,#403,.T.);
#1024=EDGE_CURVE('',#827,#825,#753,.T.);
#1025=EDGE_CURVE('',#805,#826,#754,.T.);
#1026=EDGE_CURVE('',#807,#827,#755,.T.);
#1027=EDGE_CURVE('',#828,#829,#756,.T.);
#1028=EDGE_CURVE('',#828,#830,#404,.T.);
#1029=EDGE_CURVE('',#830,#831,#757,.T.);
#1030=EDGE_CURVE('',#829,#831,#405,.T.);
#1031=EDGE_CURVE('',#832,#828,#758,.T.);
#1032=EDGE_CURVE('',#832,#833,#406,.T.);
#1033=EDGE_CURVE('',#833,#830,#759,.T.);
#1034=EDGE_CURVE('',#834,#832,#760,.T.);
#1035=EDGE_CURVE('',#834,#835,#407,.T.);
#1036=EDGE_CURVE('',#835,#833,#761,.T.);
#1037=EDGE_CURVE('',#836,#834,#762,.T.);
#1038=EDGE_CURVE('',#836,#837,#408,.T.);
#1039=EDGE_CURVE('',#837,#835,#763,.T.);
#1040=EDGE_CURVE('',#838,#836,#764,.T.);
#1041=EDGE_CURVE('',#838,#839,#409,.T.);
#1042=EDGE_CURVE('',#839,#837,#765,.T.);
#1043=EDGE_CURVE('',#840,#838,#766,.T.);
#1044=EDGE_CURVE('',#840,#841,#410,.T.);
#1045=EDGE_CURVE('',#841,#839,#767,.T.);
#1046=EDGE_CURVE('',#842,#840,#768,.T.);
#1047=EDGE_CURVE('',#842,#843,#411,.T.);
#1048=EDGE_CURVE('',#843,#841,#769,.T.);
#1049=EDGE_CURVE('',#829,#842,#770,.T.);
#1050=EDGE_CURVE('',#831,#843,#771,.T.);
#1051=EDGE_CURVE('',#844,#845,#412,.T.);
#1052=EDGE_CURVE('',#844,#846,#413,.T.);
#1053=EDGE_CURVE('',#846,#847,#414,.T.);
#1054=EDGE_CURVE('',#845,#847,#415,.T.);
#1055=EDGE_CURVE('',#848,#844,#772,.T.);
#1056=EDGE_CURVE('',#848,#849,#416,.T.);
#1057=EDGE_CURVE('',#849,#846,#773,.T.);
#1058=EDGE_CURVE('',#850,#848,#774,.T.);
#1059=EDGE_CURVE('',#850,#851,#417,.T.);
#1060=EDGE_CURVE('',#851,#849,#775,.T.);
#1061=EDGE_CURVE('',#852,#850,#776,.T.);
#1062=EDGE_CURVE('',#852,#853,#418,.T.);
#1063=EDGE_CURVE('',#853,#851,#777,.T.);
#1064=EDGE_CURVE('',#854,#852,#778,.T.);
#1065=EDGE_CURVE('',#854,#855,#419,.T.);
#1066=EDGE_CURVE('',#855,#853,#779,.T.);
#1067=EDGE_CURVE('',#856,#854,#780,.T.);
#1068=EDGE_CURVE('',#856,#857,#420,.T.);
#1069=EDGE_CURVE('',#857,#855,#781,.T.);
#1070=EDGE_CURVE('',#858,#856,#782,.T.);
#1071=EDGE_CURVE('',#858,#859,#421,.T.);
#1072=EDGE_CURVE('',#859,#857,#783,.T.);
#1073=EDGE_CURVE('',#860,#858,#422,.T.);
#1074=EDGE_CURVE('',#860,#861,#423,.T.);
#1075=EDGE_CURVE('',#861,#859,#424,.T.);
#1076=EDGE_CURVE('',#845,#860,#425,.T.);
#1077=EDGE_CURVE('',#847,#861,#426,.T.);
#1078=EDGE_CURVE('',#862,#863,#427,.T.);
#1079=EDGE_CURVE('',#862,#864,#428,.T.);
#1080=EDGE_CURVE('',#864,#865,#429,.T.);
#1081=EDGE_CURVE('',#863,#865,#430,.T.);
#1082=EDGE_CURVE('',#866,#862,#431,.T.);
#1083=EDGE_CURVE('',#866,#867,#432,.T.);
#1084=EDGE_CURVE('',#867,#864,#433,.T.);
#1085=EDGE_CURVE('',#868,#866,#784,.T.);
#1086=EDGE_CURVE('',#868,#869,#434,.T.);
#1087=EDGE_CURVE('',#869,#867,#785,.T.);
#1088=EDGE_CURVE('',#870,#868,#786,.T.);
#1089=EDGE_CURVE('',#870,#871,#435,.T.);
#1090=EDGE_CURVE('',#871,#869,#787,.T.);
#1091=EDGE_CURVE('',#872,#870,#788,.T.);
#1092=EDGE_CURVE('',#872,#873,#436,.T.);
#1093=EDGE_CURVE('',#873,#871,#789,.T.);
#1094=EDGE_CURVE('',#874,#872,#437,.T.);
#1095=EDGE_CURVE('',#874,#875,#438,.T.);
#1096=EDGE_CURVE('',#875,#873,#439,.T.);
#1097=EDGE_CURVE('',#876,#874,#440,.T.);
#1098=EDGE_CURVE('',#876,#877,#441,.T.);
#1099=EDGE_CURVE('',#877,#875,#442,.T.);
#1100=EDGE_CURVE('',#878,#876,#443,.T.);
#1101=EDGE_CURVE('',#878,#879,#444,.T.);
#1102=EDGE_CURVE('',#879,#877,#445,.T.);
#1103=EDGE_CURVE('',#880,#878,#790,.T.);
#1104=EDGE_CURVE('',#880,#881,#446,.T.);
#1105=EDGE_CURVE('',#881,#879,#791,.T.);
#1106=EDGE_CURVE('',#882,#880,#792,.T.);
#1107=EDGE_CURVE('',#882,#883,#447,.T.);
#1108=EDGE_CURVE('',#883,#881,#793,.T.);
#1109=EDGE_CURVE('',#884,#882,#794,.T.);
#1110=EDGE_CURVE('',#884,#885,#448,.T.);
#1111=EDGE_CURVE('',#885,#883,#795,.T.);
#1112=EDGE_CURVE('',#886,#884,#796,.T.);
#1113=EDGE_CURVE('',#886,#887,#449,.T.);
#1114=EDGE_CURVE('',#887,#885,#797,.T.);
#1115=EDGE_CURVE('',#888,#886,#798,.T.);
#1116=EDGE_CURVE('',#888,#889,#450,.T.);
#1117=EDGE_CURVE('',#889,#887,#799,.T.);
#1118=EDGE_CURVE('',#890,#888,#800,.T.);
#1119=EDGE_CURVE('',#890,#891,#451,.T.);
#1120=EDGE_CURVE('',#891,#889,#801,.T.);
#1121=EDGE_CURVE('',#892,#890,#802,.T.);
#1122=EDGE_CURVE('',#892,#893,#452,.T.);
#1123=EDGE_CURVE('',#893,#891,#803,.T.);
#1124=EDGE_CURVE('',#894,#892,#453,.T.);
#1125=EDGE_CURVE('',#894,#895,#454,.T.);
#1126=EDGE_CURVE('',#895,#893,#455,.T.);
#1127=EDGE_CURVE('',#896,#894,#456,.T.);
#1128=EDGE_CURVE('',#896,#897,#457,.T.);
#1129=EDGE_CURVE('',#897,#895,#458,.T.);
#1130=EDGE_CURVE('',#863,#896,#459,.T.);
#1131=EDGE_CURVE('',#865,#897,#460,.T.);
#1132=EDGE_CURVE('',#898,#899,#43,.T.);
#1133=EDGE_CURVE('',#899,#900,#461,.T.);
#1134=EDGE_CURVE('',#900,#901,#44,.T.);
#1135=EDGE_CURVE('',#901,#902,#462,.T.);
#1136=EDGE_CURVE('',#902,#903,#45,.T.);
#1137=EDGE_CURVE('',#903,#904,#463,.T.);
#1138=EDGE_CURVE('',#904,#905,#46,.T.);
#1139=EDGE_CURVE('',#905,#898,#464,.T.);
#1140=EDGE_CURVE('',#906,#907,#47,.T.);
#1141=EDGE_CURVE('',#907,#908,#465,.T.);
#1142=EDGE_CURVE('',#908,#909,#48,.T.);
#1143=EDGE_CURVE('',#909,#906,#466,.T.);
#1144=EDGE_CURVE('',#910,#910,#49,.T.);
#1145=EDGE_CURVE('',#911,#912,#50,.T.);
#1146=EDGE_CURVE('',#909,#911,#467,.T.);
#1147=EDGE_CURVE('',#908,#912,#468,.T.);
#1148=EDGE_CURVE('',#912,#913,#469,.T.);
#1149=EDGE_CURVE('',#907,#913,#470,.T.);
#1150=EDGE_CURVE('',#913,#914,#51,.T.);
#1151=EDGE_CURVE('',#906,#914,#471,.T.);
#1152=EDGE_CURVE('',#914,#911,#472,.T.);
#1153=EDGE_CURVE('',#910,#915,#473,.T.);
#1154=EDGE_CURVE('',#915,#915,#52,.T.);
#1155=EDGE_CURVE('',#916,#917,#474,.T.);
#1156=EDGE_CURVE('',#917,#918,#475,.T.);
#1157=EDGE_CURVE('',#918,#919,#476,.T.);
#1158=EDGE_CURVE('',#919,#916,#477,.T.);
#1159=EDGE_CURVE('',#916,#920,#53,.T.);
#1160=EDGE_CURVE('',#920,#921,#478,.T.);
#1161=EDGE_CURVE('',#921,#917,#54,.T.);
#1162=EDGE_CURVE('',#922,#923,#479,.T.);
#1163=EDGE_CURVE('',#923,#921,#480,.T.);
#1164=EDGE_CURVE('',#920,#922,#481,.T.);
#1165=EDGE_CURVE('',#922,#924,#55,.T.);
#1166=EDGE_CURVE('',#924,#925,#482,.T.);
#1167=EDGE_CURVE('',#925,#923,#56,.T.);
#1168=EDGE_CURVE('',#926,#927,#483,.T.);
#1169=EDGE_CURVE('',#927,#925,#484,.T.);
#1170=EDGE_CURVE('',#924,#926,#485,.T.);
#1171=EDGE_CURVE('',#926,#928,#57,.T.);
#1172=EDGE_CURVE('',#928,#929,#486,.T.);
#1173=EDGE_CURVE('',#929,#927,#58,.T.);
#1174=EDGE_CURVE('',#930,#931,#487,.T.);
#1175=EDGE_CURVE('',#931,#929,#488,.T.);
#1176=EDGE_CURVE('',#928,#930,#489,.T.);
#1177=EDGE_CURVE('',#930,#919,#59,.T.);
#1178=EDGE_CURVE('',#918,#931,#60,.T.);
#1179=EDGE_CURVE('',#922,#932,#490,.T.);
#1180=EDGE_CURVE('',#932,#933,#61,.F.);
#1181=EDGE_CURVE('',#933,#924,#491,.T.);
#1182=EDGE_CURVE('',#934,#920,#492,.T.);
#1183=EDGE_CURVE('',#932,#934,#493,.T.);
#1184=EDGE_CURVE('',#916,#935,#494,.T.);
#1185=EDGE_CURVE('',#935,#934,#62,.F.);
#1186=EDGE_CURVE('',#936,#919,#495,.T.);
#1187=EDGE_CURVE('',#935,#936,#496,.T.);
#1188=EDGE_CURVE('',#937,#938,#497,.T.);
#1189=EDGE_CURVE('',#939,#938,#63,.T.);
#1190=EDGE_CURVE('',#939,#940,#498,.T.);
#1191=EDGE_CURVE('',#941,#940,#64,.T.);
#1192=EDGE_CURVE('',#941,#942,#499,.T.);
#1193=EDGE_CURVE('',#943,#942,#65,.T.);
#1194=EDGE_CURVE('',#943,#944,#500,.T.);
#1195=EDGE_CURVE('',#937,#944,#66,.T.);
#1196=EDGE_CURVE('',#898,#941,#501,.T.);
#1197=EDGE_CURVE('',#940,#899,#502,.T.);
#1198=EDGE_CURVE('',#900,#939,#503,.T.);
#1199=EDGE_CURVE('',#904,#943,#504,.T.);
#1200=EDGE_CURVE('',#942,#905,#505,.T.);
#1201=EDGE_CURVE('',#902,#937,#506,.T.);
#1202=EDGE_CURVE('',#944,#903,#507,.T.);
#1203=EDGE_CURVE('',#938,#901,#508,.T.);
#1204=EDGE_CURVE('',#930,#945,#509,.T.);
#1205=EDGE_CURVE('',#945,#936,#67,.F.);
#1206=EDGE_CURVE('',#946,#928,#510,.T.);
#1207=EDGE_CURVE('',#945,#946,#511,.T.);
#1208=EDGE_CURVE('',#926,#947,#512,.T.);
#1209=EDGE_CURVE('',#947,#946,#68,.F.);
#1210=EDGE_CURVE('',#947,#933,#513,.T.);
#1211=EDGE_CURVE('',#948,#949,#514,.T.);
#1212=EDGE_CURVE('',#948,#950,#515,.T.);
#1213=EDGE_CURVE('',#951,#950,#516,.F.);
#1214=EDGE_CURVE('',#951,#952,#69,.T.);
#1215=EDGE_CURVE('',#953,#952,#517,.F.);
#1216=EDGE_CURVE('',#953,#954,#70,.T.);
#1217=EDGE_CURVE('',#955,#954,#518,.T.);
#1218=EDGE_CURVE('',#956,#955,#71,.T.);
#1219=EDGE_CURVE('',#957,#956,#519,.T.);
#1220=EDGE_CURVE('',#957,#958,#72,.T.);
#1221=EDGE_CURVE('',#959,#958,#520,.F.);
#1222=EDGE_CURVE('',#959,#949,#521,.T.);
#1223=EDGE_CURVE('',#960,#960,#73,.F.);
#1224=EDGE_CURVE('',#961,#961,#74,.F.);
#1225=EDGE_CURVE('',#962,#962,#75,.F.);
#1226=EDGE_CURVE('',#963,#963,#76,.F.);
#1227=EDGE_CURVE('',#964,#964,#77,.T.);
#1228=EDGE_CURVE('',#964,#963,#522,.T.);
#1229=EDGE_CURVE('',#965,#966,#523,.T.);
#1230=EDGE_CURVE('',#966,#967,#524,.T.);
#1231=EDGE_CURVE('',#967,#968,#525,.T.);
#1232=EDGE_CURVE('',#968,#965,#526,.T.);
#1233=EDGE_CURVE('',#969,#970,#527,.T.);
#1234=EDGE_CURVE('',#970,#971,#528,.T.);
#1235=EDGE_CURVE('',#971,#972,#529,.T.);
#1236=EDGE_CURVE('',#972,#969,#530,.T.);
#1237=EDGE_CURVE('',#973,#974,#531,.T.);
#1238=EDGE_CURVE('',#974,#970,#78,.T.);
#1239=EDGE_CURVE('',#969,#973,#79,.T.);
#1240=EDGE_CURVE('',#975,#976,#532,.T.);
#1241=EDGE_CURVE('',#976,#974,#533,.T.);
#1242=EDGE_CURVE('',#973,#975,#534,.T.);
#1243=EDGE_CURVE('',#977,#978,#535,.T.);
#1244=EDGE_CURVE('',#978,#976,#80,.T.);
#1245=EDGE_CURVE('',#975,#977,#81,.T.);
#1246=EDGE_CURVE('',#979,#967,#536,.T.);
#1247=EDGE_CURVE('',#967,#978,#537,.T.);
#1248=EDGE_CURVE('',#977,#979,#538,.T.);
#1249=EDGE_CURVE('',#971,#966,#82,.T.);
#1250=EDGE_CURVE('',#965,#972,#83,.T.);
#1251=EDGE_CURVE('',#979,#968,#84,.T.);
#1252=EDGE_CURVE('',#958,#975,#539,.T.);
#1253=EDGE_CURVE('',#957,#977,#540,.T.);
#1254=EDGE_CURVE('',#951,#973,#541,.T.);
#1255=EDGE_CURVE('',#950,#980,#542,.T.);
#1256=EDGE_CURVE('',#980,#981,#543,.T.);
#1257=EDGE_CURVE('',#981,#982,#85,.T.);
#1258=EDGE_CURVE('',#982,#983,#544,.T.);
#1259=EDGE_CURVE('',#983,#959,#545,.T.);
#1260=EDGE_CURVE('',#952,#969,#546,.T.);
#1261=EDGE_CURVE('',#953,#972,#547,.T.);
#1262=EDGE_CURVE('',#984,#984,#86,.F.);
#1263=EDGE_CURVE('',#985,#985,#87,.F.);
#1264=EDGE_CURVE('',#986,#986,#88,.F.);
#1265=EDGE_CURVE('',#949,#987,#548,.T.);
#1266=EDGE_CURVE('',#987,#988,#549,.T.);
#1267=EDGE_CURVE('',#988,#989,#89,.T.);
#1268=EDGE_CURVE('',#989,#990,#550,.T.);
#1269=EDGE_CURVE('',#990,#948,#551,.T.);
#1270=EDGE_CURVE('',#982,#988,#552,.T.);
#1271=EDGE_CURVE('',#981,#989,#553,.T.);
#1272=EDGE_CURVE('',#980,#990,#554,.T.);
#1273=EDGE_CURVE('',#983,#987,#555,.T.);
#1274=EDGE_CURVE('',#984,#962,#556,.T.);
#1275=EDGE_CURVE('',#985,#961,#557,.T.);
#1276=EDGE_CURVE('',#986,#960,#558,.T.);
#1277=EDGE_CURVE('',#954,#965,#559,.T.);
#1278=EDGE_CURVE('',#955,#968,#560,.T.);
#1279=EDGE_CURVE('',#956,#979,#561,.T.);
#1280=ORIENTED_EDGE('',*,*,#991,.F.);
#1281=ORIENTED_EDGE('',*,*,#992,.T.);
#1282=ORIENTED_EDGE('',*,*,#993,.T.);
#1283=ORIENTED_EDGE('',*,*,#994,.F.);
#1284=ORIENTED_EDGE('',*,*,#995,.F.);
#1285=ORIENTED_EDGE('',*,*,#996,.T.);
#1286=ORIENTED_EDGE('',*,*,#997,.T.);
#1287=ORIENTED_EDGE('',*,*,#992,.F.);
#1288=ORIENTED_EDGE('',*,*,#998,.F.);
#1289=ORIENTED_EDGE('',*,*,#999,.T.);
#1290=ORIENTED_EDGE('',*,*,#1000,.T.);
#1291=ORIENTED_EDGE('',*,*,#996,.F.);
#1292=ORIENTED_EDGE('',*,*,#1001,.F.);
#1293=ORIENTED_EDGE('',*,*,#1002,.T.);
#1294=ORIENTED_EDGE('',*,*,#1003,.T.);
#1295=ORIENTED_EDGE('',*,*,#999,.F.);
#1296=ORIENTED_EDGE('',*,*,#1004,.F.);
#1297=ORIENTED_EDGE('',*,*,#1005,.T.);
#1298=ORIENTED_EDGE('',*,*,#1006,.T.);
#1299=ORIENTED_EDGE('',*,*,#1002,.F.);
#1300=ORIENTED_EDGE('',*,*,#1007,.F.);
#1301=ORIENTED_EDGE('',*,*,#1008,.T.);
#1302=ORIENTED_EDGE('',*,*,#1009,.T.);
#1303=ORIENTED_EDGE('',*,*,#1005,.F.);
#1304=ORIENTED_EDGE('',*,*,#1010,.F.);
#1305=ORIENTED_EDGE('',*,*,#1011,.T.);
#1306=ORIENTED_EDGE('',*,*,#1012,.T.);
#1307=ORIENTED_EDGE('',*,*,#1008,.F.);
#1308=ORIENTED_EDGE('',*,*,#1013,.F.);
#1309=ORIENTED_EDGE('',*,*,#1014,.T.);
#1310=ORIENTED_EDGE('',*,*,#1015,.T.);
#1311=ORIENTED_EDGE('',*,*,#1011,.F.);
#1312=ORIENTED_EDGE('',*,*,#1016,.F.);
#1313=ORIENTED_EDGE('',*,*,#1017,.T.);
#1314=ORIENTED_EDGE('',*,*,#1018,.T.);
#1315=ORIENTED_EDGE('',*,*,#1014,.F.);
#1316=ORIENTED_EDGE('',*,*,#1019,.F.);
#1317=ORIENTED_EDGE('',*,*,#1020,.T.);
#1318=ORIENTED_EDGE('',*,*,#1021,.T.);
#1319=ORIENTED_EDGE('',*,*,#1017,.F.);
#1320=ORIENTED_EDGE('',*,*,#1022,.F.);
#1321=ORIENTED_EDGE('',*,*,#1023,.T.);
#1322=ORIENTED_EDGE('',*,*,#1024,.T.);
#1323=ORIENTED_EDGE('',*,*,#1020,.F.);
#1324=ORIENTED_EDGE('',*,*,#1025,.F.);
#1325=ORIENTED_EDGE('',*,*,#994,.T.);
#1326=ORIENTED_EDGE('',*,*,#1026,.T.);
#1327=ORIENTED_EDGE('',*,*,#1023,.F.);
#1328=ORIENTED_EDGE('',*,*,#1027,.F.);
#1329=ORIENTED_EDGE('',*,*,#1028,.T.);
#1330=ORIENTED_EDGE('',*,*,#1029,.T.);
#1331=ORIENTED_EDGE('',*,*,#1030,.F.);
#1332=ORIENTED_EDGE('',*,*,#1031,.F.);
#1333=ORIENTED_EDGE('',*,*,#1032,.T.);
#1334=ORIENTED_EDGE('',*,*,#1033,.T.);
#1335=ORIENTED_EDGE('',*,*,#1028,.F.);
#1336=ORIENTED_EDGE('',*,*,#1034,.F.);
#1337=ORIENTED_EDGE('',*,*,#1035,.T.);
#1338=ORIENTED_EDGE('',*,*,#1036,.T.);
#1339=ORIENTED_EDGE('',*,*,#1032,.F.);
#1340=ORIENTED_EDGE('',*,*,#1037,.F.);
#1341=ORIENTED_EDGE('',*,*,#1038,.T.);
#1342=ORIENTED_EDGE('',*,*,#1039,.T.);
#1343=ORIENTED_EDGE('',*,*,#1035,.F.);
#1344=ORIENTED_EDGE('',*,*,#1040,.F.);
#1345=ORIENTED_EDGE('',*,*,#1041,.T.);
#1346=ORIENTED_EDGE('',*,*,#1042,.T.);
#1347=ORIENTED_EDGE('',*,*,#1038,.F.);
#1348=ORIENTED_EDGE('',*,*,#1043,.F.);
#1349=ORIENTED_EDGE('',*,*,#1044,.T.);
#1350=ORIENTED_EDGE('',*,*,#1045,.T.);
#1351=ORIENTED_EDGE('',*,*,#1041,.F.);
#1352=ORIENTED_EDGE('',*,*,#1046,.F.);
#1353=ORIENTED_EDGE('',*,*,#1047,.T.);
#1354=ORIENTED_EDGE('',*,*,#1048,.T.);
#1355=ORIENTED_EDGE('',*,*,#1044,.F.);
#1356=ORIENTED_EDGE('',*,*,#1049,.F.);
#1357=ORIENTED_EDGE('',*,*,#1030,.T.);
#1358=ORIENTED_EDGE('',*,*,#1050,.T.);
#1359=ORIENTED_EDGE('',*,*,#1047,.F.);
#1360=ORIENTED_EDGE('',*,*,#1050,.F.);
#1361=ORIENTED_EDGE('',*,*,#1029,.F.);
#1362=ORIENTED_EDGE('',*,*,#1033,.F.);
#1363=ORIENTED_EDGE('',*,*,#1036,.F.);
#1364=ORIENTED_EDGE('',*,*,#1039,.F.);
#1365=ORIENTED_EDGE('',*,*,#1042,.F.);
#1366=ORIENTED_EDGE('',*,*,#1045,.F.);
#1367=ORIENTED_EDGE('',*,*,#1048,.F.);
#1368=ORIENTED_EDGE('',*,*,#1026,.F.);
#1369=ORIENTED_EDGE('',*,*,#993,.F.);
#1370=ORIENTED_EDGE('',*,*,#997,.F.);
#1371=ORIENTED_EDGE('',*,*,#1000,.F.);
#1372=ORIENTED_EDGE('',*,*,#1003,.F.);
#1373=ORIENTED_EDGE('',*,*,#1006,.F.);
#1374=ORIENTED_EDGE('',*,*,#1009,.F.);
#1375=ORIENTED_EDGE('',*,*,#1012,.F.);
#1376=ORIENTED_EDGE('',*,*,#1015,.F.);
#1377=ORIENTED_EDGE('',*,*,#1018,.F.);
#1378=ORIENTED_EDGE('',*,*,#1021,.F.);
#1379=ORIENTED_EDGE('',*,*,#1024,.F.);
#1380=ORIENTED_EDGE('',*,*,#1051,.F.);
#1381=ORIENTED_EDGE('',*,*,#1052,.T.);
#1382=ORIENTED_EDGE('',*,*,#1053,.T.);
#1383=ORIENTED_EDGE('',*,*,#1054,.F.);
#1384=ORIENTED_EDGE('',*,*,#1055,.F.);
#1385=ORIENTED_EDGE('',*,*,#1056,.T.);
#1386=ORIENTED_EDGE('',*,*,#1057,.T.);
#1387=ORIENTED_EDGE('',*,*,#1052,.F.);
#1388=ORIENTED_EDGE('',*,*,#1058,.F.);
#1389=ORIENTED_EDGE('',*,*,#1059,.T.);
#1390=ORIENTED_EDGE('',*,*,#1060,.T.);
#1391=ORIENTED_EDGE('',*,*,#1056,.F.);
#1392=ORIENTED_EDGE('',*,*,#1061,.F.);
#1393=ORIENTED_EDGE('',*,*,#1062,.T.);
#1394=ORIENTED_EDGE('',*,*,#1063,.T.);
#1395=ORIENTED_EDGE('',*,*,#1059,.F.);
#1396=ORIENTED_EDGE('',*,*,#1064,.F.);
#1397=ORIENTED_EDGE('',*,*,#1065,.T.);
#1398=ORIENTED_EDGE('',*,*,#1066,.T.);
#1399=ORIENTED_EDGE('',*,*,#1062,.F.);
#1400=ORIENTED_EDGE('',*,*,#1067,.F.);
#1401=ORIENTED_EDGE('',*,*,#1068,.T.);
#1402=ORIENTED_EDGE('',*,*,#1069,.T.);
#1403=ORIENTED_EDGE('',*,*,#1065,.F.);
#1404=ORIENTED_EDGE('',*,*,#1070,.F.);
#1405=ORIENTED_EDGE('',*,*,#1071,.T.);
#1406=ORIENTED_EDGE('',*,*,#1072,.T.);
#1407=ORIENTED_EDGE('',*,*,#1068,.F.);
#1408=ORIENTED_EDGE('',*,*,#1073,.F.);
#1409=ORIENTED_EDGE('',*,*,#1074,.T.);
#1410=ORIENTED_EDGE('',*,*,#1075,.T.);
#1411=ORIENTED_EDGE('',*,*,#1071,.F.);
#1412=ORIENTED_EDGE('',*,*,#1076,.F.);
#1413=ORIENTED_EDGE('',*,*,#1054,.T.);
#1414=ORIENTED_EDGE('',*,*,#1077,.T.);
#1415=ORIENTED_EDGE('',*,*,#1074,.F.);
#1416=ORIENTED_EDGE('',*,*,#1078,.F.);
#1417=ORIENTED_EDGE('',*,*,#1079,.T.);
#1418=ORIENTED_EDGE('',*,*,#1080,.T.);
#1419=ORIENTED_EDGE('',*,*,#1081,.F.);
#1420=ORIENTED_EDGE('',*,*,#1082,.F.);
#1421=ORIENTED_EDGE('',*,*,#1083,.T.);
#1422=ORIENTED_EDGE('',*,*,#1084,.T.);
#1423=ORIENTED_EDGE('',*,*,#1079,.F.);
#1424=ORIENTED_EDGE('',*,*,#1085,.F.);
#1425=ORIENTED_EDGE('',*,*,#1086,.T.);
#1426=ORIENTED_EDGE('',*,*,#1087,.T.);
#1427=ORIENTED_EDGE('',*,*,#1083,.F.);
#1428=ORIENTED_EDGE('',*,*,#1088,.F.);
#1429=ORIENTED_EDGE('',*,*,#1089,.T.);
#1430=ORIENTED_EDGE('',*,*,#1090,.T.);
#1431=ORIENTED_EDGE('',*,*,#1086,.F.);
#1432=ORIENTED_EDGE('',*,*,#1091,.F.);
#1433=ORIENTED_EDGE('',*,*,#1092,.T.);
#1434=ORIENTED_EDGE('',*,*,#1093,.T.);
#1435=ORIENTED_EDGE('',*,*,#1089,.F.);
#1436=ORIENTED_EDGE('',*,*,#1094,.F.);
#1437=ORIENTED_EDGE('',*,*,#1095,.T.);
#1438=ORIENTED_EDGE('',*,*,#1096,.T.);
#1439=ORIENTED_EDGE('',*,*,#1092,.F.);
#1440=ORIENTED_EDGE('',*,*,#1097,.F.);
#1441=ORIENTED_EDGE('',*,*,#1098,.T.);
#1442=ORIENTED_EDGE('',*,*,#1099,.T.);
#1443=ORIENTED_EDGE('',*,*,#1095,.F.);
#1444=ORIENTED_EDGE('',*,*,#1100,.F.);
#1445=ORIENTED_EDGE('',*,*,#1101,.T.);
#1446=ORIENTED_EDGE('',*,*,#1102,.T.);
#1447=ORIENTED_EDGE('',*,*,#1098,.F.);
#1448=ORIENTED_EDGE('',*,*,#1103,.F.);
#1449=ORIENTED_EDGE('',*,*,#1104,.T.);
#1450=ORIENTED_EDGE('',*,*,#1105,.T.);
#1451=ORIENTED_EDGE('',*,*,#1101,.F.);
#1452=ORIENTED_EDGE('',*,*,#1106,.F.);
#1453=ORIENTED_EDGE('',*,*,#1107,.T.);
#1454=ORIENTED_EDGE('',*,*,#1108,.T.);
#1455=ORIENTED_EDGE('',*,*,#1104,.F.);
#1456=ORIENTED_EDGE('',*,*,#1109,.F.);
#1457=ORIENTED_EDGE('',*,*,#1110,.T.);
#1458=ORIENTED_EDGE('',*,*,#1111,.T.);
#1459=ORIENTED_EDGE('',*,*,#1107,.F.);
#1460=ORIENTED_EDGE('',*,*,#1112,.F.);
#1461=ORIENTED_EDGE('',*,*,#1113,.T.);
#1462=ORIENTED_EDGE('',*,*,#1114,.T.);
#1463=ORIENTED_EDGE('',*,*,#1110,.F.);
#1464=ORIENTED_EDGE('',*,*,#1115,.F.);
#1465=ORIENTED_EDGE('',*,*,#1116,.T.);
#1466=ORIENTED_EDGE('',*,*,#1117,.T.);
#1467=ORIENTED_EDGE('',*,*,#1113,.F.);
#1468=ORIENTED_EDGE('',*,*,#1118,.F.);
#1469=ORIENTED_EDGE('',*,*,#1119,.T.);
#1470=ORIENTED_EDGE('',*,*,#1120,.T.);
#1471=ORIENTED_EDGE('',*,*,#1116,.F.);
#1472=ORIENTED_EDGE('',*,*,#1121,.F.);
#1473=ORIENTED_EDGE('',*,*,#1122,.T.);
#1474=ORIENTED_EDGE('',*,*,#1123,.T.);
#1475=ORIENTED_EDGE('',*,*,#1119,.F.);
#1476=ORIENTED_EDGE('',*,*,#1124,.F.);
#1477=ORIENTED_EDGE('',*,*,#1125,.T.);
#1478=ORIENTED_EDGE('',*,*,#1126,.T.);
#1479=ORIENTED_EDGE('',*,*,#1122,.F.);
#1480=ORIENTED_EDGE('',*,*,#1127,.F.);
#1481=ORIENTED_EDGE('',*,*,#1128,.T.);
#1482=ORIENTED_EDGE('',*,*,#1129,.T.);
#1483=ORIENTED_EDGE('',*,*,#1125,.F.);
#1484=ORIENTED_EDGE('',*,*,#1130,.F.);
#1485=ORIENTED_EDGE('',*,*,#1081,.T.);
#1486=ORIENTED_EDGE('',*,*,#1131,.T.);
#1487=ORIENTED_EDGE('',*,*,#1128,.F.);
#1488=ORIENTED_EDGE('',*,*,#1131,.F.);
#1489=ORIENTED_EDGE('',*,*,#1080,.F.);
#1490=ORIENTED_EDGE('',*,*,#1084,.F.);
#1491=ORIENTED_EDGE('',*,*,#1087,.F.);
#1492=ORIENTED_EDGE('',*,*,#1090,.F.);
#1493=ORIENTED_EDGE('',*,*,#1093,.F.);
#1494=ORIENTED_EDGE('',*,*,#1096,.F.);
#1495=ORIENTED_EDGE('',*,*,#1099,.F.);
#1496=ORIENTED_EDGE('',*,*,#1102,.F.);
#1497=ORIENTED_EDGE('',*,*,#1105,.F.);
#1498=ORIENTED_EDGE('',*,*,#1108,.F.);
#1499=ORIENTED_EDGE('',*,*,#1111,.F.);
#1500=ORIENTED_EDGE('',*,*,#1114,.F.);
#1501=ORIENTED_EDGE('',*,*,#1117,.F.);
#1502=ORIENTED_EDGE('',*,*,#1120,.F.);
#1503=ORIENTED_EDGE('',*,*,#1123,.F.);
#1504=ORIENTED_EDGE('',*,*,#1126,.F.);
#1505=ORIENTED_EDGE('',*,*,#1129,.F.);
#1506=ORIENTED_EDGE('',*,*,#1077,.F.);
#1507=ORIENTED_EDGE('',*,*,#1053,.F.);
#1508=ORIENTED_EDGE('',*,*,#1057,.F.);
#1509=ORIENTED_EDGE('',*,*,#1060,.F.);
#1510=ORIENTED_EDGE('',*,*,#1063,.F.);
#1511=ORIENTED_EDGE('',*,*,#1066,.F.);
#1512=ORIENTED_EDGE('',*,*,#1069,.F.);
#1513=ORIENTED_EDGE('',*,*,#1072,.F.);
#1514=ORIENTED_EDGE('',*,*,#1075,.F.);
#1515=ORIENTED_EDGE('',*,*,#1132,.T.);
#1516=ORIENTED_EDGE('',*,*,#1133,.T.);
#1517=ORIENTED_EDGE('',*,*,#1134,.T.);
#1518=ORIENTED_EDGE('',*,*,#1135,.T.);
#1519=ORIENTED_EDGE('',*,*,#1136,.T.);
#1520=ORIENTED_EDGE('',*,*,#1137,.T.);
#1521=ORIENTED_EDGE('',*,*,#1138,.T.);
#1522=ORIENTED_EDGE('',*,*,#1139,.T.);
#1523=ORIENTED_EDGE('',*,*,#1027,.T.);
#1524=ORIENTED_EDGE('',*,*,#1049,.T.);
#1525=ORIENTED_EDGE('',*,*,#1046,.T.);
#1526=ORIENTED_EDGE('',*,*,#1043,.T.);
#1527=ORIENTED_EDGE('',*,*,#1040,.T.);
#1528=ORIENTED_EDGE('',*,*,#1037,.T.);
#1529=ORIENTED_EDGE('',*,*,#1034,.T.);
#1530=ORIENTED_EDGE('',*,*,#1031,.T.);
#1531=ORIENTED_EDGE('',*,*,#1078,.T.);
#1532=ORIENTED_EDGE('',*,*,#1130,.T.);
#1533=ORIENTED_EDGE('',*,*,#1127,.T.);
#1534=ORIENTED_EDGE('',*,*,#1124,.T.);
#1535=ORIENTED_EDGE('',*,*,#1121,.T.);
#1536=ORIENTED_EDGE('',*,*,#1118,.T.);
#1537=ORIENTED_EDGE('',*,*,#1115,.T.);
#1538=ORIENTED_EDGE('',*,*,#1112,.T.);
#1539=ORIENTED_EDGE('',*,*,#1109,.T.);
#1540=ORIENTED_EDGE('',*,*,#1106,.T.);
#1541=ORIENTED_EDGE('',*,*,#1103,.T.);
#1542=ORIENTED_EDGE('',*,*,#1100,.T.);
#1543=ORIENTED_EDGE('',*,*,#1097,.T.);
#1544=ORIENTED_EDGE('',*,*,#1094,.T.);
#1545=ORIENTED_EDGE('',*,*,#1091,.T.);
#1546=ORIENTED_EDGE('',*,*,#1088,.T.);
#1547=ORIENTED_EDGE('',*,*,#1085,.T.);
#1548=ORIENTED_EDGE('',*,*,#1082,.T.);
#1549=ORIENTED_EDGE('',*,*,#1140,.T.);
#1550=ORIENTED_EDGE('',*,*,#1141,.T.);
#1551=ORIENTED_EDGE('',*,*,#1142,.T.);
#1552=ORIENTED_EDGE('',*,*,#1143,.T.);
#1553=ORIENTED_EDGE('',*,*,#1144,.T.);
#1554=ORIENTED_EDGE('',*,*,#1051,.T.);
#1555=ORIENTED_EDGE('',*,*,#1076,.T.);
#1556=ORIENTED_EDGE('',*,*,#1073,.T.);
#1557=ORIENTED_EDGE('',*,*,#1070,.T.);
#1558=ORIENTED_EDGE('',*,*,#1067,.T.);
#1559=ORIENTED_EDGE('',*,*,#1064,.T.);
#1560=ORIENTED_EDGE('',*,*,#1061,.T.);
#1561=ORIENTED_EDGE('',*,*,#1058,.T.);
#1562=ORIENTED_EDGE('',*,*,#1055,.T.);
#1563=ORIENTED_EDGE('',*,*,#1145,.F.);
#1564=ORIENTED_EDGE('',*,*,#1146,.F.);
#1565=ORIENTED_EDGE('',*,*,#1142,.F.);
#1566=ORIENTED_EDGE('',*,*,#1147,.T.);
#1567=ORIENTED_EDGE('',*,*,#1148,.F.);
#1568=ORIENTED_EDGE('',*,*,#1147,.F.);
#1569=ORIENTED_EDGE('',*,*,#1141,.F.);
#1570=ORIENTED_EDGE('',*,*,#1149,.T.);
#1571=ORIENTED_EDGE('',*,*,#1150,.F.);
#1572=ORIENTED_EDGE('',*,*,#1149,.F.);
#1573=ORIENTED_EDGE('',*,*,#1140,.F.);
#1574=ORIENTED_EDGE('',*,*,#1151,.T.);
#1575=ORIENTED_EDGE('',*,*,#1152,.F.);
#1576=ORIENTED_EDGE('',*,*,#1151,.F.);
#1577=ORIENTED_EDGE('',*,*,#1143,.F.);
#1578=ORIENTED_EDGE('',*,*,#1146,.T.);
#1579=ORIENTED_EDGE('',*,*,#1144,.F.);
#1580=ORIENTED_EDGE('',*,*,#1153,.T.);
#1581=ORIENTED_EDGE('',*,*,#1154,.F.);
#1582=ORIENTED_EDGE('',*,*,#1153,.F.);
#1583=ORIENTED_EDGE('',*,*,#1155,.T.);
#1584=ORIENTED_EDGE('',*,*,#1156,.T.);
#1585=ORIENTED_EDGE('',*,*,#1157,.T.);
#1586=ORIENTED_EDGE('',*,*,#1158,.T.);
#1587=ORIENTED_EDGE('',*,*,#1155,.F.);
#1588=ORIENTED_EDGE('',*,*,#1159,.T.);
#1589=ORIENTED_EDGE('',*,*,#1160,.T.);
#1590=ORIENTED_EDGE('',*,*,#1161,.T.);
#1591=ORIENTED_EDGE('',*,*,#1162,.T.);
#1592=ORIENTED_EDGE('',*,*,#1163,.T.);
#1593=ORIENTED_EDGE('',*,*,#1160,.F.);
#1594=ORIENTED_EDGE('',*,*,#1164,.T.);
#1595=ORIENTED_EDGE('',*,*,#1162,.F.);
#1596=ORIENTED_EDGE('',*,*,#1165,.T.);
#1597=ORIENTED_EDGE('',*,*,#1166,.T.);
#1598=ORIENTED_EDGE('',*,*,#1167,.T.);
#1599=ORIENTED_EDGE('',*,*,#1168,.T.);
#1600=ORIENTED_EDGE('',*,*,#1169,.T.);
#1601=ORIENTED_EDGE('',*,*,#1166,.F.);
#1602=ORIENTED_EDGE('',*,*,#1170,.T.);
#1603=ORIENTED_EDGE('',*,*,#1168,.F.);
#1604=ORIENTED_EDGE('',*,*,#1171,.T.);
#1605=ORIENTED_EDGE('',*,*,#1172,.T.);
#1606=ORIENTED_EDGE('',*,*,#1173,.T.);
#1607=ORIENTED_EDGE('',*,*,#1174,.T.);
#1608=ORIENTED_EDGE('',*,*,#1175,.T.);
#1609=ORIENTED_EDGE('',*,*,#1172,.F.);
#1610=ORIENTED_EDGE('',*,*,#1176,.T.);
#1611=ORIENTED_EDGE('',*,*,#1174,.F.);
#1612=ORIENTED_EDGE('',*,*,#1177,.T.);
#1613=ORIENTED_EDGE('',*,*,#1157,.F.);
#1614=ORIENTED_EDGE('',*,*,#1178,.T.);
#1615=ORIENTED_EDGE('',*,*,#1165,.F.);
#1616=ORIENTED_EDGE('',*,*,#1179,.T.);
#1617=ORIENTED_EDGE('',*,*,#1180,.T.);
#1618=ORIENTED_EDGE('',*,*,#1181,.T.);
#1619=ORIENTED_EDGE('',*,*,#1164,.F.);
#1620=ORIENTED_EDGE('',*,*,#1182,.F.);
#1621=ORIENTED_EDGE('',*,*,#1183,.F.);
#1622=ORIENTED_EDGE('',*,*,#1179,.F.);
#1623=ORIENTED_EDGE('',*,*,#1159,.F.);
#1624=ORIENTED_EDGE('',*,*,#1184,.T.);
#1625=ORIENTED_EDGE('',*,*,#1185,.T.);
#1626=ORIENTED_EDGE('',*,*,#1182,.T.);
#1627=ORIENTED_EDGE('',*,*,#1158,.F.);
#1628=ORIENTED_EDGE('',*,*,#1186,.F.);
#1629=ORIENTED_EDGE('',*,*,#1187,.F.);
#1630=ORIENTED_EDGE('',*,*,#1184,.F.);
#1631=ORIENTED_EDGE('',*,*,#1156,.F.);
#1632=ORIENTED_EDGE('',*,*,#1161,.F.);
#1633=ORIENTED_EDGE('',*,*,#1163,.F.);
#1634=ORIENTED_EDGE('',*,*,#1167,.F.);
#1635=ORIENTED_EDGE('',*,*,#1169,.F.);
#1636=ORIENTED_EDGE('',*,*,#1173,.F.);
#1637=ORIENTED_EDGE('',*,*,#1175,.F.);
#1638=ORIENTED_EDGE('',*,*,#1178,.F.);
#1639=ORIENTED_EDGE('',*,*,#1188,.T.);
#1640=ORIENTED_EDGE('',*,*,#1189,.F.);
#1641=ORIENTED_EDGE('',*,*,#1190,.T.);
#1642=ORIENTED_EDGE('',*,*,#1191,.F.);
#1643=ORIENTED_EDGE('',*,*,#1192,.T.);
#1644=ORIENTED_EDGE('',*,*,#1193,.F.);
#1645=ORIENTED_EDGE('',*,*,#1194,.T.);
#1646=ORIENTED_EDGE('',*,*,#1195,.F.);
#1647=ORIENTED_EDGE('',*,*,#1132,.F.);
#1648=ORIENTED_EDGE('',*,*,#1196,.T.);
#1649=ORIENTED_EDGE('',*,*,#1191,.T.);
#1650=ORIENTED_EDGE('',*,*,#1197,.T.);
#1651=ORIENTED_EDGE('',*,*,#1197,.F.);
#1652=ORIENTED_EDGE('',*,*,#1190,.F.);
#1653=ORIENTED_EDGE('',*,*,#1198,.F.);
#1654=ORIENTED_EDGE('',*,*,#1133,.F.);
#1655=ORIENTED_EDGE('',*,*,#1138,.F.);
#1656=ORIENTED_EDGE('',*,*,#1199,.T.);
#1657=ORIENTED_EDGE('',*,*,#1193,.T.);
#1658=ORIENTED_EDGE('',*,*,#1200,.T.);
#1659=ORIENTED_EDGE('',*,*,#1196,.F.);
#1660=ORIENTED_EDGE('',*,*,#1139,.F.);
#1661=ORIENTED_EDGE('',*,*,#1200,.F.);
#1662=ORIENTED_EDGE('',*,*,#1192,.F.);
#1663=ORIENTED_EDGE('',*,*,#1136,.F.);
#1664=ORIENTED_EDGE('',*,*,#1201,.T.);
#1665=ORIENTED_EDGE('',*,*,#1195,.T.);
#1666=ORIENTED_EDGE('',*,*,#1202,.T.);
#1667=ORIENTED_EDGE('',*,*,#1199,.F.);
#1668=ORIENTED_EDGE('',*,*,#1137,.F.);
#1669=ORIENTED_EDGE('',*,*,#1202,.F.);
#1670=ORIENTED_EDGE('',*,*,#1194,.F.);
#1671=ORIENTED_EDGE('',*,*,#1134,.F.);
#1672=ORIENTED_EDGE('',*,*,#1198,.T.);
#1673=ORIENTED_EDGE('',*,*,#1189,.T.);
#1674=ORIENTED_EDGE('',*,*,#1203,.T.);
#1675=ORIENTED_EDGE('',*,*,#1201,.F.);
#1676=ORIENTED_EDGE('',*,*,#1135,.F.);
#1677=ORIENTED_EDGE('',*,*,#1203,.F.);
#1678=ORIENTED_EDGE('',*,*,#1188,.F.);
#1679=ORIENTED_EDGE('',*,*,#1177,.F.);
#1680=ORIENTED_EDGE('',*,*,#1204,.T.);
#1681=ORIENTED_EDGE('',*,*,#1205,.T.);
#1682=ORIENTED_EDGE('',*,*,#1186,.T.);
#1683=ORIENTED_EDGE('',*,*,#1176,.F.);
#1684=ORIENTED_EDGE('',*,*,#1206,.F.);
#1685=ORIENTED_EDGE('',*,*,#1207,.F.);
#1686=ORIENTED_EDGE('',*,*,#1204,.F.);
#1687=ORIENTED_EDGE('',*,*,#1171,.F.);
#1688=ORIENTED_EDGE('',*,*,#1208,.T.);
#1689=ORIENTED_EDGE('',*,*,#1209,.T.);
#1690=ORIENTED_EDGE('',*,*,#1206,.T.);
#1691=ORIENTED_EDGE('',*,*,#1170,.F.);
#1692=ORIENTED_EDGE('',*,*,#1181,.F.);
#1693=ORIENTED_EDGE('',*,*,#1210,.F.);
#1694=ORIENTED_EDGE('',*,*,#1208,.F.);
#1695=ORIENTED_EDGE('',*,*,#1211,.F.);
#1696=ORIENTED_EDGE('',*,*,#1212,.T.);
#1697=ORIENTED_EDGE('',*,*,#1213,.F.);
#1698=ORIENTED_EDGE('',*,*,#1214,.T.);
#1699=ORIENTED_EDGE('',*,*,#1215,.F.);
#1700=ORIENTED_EDGE('',*,*,#1216,.T.);
#1701=ORIENTED_EDGE('',*,*,#1217,.F.);
#1702=ORIENTED_EDGE('',*,*,#1218,.F.);
#1703=ORIENTED_EDGE('',*,*,#1219,.F.);
#1704=ORIENTED_EDGE('',*,*,#1220,.T.);
#1705=ORIENTED_EDGE('',*,*,#1221,.F.);
#1706=ORIENTED_EDGE('',*,*,#1222,.T.);
#1707=ORIENTED_EDGE('',*,*,#1223,.F.);
#1708=ORIENTED_EDGE('',*,*,#1224,.F.);
#1709=ORIENTED_EDGE('',*,*,#1225,.F.);
#1710=ORIENTED_EDGE('',*,*,#1226,.T.);
#1711=ORIENTED_EDGE('',*,*,#1210,.T.);
#1712=ORIENTED_EDGE('',*,*,#1180,.F.);
#1713=ORIENTED_EDGE('',*,*,#1183,.T.);
#1714=ORIENTED_EDGE('',*,*,#1185,.F.);
#1715=ORIENTED_EDGE('',*,*,#1187,.T.);
#1716=ORIENTED_EDGE('',*,*,#1205,.F.);
#1717=ORIENTED_EDGE('',*,*,#1207,.T.);
#1718=ORIENTED_EDGE('',*,*,#1209,.F.);
#1719=ORIENTED_EDGE('',*,*,#1227,.F.);
#1720=ORIENTED_EDGE('',*,*,#1228,.T.);
#1721=ORIENTED_EDGE('',*,*,#1226,.F.);
#1722=ORIENTED_EDGE('',*,*,#1228,.F.);
#1723=ORIENTED_EDGE('',*,*,#1229,.T.);
#1724=ORIENTED_EDGE('',*,*,#1230,.T.);
#1725=ORIENTED_EDGE('',*,*,#1231,.T.);
#1726=ORIENTED_EDGE('',*,*,#1232,.T.);
#1727=ORIENTED_EDGE('',*,*,#1233,.T.);
#1728=ORIENTED_EDGE('',*,*,#1234,.T.);
#1729=ORIENTED_EDGE('',*,*,#1235,.T.);
#1730=ORIENTED_EDGE('',*,*,#1236,.T.);
#1731=ORIENTED_EDGE('',*,*,#1237,.T.);
#1732=ORIENTED_EDGE('',*,*,#1238,.T.);
#1733=ORIENTED_EDGE('',*,*,#1233,.F.);
#1734=ORIENTED_EDGE('',*,*,#1239,.T.);
#1735=ORIENTED_EDGE('',*,*,#1240,.T.);
#1736=ORIENTED_EDGE('',*,*,#1241,.T.);
#1737=ORIENTED_EDGE('',*,*,#1237,.F.);
#1738=ORIENTED_EDGE('',*,*,#1242,.T.);
#1739=ORIENTED_EDGE('',*,*,#1243,.T.);
#1740=ORIENTED_EDGE('',*,*,#1244,.T.);
#1741=ORIENTED_EDGE('',*,*,#1240,.F.);
#1742=ORIENTED_EDGE('',*,*,#1245,.T.);
#1743=ORIENTED_EDGE('',*,*,#1246,.T.);
#1744=ORIENTED_EDGE('',*,*,#1247,.T.);
#1745=ORIENTED_EDGE('',*,*,#1243,.F.);
#1746=ORIENTED_EDGE('',*,*,#1248,.T.);
#1747=ORIENTED_EDGE('',*,*,#1235,.F.);
#1748=ORIENTED_EDGE('',*,*,#1249,.T.);
#1749=ORIENTED_EDGE('',*,*,#1229,.F.);
#1750=ORIENTED_EDGE('',*,*,#1250,.T.);
#1751=ORIENTED_EDGE('',*,*,#1231,.F.);
#1752=ORIENTED_EDGE('',*,*,#1246,.F.);
#1753=ORIENTED_EDGE('',*,*,#1251,.T.);
#1754=ORIENTED_EDGE('',*,*,#1245,.F.);
#1755=ORIENTED_EDGE('',*,*,#1252,.F.);
#1756=ORIENTED_EDGE('',*,*,#1220,.F.);
#1757=ORIENTED_EDGE('',*,*,#1253,.T.);
#1758=ORIENTED_EDGE('',*,*,#1242,.F.);
#1759=ORIENTED_EDGE('',*,*,#1254,.F.);
#1760=ORIENTED_EDGE('',*,*,#1213,.T.);
#1761=ORIENTED_EDGE('',*,*,#1255,.T.);
#1762=ORIENTED_EDGE('',*,*,#1256,.T.);
#1763=ORIENTED_EDGE('',*,*,#1257,.T.);
#1764=ORIENTED_EDGE('',*,*,#1258,.T.);
#1765=ORIENTED_EDGE('',*,*,#1259,.T.);
#1766=ORIENTED_EDGE('',*,*,#1221,.T.);
#1767=ORIENTED_EDGE('',*,*,#1252,.T.);
#1768=ORIENTED_EDGE('',*,*,#1239,.F.);
#1769=ORIENTED_EDGE('',*,*,#1260,.F.);
#1770=ORIENTED_EDGE('',*,*,#1214,.F.);
#1771=ORIENTED_EDGE('',*,*,#1254,.T.);
#1772=ORIENTED_EDGE('',*,*,#1236,.F.);
#1773=ORIENTED_EDGE('',*,*,#1261,.F.);
#1774=ORIENTED_EDGE('',*,*,#1215,.T.);
#1775=ORIENTED_EDGE('',*,*,#1260,.T.);
#1776=ORIENTED_EDGE('',*,*,#1234,.F.);
#1777=ORIENTED_EDGE('',*,*,#1238,.F.);
#1778=ORIENTED_EDGE('',*,*,#1241,.F.);
#1779=ORIENTED_EDGE('',*,*,#1244,.F.);
#1780=ORIENTED_EDGE('',*,*,#1247,.F.);
#1781=ORIENTED_EDGE('',*,*,#1230,.F.);
#1782=ORIENTED_EDGE('',*,*,#1249,.F.);
#1783=ORIENTED_EDGE('',*,*,#1150,.T.);
#1784=ORIENTED_EDGE('',*,*,#1152,.T.);
#1785=ORIENTED_EDGE('',*,*,#1145,.T.);
#1786=ORIENTED_EDGE('',*,*,#1148,.T.);
#1787=ORIENTED_EDGE('',*,*,#1154,.T.);
#1788=ORIENTED_EDGE('',*,*,#1227,.T.);
#1789=ORIENTED_EDGE('',*,*,#1262,.T.);
#1790=ORIENTED_EDGE('',*,*,#1263,.T.);
#1791=ORIENTED_EDGE('',*,*,#1264,.T.);
#1792=ORIENTED_EDGE('',*,*,#1211,.T.);
#1793=ORIENTED_EDGE('',*,*,#1265,.T.);
#1794=ORIENTED_EDGE('',*,*,#1266,.T.);
#1795=ORIENTED_EDGE('',*,*,#1267,.T.);
#1796=ORIENTED_EDGE('',*,*,#1268,.T.);
#1797=ORIENTED_EDGE('',*,*,#1269,.T.);
#1798=ORIENTED_EDGE('',*,*,#1267,.F.);
#1799=ORIENTED_EDGE('',*,*,#1270,.F.);
#1800=ORIENTED_EDGE('',*,*,#1257,.F.);
#1801=ORIENTED_EDGE('',*,*,#1271,.T.);
#1802=ORIENTED_EDGE('',*,*,#1255,.F.);
#1803=ORIENTED_EDGE('',*,*,#1212,.F.);
#1804=ORIENTED_EDGE('',*,*,#1269,.F.);
#1805=ORIENTED_EDGE('',*,*,#1272,.F.);
#1806=ORIENTED_EDGE('',*,*,#1256,.F.);
#1807=ORIENTED_EDGE('',*,*,#1272,.T.);
#1808=ORIENTED_EDGE('',*,*,#1268,.F.);
#1809=ORIENTED_EDGE('',*,*,#1271,.F.);
#1810=ORIENTED_EDGE('',*,*,#991,.T.);
#1811=ORIENTED_EDGE('',*,*,#1025,.T.);
#1812=ORIENTED_EDGE('',*,*,#1022,.T.);
#1813=ORIENTED_EDGE('',*,*,#1019,.T.);
#1814=ORIENTED_EDGE('',*,*,#1016,.T.);
#1815=ORIENTED_EDGE('',*,*,#1013,.T.);
#1816=ORIENTED_EDGE('',*,*,#1010,.T.);
#1817=ORIENTED_EDGE('',*,*,#1007,.T.);
#1818=ORIENTED_EDGE('',*,*,#1004,.T.);
#1819=ORIENTED_EDGE('',*,*,#1001,.T.);
#1820=ORIENTED_EDGE('',*,*,#998,.T.);
#1821=ORIENTED_EDGE('',*,*,#995,.T.);
#1822=ORIENTED_EDGE('',*,*,#1258,.F.);
#1823=ORIENTED_EDGE('',*,*,#1270,.T.);
#1824=ORIENTED_EDGE('',*,*,#1266,.F.);
#1825=ORIENTED_EDGE('',*,*,#1273,.F.);
#1826=ORIENTED_EDGE('',*,*,#1259,.F.);
#1827=ORIENTED_EDGE('',*,*,#1273,.T.);
#1828=ORIENTED_EDGE('',*,*,#1265,.F.);
#1829=ORIENTED_EDGE('',*,*,#1222,.F.);
#1830=ORIENTED_EDGE('',*,*,#1262,.F.);
#1831=ORIENTED_EDGE('',*,*,#1274,.T.);
#1832=ORIENTED_EDGE('',*,*,#1225,.T.);
#1833=ORIENTED_EDGE('',*,*,#1274,.F.);
#1834=ORIENTED_EDGE('',*,*,#1263,.F.);
#1835=ORIENTED_EDGE('',*,*,#1275,.T.);
#1836=ORIENTED_EDGE('',*,*,#1224,.T.);
#1837=ORIENTED_EDGE('',*,*,#1275,.F.);
#1838=ORIENTED_EDGE('',*,*,#1264,.F.);
#1839=ORIENTED_EDGE('',*,*,#1276,.T.);
#1840=ORIENTED_EDGE('',*,*,#1223,.T.);
#1841=ORIENTED_EDGE('',*,*,#1276,.F.);
#1842=ORIENTED_EDGE('',*,*,#1250,.F.);
#1843=ORIENTED_EDGE('',*,*,#1277,.F.);
#1844=ORIENTED_EDGE('',*,*,#1216,.F.);
#1845=ORIENTED_EDGE('',*,*,#1261,.T.);
#1846=ORIENTED_EDGE('',*,*,#1232,.F.);
#1847=ORIENTED_EDGE('',*,*,#1278,.F.);
#1848=ORIENTED_EDGE('',*,*,#1217,.T.);
#1849=ORIENTED_EDGE('',*,*,#1277,.T.);
#1850=ORIENTED_EDGE('',*,*,#1251,.F.);
#1851=ORIENTED_EDGE('',*,*,#1279,.F.);
#1852=ORIENTED_EDGE('',*,*,#1218,.T.);
#1853=ORIENTED_EDGE('',*,*,#1278,.T.);
#1854=ORIENTED_EDGE('',*,*,#1248,.F.);
#1855=ORIENTED_EDGE('',*,*,#1253,.F.);
#1856=ORIENTED_EDGE('',*,*,#1219,.T.);
#1857=ORIENTED_EDGE('',*,*,#1279,.T.);
#1858=B_SPLINE_SURFACE_WITH_KNOTS('',3,1,((#2554,#2555),(#2556,#2557),(#2558,
#2559),(#2560,#2561),(#2562,#2563)),.UNSPECIFIED.,.F.,.F.,.F.,(4,1,4),(2,
2),(0.,0.0584530174261715,0.0997049262426116),(0.,0.04),.UNSPECIFIED.);
#1859=B_SPLINE_SURFACE_WITH_KNOTS('',3,1,((#2580,#2581),(#2582,#2583),(#2584,
#2585),(#2586,#2587),(#2588,#2589)),.UNSPECIFIED.,.F.,.F.,.F.,(4,1,4),(2,
2),(0.,0.148514366635121,0.242823451454155),(0.,0.04),.UNSPECIFIED.);
#1860=B_SPLINE_SURFACE_WITH_KNOTS('',3,1,((#2603,#2604),(#2605,#2606),(#2607,
#2608),(#2609,#2610),(#2611,#2612)),.UNSPECIFIED.,.F.,.F.,.F.,(4,1,4),(2,
2),(0.,0.100352418004586,0.250842982564609),(0.,0.04),.UNSPECIFIED.);
#1861=B_SPLINE_SURFACE_WITH_KNOTS('',3,1,((#2626,#2627),(#2628,#2629),(#2630,
#2631),(#2632,#2633),(#2634,#2635)),.UNSPECIFIED.,.F.,.F.,.F.,(4,1,4),(2,
2),(0.,0.039298722833831,0.0910732080100443),(0.,0.04),.UNSPECIFIED.);
#1862=B_SPLINE_SURFACE_WITH_KNOTS('',3,1,((#2649,#2650),(#2651,#2652),(#2653,
#2654),(#2655,#2656),(#2657,#2658)),.UNSPECIFIED.,.F.,.F.,.F.,(4,1,4),(2,
2),(0.,0.0333760122866293,0.0669440652976879),(0.,0.04),.UNSPECIFIED.);
#1863=B_SPLINE_SURFACE_WITH_KNOTS('',3,1,((#2672,#2673),(#2674,#2675),(#2676,
#2677),(#2678,#2679),(#2680,#2681)),.UNSPECIFIED.,.F.,.F.,.F.,(4,1,4),(2,
2),(0.,0.0332194025492156,0.0664972634636385),(0.,0.04),.UNSPECIFIED.);
#1864=B_SPLINE_SURFACE_WITH_KNOTS('',3,1,((#2695,#2696),(#2697,#2698),(#2699,
#2700),(#2701,#2702),(#2703,#2704)),.UNSPECIFIED.,.F.,.F.,.F.,(4,1,4),(2,
2),(0.,0.0583728985297459,0.0994199268063372),(0.,0.04),.UNSPECIFIED.);
#1865=B_SPLINE_SURFACE_WITH_KNOTS('',3,1,((#2718,#2719),(#2720,#2721),(#2722,
#2723),(#2724,#2725),(#2726,#2727)),.UNSPECIFIED.,.F.,.F.,.F.,(4,1,4),(2,
2),(0.,0.148514307057044,0.242823450884885),(0.,0.04),.UNSPECIFIED.);
#1866=B_SPLINE_SURFACE_WITH_KNOTS('',3,1,((#2741,#2742),(#2743,#2744),(#2745,
#2746),(#2747,#2748),(#2749,#2750)),.UNSPECIFIED.,.F.,.F.,.F.,(4,1,4),(2,
2),(0.,0.100858428819096,0.251519426352542),(0.,0.04),.UNSPECIFIED.);
#1867=B_SPLINE_SURFACE_WITH_KNOTS('',3,1,((#2764,#2765),(#2766,#2767),(#2768,
#2769),(#2770,#2771),(#2772,#2773)),.UNSPECIFIED.,.F.,.F.,.F.,(4,1,4),(2,
2),(0.,0.0392987932504007,0.0910732504997091),(0.,0.04),.UNSPECIFIED.);
#1868=B_SPLINE_SURFACE_WITH_KNOTS('',3,1,((#2787,#2788),(#2789,#2790),(#2791,
#2792),(#2793,#2794),(#2795,#2796)),.UNSPECIFIED.,.F.,.F.,.F.,(4,1,4),(2,
2),(0.,0.0333761100452598,0.0669441925795656),(0.,0.04),.UNSPECIFIED.);
#1869=B_SPLINE_SURFACE_WITH_KNOTS('',3,1,((#2810,#2811),(#2812,#2813),(#2814,
#2815),(#2816,#2817),(#2818,#2819)),.UNSPECIFIED.,.F.,.F.,.F.,(4,1,4),(2,
2),(0.,0.0333460719521159,0.0666380211388788),(0.,0.04),.UNSPECIFIED.);
#1870=B_SPLINE_SURFACE_WITH_KNOTS('',3,1,((#2830,#2831),(#2832,#2833),(#2834,
#2835),(#2836,#2837),(#2838,#2839)),.UNSPECIFIED.,.F.,.F.,.F.,(4,1,4),(2,
2),(0.,0.244076138021268,0.423599046999078),(0.,0.04),.UNSPECIFIED.);
#1871=B_SPLINE_SURFACE_WITH_KNOTS('',3,1,((#2856,#2857),(#2858,#2859),(#2860,
#2861),(#2862,#2863),(#2864,#2865)),.UNSPECIFIED.,.F.,.F.,.F.,(4,1,4),(2,
2),(0.,0.169898990361279,0.414865824835326),(0.,0.04),.UNSPECIFIED.);
#1872=B_SPLINE_SURFACE_WITH_KNOTS('',3,1,((#2879,#2880),(#2881,#2882),(#2883,
#2884),(#2885,#2886),(#2887,#2888)),.UNSPECIFIED.,.F.,.F.,.F.,(4,1,4),(2,
2),(0.,0.134773124451798,0.268180174350791),(0.,0.04),.UNSPECIFIED.);
#1873=B_SPLINE_SURFACE_WITH_KNOTS('',3,1,((#2902,#2903),(#2904,#2905),(#2906,
#2907),(#2908,#2909),(#2910,#2911)),.UNSPECIFIED.,.F.,.F.,.F.,(4,1,4),(2,
2),(0.,0.123844309140796,0.25561427049153),(0.,0.04),.UNSPECIFIED.);
#1874=B_SPLINE_SURFACE_WITH_KNOTS('',3,1,((#2925,#2926),(#2927,#2928),(#2929,
#2930),(#2931,#2932),(#2933,#2934)),.UNSPECIFIED.,.F.,.F.,.F.,(4,1,4),(2,
2),(0.,0.245094141272002,0.42492817152748),(0.,0.04),.UNSPECIFIED.);
#1875=B_SPLINE_SURFACE_WITH_KNOTS('',3,1,((#2948,#2949),(#2950,#2951),(#2952,
#2953),(#2954,#2955),(#2956,#2957)),.UNSPECIFIED.,.F.,.F.,.F.,(4,1,4),(2,
2),(0.,0.178846599162783,0.424093402521166),(0.,0.04),.UNSPECIFIED.);
#1876=B_SPLINE_SURFACE_WITH_KNOTS('',3,1,((#2971,#2972),(#2973,#2974),(#2975,
#2976),(#2977,#2978),(#2979,#2980)),.UNSPECIFIED.,.F.,.F.,.F.,(4,1,4),(2,
2),(0.,0.132003739792325,0.256884543541916),(0.,0.04),.UNSPECIFIED.);
#1877=B_SPLINE_SURFACE_WITH_KNOTS('',3,1,((#2994,#2995),(#2996,#2997),(#2998,
#2999),(#3000,#3001),(#3002,#3003)),.UNSPECIFIED.,.F.,.F.,.F.,(4,1,4),(2,
2),(0.,0.123844347305663,0.255614302871032),(0.,0.04),.UNSPECIFIED.);
#1878=B_SPLINE_SURFACE_WITH_KNOTS('',3,1,((#3024,#3025),(#3026,#3027),(#3028,
#3029),(#3030,#3031),(#3032,#3033)),.UNSPECIFIED.,.F.,.F.,.F.,(4,1,4),(2,
2),(0.,0.0491798431635248,0.1474099717721),(0.,0.04),.UNSPECIFIED.);
#1879=B_SPLINE_SURFACE_WITH_KNOTS('',3,1,((#3047,#3048),(#3049,#3050),(#3051,
#3052),(#3053,#3054),(#3055,#3056)),.UNSPECIFIED.,.F.,.F.,.F.,(4,1,4),(2,
2),(0.,0.0411906152508851,0.0869245803975152),(0.,0.04),.UNSPECIFIED.);
#1880=B_SPLINE_SURFACE_WITH_KNOTS('',3,1,((#3070,#3071),(#3072,#3073),(#3074,
#3075),(#3076,#3077),(#3078,#3079)),.UNSPECIFIED.,.F.,.F.,.F.,(4,1,4),(2,
2),(0.,0.0461119365147348,0.0873061000013199),(0.,0.04),.UNSPECIFIED.);
#1881=B_SPLINE_SURFACE_WITH_KNOTS('',3,1,((#3093,#3094),(#3095,#3096),(#3097,
#3098),(#3099,#3100),(#3101,#3102)),.UNSPECIFIED.,.F.,.F.,.F.,(4,1,4),(2,
2),(0.,0.0370898467774313,0.0786745116493587),(0.,0.04),.UNSPECIFIED.);
#1882=B_SPLINE_SURFACE_WITH_KNOTS('',3,1,((#3116,#3117),(#3118,#3119),(#3120,
#3121),(#3122,#3123),(#3124,#3125)),.UNSPECIFIED.,.F.,.F.,.F.,(4,1,4),(2,
2),(0.,0.0363057549510837,0.0716470344899475),(0.,0.04),.UNSPECIFIED.);
#1883=B_SPLINE_SURFACE_WITH_KNOTS('',3,1,((#3139,#3140),(#3141,#3142),(#3143,
#3144),(#3145,#3146),(#3147,#3148)),.UNSPECIFIED.,.F.,.F.,.F.,(4,1,4),(2,
2),(0.,0.118048083668149,0.182150906054171),(0.,0.04),.UNSPECIFIED.);
#1884=B_SPLINE_SURFACE_WITH_KNOTS('',3,1,((#3186,#3187),(#3188,#3189),(#3190,
#3191),(#3192,#3193),(#3194,#3195)),.UNSPECIFIED.,.F.,.F.,.F.,(4,1,4),(2,
2),(0.,0.0422903202884085,0.102553874666333),(0.,0.04),.UNSPECIFIED.);
#1885=B_SPLINE_SURFACE_WITH_KNOTS('',3,1,((#3209,#3210),(#3211,#3212),(#3213,
#3214),(#3215,#3216),(#3217,#3218)),.UNSPECIFIED.,.F.,.F.,.F.,(4,1,4),(2,
2),(0.,0.0390474039786435,0.0741309941230318),(0.,0.04),.UNSPECIFIED.);
#1886=B_SPLINE_SURFACE_WITH_KNOTS('',3,1,((#3232,#3233),(#3234,#3235),(#3236,
#3237),(#3238,#3239),(#3240,#3241)),.UNSPECIFIED.,.F.,.F.,.F.,(4,1,4),(2,
2),(0.,0.115441759557349,0.181559079059278),(0.,0.04),.UNSPECIFIED.);
#1887=B_SPLINE_SURFACE_WITH_KNOTS('',3,1,((#3273,#3274),(#3275,#3276),(#3277,
#3278),(#3279,#3280),(#3281,#3282)),.UNSPECIFIED.,.F.,.F.,.F.,(4,1,4),(2,
2),(0.,0.0808052126417947,0.199098437470891),(0.,0.04),.UNSPECIFIED.);
#1888=B_SPLINE_SURFACE_WITH_KNOTS('',3,1,((#3296,#3297),(#3298,#3299),(#3300,
#3301),(#3302,#3303),(#3304,#3305)),.UNSPECIFIED.,.F.,.F.,.F.,(4,1,4),(2,
2),(0.,0.0719627704744158,0.137216905333225),(0.,0.04),.UNSPECIFIED.);
#1889=B_SPLINE_SURFACE_WITH_KNOTS('',3,1,((#3319,#3320),(#3321,#3322),(#3323,
#3324),(#3325,#3326),(#3327,#3328)),.UNSPECIFIED.,.F.,.F.,.F.,(4,1,4),(2,
2),(0.,0.101907182120286,0.221723195249476),(0.,0.04),.UNSPECIFIED.);
#1890=B_SPLINE_SURFACE_WITH_KNOTS('',3,1,((#3342,#3343),(#3344,#3345),(#3346,
#3347),(#3348,#3349),(#3350,#3351)),.UNSPECIFIED.,.F.,.F.,.F.,(4,1,4),(2,
2),(0.,0.104068637617699,0.200887755142129),(0.,0.04),.UNSPECIFIED.);
#1891=B_SPLINE_SURFACE_WITH_KNOTS('',3,1,((#3365,#3366),(#3367,#3368),(#3369,
#3370),(#3371,#3372),(#3373,#3374)),.UNSPECIFIED.,.F.,.F.,.F.,(4,1,4),(2,
2),(0.,0.0807740650428804,0.165213602937945),(0.,0.04),.UNSPECIFIED.);
#1892=B_SPLINE_SURFACE_WITH_KNOTS('',3,1,((#3388,#3389),(#3390,#3391),(#3392,
#3393),(#3394,#3395),(#3396,#3397)),.UNSPECIFIED.,.F.,.F.,.F.,(4,1,4),(2,
2),(0.,0.0753537242285069,0.152830169634825),(0.,0.04),.UNSPECIFIED.);
#1893=B_SPLINE_SURFACE_WITH_KNOTS('',3,1,((#3411,#3412),(#3413,#3414),(#3415,
#3416),(#3417,#3418),(#3419,#3420)),.UNSPECIFIED.,.F.,.F.,.F.,(4,1,4),(2,
2),(0.,0.138550627461335,0.235245835428654),(0.,0.04),.UNSPECIFIED.);
#1894=ADVANCED_FACE('',(#154),#1858,.F.);
#1895=ADVANCED_FACE('',(#155),#1859,.F.);
#1896=ADVANCED_FACE('',(#156),#1860,.F.);
#1897=ADVANCED_FACE('',(#157),#1861,.F.);
#1898=ADVANCED_FACE('',(#158),#1862,.F.);
#1899=ADVANCED_FACE('',(#159),#1863,.F.);
#1900=ADVANCED_FACE('',(#160),#1864,.F.);
#1901=ADVANCED_FACE('',(#161),#1865,.F.);
#1902=ADVANCED_FACE('',(#162),#1866,.F.);
#1903=ADVANCED_FACE('',(#163),#1867,.F.);
#1904=ADVANCED_FACE('',(#164),#1868,.F.);
#1905=ADVANCED_FACE('',(#165),#1869,.F.);
#1906=ADVANCED_FACE('',(#166),#1870,.F.);
#1907=ADVANCED_FACE('',(#167),#1871,.F.);
#1908=ADVANCED_FACE('',(#168),#1872,.F.);
#1909=ADVANCED_FACE('',(#169),#1873,.F.);
#1910=ADVANCED_FACE('',(#170),#1874,.F.);
#1911=ADVANCED_FACE('',(#171),#1875,.F.);
#1912=ADVANCED_FACE('',(#172),#1876,.F.);
#1913=ADVANCED_FACE('',(#173),#1877,.F.);
#1914=ADVANCED_FACE('',(#174,#90),#108,.T.);
#1915=ADVANCED_FACE('',(#175),#109,.F.);
#1916=ADVANCED_FACE('',(#176),#1878,.F.);
#1917=ADVANCED_FACE('',(#177),#1879,.F.);
#1918=ADVANCED_FACE('',(#178),#1880,.F.);
#1919=ADVANCED_FACE('',(#179),#1881,.F.);
#1920=ADVANCED_FACE('',(#180),#1882,.F.);
#1921=ADVANCED_FACE('',(#181),#1883,.F.);
#1922=ADVANCED_FACE('',(#182),#110,.F.);
#1923=ADVANCED_FACE('',(#183),#111,.F.);
#1924=ADVANCED_FACE('',(#184),#112,.F.);
#1925=ADVANCED_FACE('',(#185),#113,.F.);
#1926=ADVANCED_FACE('',(#186),#1884,.F.);
#1927=ADVANCED_FACE('',(#187),#1885,.F.);
#1928=ADVANCED_FACE('',(#188),#1886,.F.);
#1929=ADVANCED_FACE('',(#189),#114,.F.);
#1930=ADVANCED_FACE('',(#190),#115,.F.);
#1931=ADVANCED_FACE('',(#191),#116,.F.);
#1932=ADVANCED_FACE('',(#192),#1887,.F.);
#1933=ADVANCED_FACE('',(#193),#1888,.F.);
#1934=ADVANCED_FACE('',(#194),#1889,.F.);
#1935=ADVANCED_FACE('',(#195),#1890,.F.);
#1936=ADVANCED_FACE('',(#196),#1891,.F.);
#1937=ADVANCED_FACE('',(#197),#1892,.F.);
#1938=ADVANCED_FACE('',(#198),#1893,.F.);
#1939=ADVANCED_FACE('',(#199),#117,.F.);
#1940=ADVANCED_FACE('',(#200),#118,.F.);
#1941=ADVANCED_FACE('',(#201),#119,.F.);
#1942=ADVANCED_FACE('',(#202,#91),#120,.T.);
#1943=ADVANCED_FACE('',(#203,#92,#93,#94,#95),#121,.F.);
#1944=ADVANCED_FACE('',(#204),#122,.F.);
#1945=ADVANCED_FACE('',(#205),#23,.T.);
#1946=ADVANCED_FACE('',(#206),#123,.F.);
#1947=ADVANCED_FACE('',(#207),#24,.F.);
#1948=ADVANCED_FACE('',(#208),#124,.F.);
#1949=ADVANCED_FACE('',(#209),#25,.F.);
#1950=ADVANCED_FACE('',(#210),#125,.T.);
#1951=ADVANCED_FACE('',(#211),#15,.T.);
#1952=ADVANCED_FACE('',(#212),#126,.T.);
#1953=ADVANCED_FACE('',(#213),#16,.T.);
#1954=ADVANCED_FACE('',(#214),#127,.T.);
#1955=ADVANCED_FACE('',(#215),#17,.T.);
#1956=ADVANCED_FACE('',(#216),#128,.T.);
#1957=ADVANCED_FACE('',(#217),#18,.T.);
#1958=ADVANCED_FACE('',(#218),#26,.T.);
#1959=ADVANCED_FACE('',(#219),#129,.T.);
#1960=ADVANCED_FACE('',(#220),#27,.T.);
#1961=ADVANCED_FACE('',(#221),#130,.T.);
#1962=ADVANCED_FACE('',(#222,#96),#131,.T.);
#1963=ADVANCED_FACE('',(#223),#28,.F.);
#1964=ADVANCED_FACE('',(#224),#132,.T.);
#1965=ADVANCED_FACE('',(#225),#29,.F.);
#1966=ADVANCED_FACE('',(#226),#133,.T.);
#1967=ADVANCED_FACE('',(#227),#30,.F.);
#1968=ADVANCED_FACE('',(#228),#134,.T.);
#1969=ADVANCED_FACE('',(#229),#31,.F.);
#1970=ADVANCED_FACE('',(#230),#135,.T.);
#1971=ADVANCED_FACE('',(#231),#32,.T.);
#1972=ADVANCED_FACE('',(#232),#136,.T.);
#1973=ADVANCED_FACE('',(#233),#33,.T.);
#1974=ADVANCED_FACE('',(#234),#137,.T.);
#1975=ADVANCED_FACE('',(#235,#97,#98,#99,#100,#101),#138,.F.);
#1976=ADVANCED_FACE('',(#236),#34,.F.);
#1977=ADVANCED_FACE('',(#237),#139,.T.);
#1978=ADVANCED_FACE('',(#238),#140,.T.);
#1979=ADVANCED_FACE('',(#239),#19,.T.);
#1980=ADVANCED_FACE('',(#240),#141,.T.);
#1981=ADVANCED_FACE('',(#241),#20,.T.);
#1982=ADVANCED_FACE('',(#242),#142,.T.);
#1983=ADVANCED_FACE('',(#243),#21,.T.);
#1984=ADVANCED_FACE('',(#244),#22,.T.);
#1985=ADVANCED_FACE('',(#245),#35,.T.);
#1986=ADVANCED_FACE('',(#246),#143,.T.);
#1987=ADVANCED_FACE('',(#247),#36,.T.);
#1988=ADVANCED_FACE('',(#248),#144,.T.);
#1989=ADVANCED_FACE('',(#249,#102,#103,#104,#105,#106,#107),#145,.T.);
#1990=ADVANCED_FACE('',(#250),#146,.T.);
#1991=ADVANCED_FACE('',(#251),#37,.F.);
#1992=ADVANCED_FACE('',(#252),#147,.T.);
#1993=ADVANCED_FACE('',(#253),#148,.T.);
#1994=ADVANCED_FACE('',(#254),#149,.F.);
#1995=ADVANCED_FACE('',(#255),#150,.T.);
#1996=ADVANCED_FACE('',(#256),#151,.T.);
#1997=ADVANCED_FACE('',(#257),#38,.F.);
#1998=ADVANCED_FACE('',(#258),#39,.F.);
#1999=ADVANCED_FACE('',(#259),#40,.F.);
#2000=ADVANCED_FACE('',(#260),#41,.T.);
#2001=ADVANCED_FACE('',(#261),#152,.T.);
#2002=ADVANCED_FACE('',(#262),#42,.T.);
#2003=ADVANCED_FACE('',(#263),#153,.T.);
#2004=CLOSED_SHELL('',(#1894,#1895,#1896,#1897,#1898,#1899,#1900,#1901,
#1902,#1903,#1904,#1905,#1906,#1907,#1908,#1909,#1910,#1911,#1912,#1913,
#1914,#1915,#1916,#1917,#1918,#1919,#1920,#1921,#1922,#1923,#1924,#1925,
#1926,#1927,#1928,#1929,#1930,#1931,#1932,#1933,#1934,#1935,#1936,#1937,
#1938,#1939,#1940,#1941,#1942,#1943,#1944,#1945,#1946,#1947,#1948,#1949,
#1950,#1951,#1952,#1953,#1954,#1955,#1956,#1957,#1958,#1959,#1960,#1961,
#1962,#1963,#1964,#1965,#1966,#1967,#1968,#1969,#1970,#1971,#1972,#1973,
#1974,#1975,#1976,#1977,#1978,#1979,#1980,#1981,#1982,#1983,#1984,#1985,
#1986,#1987,#1988,#1989,#1990,#1991,#1992,#1993,#1994,#1995,#1996,#1997,
#1998,#1999,#2000,#2001,#2002,#2003));
#2005=DERIVED_UNIT_ELEMENT(#2007,1.);
#2006=DERIVED_UNIT_ELEMENT(#3757,-3.);
#2007=(
MASS_UNIT()
NAMED_UNIT(*)
SI_UNIT(.KILO.,.GRAM.)
);
#2008=DERIVED_UNIT((#2005,#2006));
#2009=MEASURE_REPRESENTATION_ITEM('density measure',
POSITIVE_RATIO_MEASURE(7850.),#2008);
#2010=PROPERTY_DEFINITION_REPRESENTATION(#2015,#2012);
#2011=PROPERTY_DEFINITION_REPRESENTATION(#2016,#2013);
#2012=REPRESENTATION('material name',(#2014),#3754);
#2013=REPRESENTATION('density',(#2009),#3754);
#2014=DESCRIPTIVE_REPRESENTATION_ITEM('Steel','Steel');
#2015=PROPERTY_DEFINITION('material property','material name',#3764);
#2016=PROPERTY_DEFINITION('material property','density of part',#3764);
#2017=AXIS2_PLACEMENT_3D('',#2553,#2139,#2140);
#2018=AXIS2_PLACEMENT_3D('',#3014,#2161,#2162);
#2019=AXIS2_PLACEMENT_3D('',#3015,#2163,#2164);
#2020=AXIS2_PLACEMENT_3D('',#3162,#2175,#2176);
#2021=AXIS2_PLACEMENT_3D('',#3168,#2180,#2181);
#2022=AXIS2_PLACEMENT_3D('',#3171,#2184,#2185);
#2023=AXIS2_PLACEMENT_3D('',#3180,#2190,#2191);
#2024=AXIS2_PLACEMENT_3D('',#3255,#2198,#2199);
#2025=AXIS2_PLACEMENT_3D('',#3261,#2203,#2204);
#2026=AXIS2_PLACEMENT_3D('',#3267,#2208,#2209);
#2027=AXIS2_PLACEMENT_3D('',#3434,#2220,#2221);
#2028=AXIS2_PLACEMENT_3D('',#3440,#2225,#2226);
#2029=AXIS2_PLACEMENT_3D('',#3446,#2230,#2231);
#2030=AXIS2_PLACEMENT_3D('',#3449,#2234,#2235);
#2031=AXIS2_PLACEMENT_3D('',#3450,#2236,#2237);
#2032=AXIS2_PLACEMENT_3D('',#3453,#2238,#2239);
#2033=AXIS2_PLACEMENT_3D('',#3457,#2241,#2242);
#2034=AXIS2_PLACEMENT_3D('',#3461,#2244,#2245);
#2035=AXIS2_PLACEMENT_3D('',#3465,#2247,#2248);
#2036=AXIS2_PLACEMENT_3D('',#3469,#2250,#2251);
#2037=AXIS2_PLACEMENT_3D('',#3473,#2253,#2254);
#2038=AXIS2_PLACEMENT_3D('',#3476,#2256,#2257);
#2039=AXIS2_PLACEMENT_3D('',#3477,#2258,#2259);
#2040=AXIS2_PLACEMENT_3D('',#3478,#2260,#2261);
#2041=AXIS2_PLACEMENT_3D('',#3481,#2262,#2263);
#2042=AXIS2_PLACEMENT_3D('',#3484,#2266,#2267);
#2043=AXIS2_PLACEMENT_3D('',#3488,#2270,#2271);
#2044=AXIS2_PLACEMENT_3D('',#3490,#2272,#2273);
#2045=AXIS2_PLACEMENT_3D('',#3492,#2275,#2276);
#2046=AXIS2_PLACEMENT_3D('',#3494,#2278,#2279);
#2047=AXIS2_PLACEMENT_3D('',#3497,#2281,#2282);
#2048=AXIS2_PLACEMENT_3D('',#3498,#2283,#2284);
#2049=AXIS2_PLACEMENT_3D('',#3507,#2289,#2290);
#2050=AXIS2_PLACEMENT_3D('',#3509,#2291,#2292);
#2051=AXIS2_PLACEMENT_3D('',#3512,#2294,#2295);
#2052=AXIS2_PLACEMENT_3D('',#3513,#2296,#2297);
#2053=AXIS2_PLACEMENT_3D('',#3519,#2301,#2302);
#2054=AXIS2_PLACEMENT_3D('',#3521,#2303,#2304);
#2055=AXIS2_PLACEMENT_3D('',#3524,#2306,#2307);
#2056=AXIS2_PLACEMENT_3D('',#3525,#2308,#2309);
#2057=AXIS2_PLACEMENT_3D('',#3531,#2313,#2314);
#2058=AXIS2_PLACEMENT_3D('',#3533,#2315,#2316);
#2059=AXIS2_PLACEMENT_3D('',#3536,#2318,#2319);
#2060=AXIS2_PLACEMENT_3D('',#3537,#2320,#2321);
#2061=AXIS2_PLACEMENT_3D('',#3543,#2325,#2326);
#2062=AXIS2_PLACEMENT_3D('',#3544,#2327,#2328);
#2063=AXIS2_PLACEMENT_3D('',#3545,#2329,#2330);
#2064=AXIS2_PLACEMENT_3D('',#3546,#2331,#2332);
#2065=AXIS2_PLACEMENT_3D('',#3550,#2334,#2335);
#2066=AXIS2_PLACEMENT_3D('',#3552,#2337,#2338);
#2067=AXIS2_PLACEMENT_3D('',#3556,#2341,#2342);
#2068=AXIS2_PLACEMENT_3D('',#3559,#2344,#2345);
#2069=AXIS2_PLACEMENT_3D('',#3560,#2346,#2347);
#2070=AXIS2_PLACEMENT_3D('',#3564,#2350,#2351);
#2071=AXIS2_PLACEMENT_3D('',#3569,#2353,#2354);
#2072=AXIS2_PLACEMENT_3D('',#3573,#2356,#2357);
#2073=AXIS2_PLACEMENT_3D('',#3577,#2359,#2360);
#2074=AXIS2_PLACEMENT_3D('',#3580,#2362,#2363);
#2075=AXIS2_PLACEMENT_3D('',#3581,#2364,#2365);
#2076=AXIS2_PLACEMENT_3D('',#3584,#2368,#2369);
#2077=AXIS2_PLACEMENT_3D('',#3586,#2371,#2372);
#2078=AXIS2_PLACEMENT_3D('',#3589,#2375,#2376);
#2079=AXIS2_PLACEMENT_3D('',#3590,#2377,#2378);
#2080=AXIS2_PLACEMENT_3D('',#3593,#2381,#2382);
#2081=AXIS2_PLACEMENT_3D('',#3594,#2383,#2384);
#2082=AXIS2_PLACEMENT_3D('',#3596,#2386,#2387);
#2083=AXIS2_PLACEMENT_3D('',#3597,#2388,#2389);
#2084=AXIS2_PLACEMENT_3D('',#3600,#2391,#2392);
#2085=AXIS2_PLACEMENT_3D('',#3601,#2393,#2394);
#2086=AXIS2_PLACEMENT_3D('',#3605,#2397,#2398);
#2087=AXIS2_PLACEMENT_3D('',#3608,#2400,#2401);
#2088=AXIS2_PLACEMENT_3D('',#3609,#2402,#2403);
#2089=AXIS2_PLACEMENT_3D('',#3611,#2405,#2406);
#2090=AXIS2_PLACEMENT_3D('',#3620,#2410,#2411);
#2091=AXIS2_PLACEMENT_3D('',#3624,#2413,#2414);
#2092=AXIS2_PLACEMENT_3D('',#3628,#2416,#2417);
#2093=AXIS2_PLACEMENT_3D('',#3632,#2419,#2420);
#2094=AXIS2_PLACEMENT_3D('',#3637,#2423,#2424);
#2095=AXIS2_PLACEMENT_3D('',#3639,#2425,#2426);
#2096=AXIS2_PLACEMENT_3D('',#3641,#2427,#2428);
#2097=AXIS2_PLACEMENT_3D('',#3643,#2429,#2430);
#2098=AXIS2_PLACEMENT_3D('',#3644,#2431,#2432);
#2099=AXIS2_PLACEMENT_3D('',#3646,#2433,#2434);
#2100=AXIS2_PLACEMENT_3D('',#3648,#2436,#2437);
#2101=AXIS2_PLACEMENT_3D('',#3657,#2442,#2443);
#2102=AXIS2_PLACEMENT_3D('',#3666,#2448,#2449);
#2103=AXIS2_PLACEMENT_3D('',#3670,#2451,#2452);
#2104=AXIS2_PLACEMENT_3D('',#3671,#2453,#2454);
#2105=AXIS2_PLACEMENT_3D('',#3672,#2455,#2456);
#2106=AXIS2_PLACEMENT_3D('',#3678,#2460,#2461);
#2107=AXIS2_PLACEMENT_3D('',#3682,#2463,#2464);
#2108=AXIS2_PLACEMENT_3D('',#3683,#2465,#2466);
#2109=AXIS2_PLACEMENT_3D('',#3684,#2467,#2468);
#2110=AXIS2_PLACEMENT_3D('',#3689,#2472,#2473);
#2111=AXIS2_PLACEMENT_3D('',#3690,#2474,#2475);
#2112=AXIS2_PLACEMENT_3D('',#3691,#2476,#2477);
#2113=AXIS2_PLACEMENT_3D('',#3692,#2478,#2479);
#2114=AXIS2_PLACEMENT_3D('',#3693,#2480,#2481);
#2115=AXIS2_PLACEMENT_3D('',#3694,#2482,#2483);
#2116=AXIS2_PLACEMENT_3D('',#3697,#2486,#2487);
#2117=AXIS2_PLACEMENT_3D('',#3704,#2491,#2492);
#2118=AXIS2_PLACEMENT_3D('',#3708,#2495,#2496);
#2119=AXIS2_PLACEMENT_3D('',#3710,#2498,#2499);
#2120=AXIS2_PLACEMENT_3D('',#3712,#2501,#2502);
#2121=AXIS2_PLACEMENT_3D('',#3714,#2503,#2504);
#2122=AXIS2_PLACEMENT_3D('',#3716,#2505,#2506);
#2123=AXIS2_PLACEMENT_3D('',#3718,#2507,#2508);
#2124=AXIS2_PLACEMENT_3D('',#3719,#2509,#2510);
#2125=AXIS2_PLACEMENT_3D('',#3725,#2513,#2514);
#2126=AXIS2_PLACEMENT_3D('',#3729,#2517,#2518);
#2127=AXIS2_PLACEMENT_3D('',#3732,#2521,#2522);
#2128=AXIS2_PLACEMENT_3D('',#3734,#2524,#2525);
#2129=AXIS2_PLACEMENT_3D('',#3735,#2526,#2527);
#2130=AXIS2_PLACEMENT_3D('',#3736,#2528,#2529);
#2131=AXIS2_PLACEMENT_3D('',#3738,#2531,#2532);
#2132=AXIS2_PLACEMENT_3D('',#3739,#2533,#2534);
#2133=AXIS2_PLACEMENT_3D('',#3741,#2536,#2537);
#2134=AXIS2_PLACEMENT_3D('',#3743,#2539,#2540);
#2135=AXIS2_PLACEMENT_3D('',#3745,#2542,#2543);
#2136=AXIS2_PLACEMENT_3D('',#3747,#2545,#2546);
#2137=AXIS2_PLACEMENT_3D('',#3749,#2548,#2549);
#2138=AXIS2_PLACEMENT_3D('',#3751,#2551,#2552);
#2139=DIRECTION('axis',(0.,0.,1.));
#2140=DIRECTION('refdir',(1.,0.,0.));
#2141=DIRECTION('',(0.,0.,-1.));
#2142=DIRECTION('',(0.,0.,-1.));
#2143=DIRECTION('',(0.,0.,-1.));
#2144=DIRECTION('',(0.,0.,-1.));
#2145=DIRECTION('',(0.,0.,-1.));
#2146=DIRECTION('',(0.,0.,-1.));
#2147=DIRECTION('',(0.,0.,-1.));
#2148=DIRECTION('',(0.,0.,-1.));
#2149=DIRECTION('',(0.,0.,-1.));
#2150=DIRECTION('',(0.,0.,-1.));
#2151=DIRECTION('',(0.,0.,-1.));
#2152=DIRECTION('',(0.,0.,-1.));
#2153=DIRECTION('',(0.,0.,-1.));
#2154=DIRECTION('',(0.,0.,-1.));
#2155=DIRECTION('',(0.,0.,-1.));
#2156=DIRECTION('',(0.,0.,-1.));
#2157=DIRECTION('',(0.,0.,-1.));
#2158=DIRECTION('',(0.,0.,-1.));
#2159=DIRECTION('',(0.,0.,-1.));
#2160=DIRECTION('',(0.,0.,-1.));
#2161=DIRECTION('center_axis',(0.,0.,1.));
#2162=DIRECTION('ref_axis',(-1.,0.,0.));
#2163=DIRECTION('center_axis',(0.,-1.,0.));
#2164=DIRECTION('ref_axis',(-1.,0.,0.));
#2165=DIRECTION('',(-1.,0.,0.));
#2166=DIRECTION('',(0.,0.,-1.));
#2167=DIRECTION('',(-1.,0.,0.));
#2168=DIRECTION('',(0.,0.,-1.));
#2169=DIRECTION('',(0.,0.,-1.));
#2170=DIRECTION('',(0.,0.,-1.));
#2171=DIRECTION('',(0.,0.,-1.));
#2172=DIRECTION('',(0.,0.,-1.));
#2173=DIRECTION('',(0.,0.,-1.));
#2174=DIRECTION('',(0.,0.,-1.));
#2175=DIRECTION('center_axis',(0.,1.,0.));
#2176=DIRECTION('ref_axis',(1.,0.,0.));
#2177=DIRECTION('',(1.,0.,0.));
#2178=DIRECTION('',(0.,0.,-1.));
#2179=DIRECTION('',(1.,0.,0.));
#2180=DIRECTION('center_axis',(1.,0.,0.));
#2181=DIRECTION('ref_axis',(0.,-1.,0.));
#2182=DIRECTION('',(0.,-1.,0.));
#2183=DIRECTION('',(0.,-1.,0.));
#2184=DIRECTION('center_axis',(1.,0.,0.));
#2185=DIRECTION('ref_axis',(0.,-1.,0.));
#2186=DIRECTION('',(0.,-1.,0.));
#2187=DIRECTION('',(0.,0.,-1.));
#2188=DIRECTION('',(0.,-1.,0.));
#2189=DIRECTION('',(0.,0.,-1.));
#2190=DIRECTION('center_axis',(0.,-1.,0.));
#2191=DIRECTION('ref_axis',(-1.,0.,0.));
#2192=DIRECTION('',(-1.,0.,0.));
#2193=DIRECTION('',(0.,0.,-1.));
#2194=DIRECTION('',(-1.,0.,0.));
#2195=DIRECTION('',(0.,0.,-1.));
#2196=DIRECTION('',(0.,0.,-1.));
#2197=DIRECTION('',(0.,0.,-1.));
#2198=DIRECTION('center_axis',(-0.830444873720333,-0.557100809290042,0.));
#2199=DIRECTION('ref_axis',(-0.557100809290042,0.830444873720333,0.));
#2200=DIRECTION('',(-0.557100809290042,0.830444873720333,0.));
#2201=DIRECTION('',(0.,0.,-1.));
#2202=DIRECTION('',(-0.557100809290042,0.830444873720333,0.));
#2203=DIRECTION('center_axis',(0.,-1.,0.));
#2204=DIRECTION('ref_axis',(-1.,0.,0.));
#2205=DIRECTION('',(-1.,0.,0.));
#2206=DIRECTION('',(0.,0.,-1.));
#2207=DIRECTION('',(-1.,0.,0.));
#2208=DIRECTION('center_axis',(0.847665211837383,0.530531515219109,0.));
#2209=DIRECTION('ref_axis',(0.530531515219109,-0.847665211837383,0.));
#2210=DIRECTION('',(0.530531515219109,-0.847665211837383,0.));
#2211=DIRECTION('',(0.,0.,-1.));
#2212=DIRECTION('',(0.530531515219109,-0.847665211837383,0.));
#2213=DIRECTION('',(0.,0.,-1.));
#2214=DIRECTION('',(0.,0.,-1.));
#2215=DIRECTION('',(0.,0.,-1.));
#2216=DIRECTION('',(0.,0.,-1.));
#2217=DIRECTION('',(0.,0.,-1.));
#2218=DIRECTION('',(0.,0.,-1.));
#2219=DIRECTION('',(0.,0.,-1.));
#2220=DIRECTION('center_axis',(0.,1.,0.));
#2221=DIRECTION('ref_axis',(1.,0.,0.));
#2222=DIRECTION('',(1.,0.,0.));
#2223=DIRECTION('',(0.,0.,-1.));
#2224=DIRECTION('',(1.,0.,0.));
#2225=DIRECTION('center_axis',(-1.,0.,0.));
#2226=DIRECTION('ref_axis',(0.,1.,0.));
#2227=DIRECTION('',(0.,1.,0.));
#2228=DIRECTION('',(0.,0.,-1.));
#2229=DIRECTION('',(0.,1.,0.));
#2230=DIRECTION('center_axis',(0.,-1.,0.));
#2231=DIRECTION('ref_axis',(-1.,0.,0.));
#2232=DIRECTION('',(-1.,0.,0.));
#2233=DIRECTION('',(-1.,0.,0.));
#2234=DIRECTION('center_axis',(0.,0.,1.));
#2235=DIRECTION('ref_axis',(-1.,0.,0.));
#2236=DIRECTION('center_axis',(0.,0.,-1.));
#2237=DIRECTION('ref_axis',(1.,0.,0.));
#2238=DIRECTION('center_axis',(0.,0.,1.));
#2239=DIRECTION('ref_axis',(-0.707106781186548,-0.707106781186547,0.));
#2240=DIRECTION('',(1.,-1.7271297295977E-16,0.));
#2241=DIRECTION('center_axis',(0.,0.,1.));
#2242=DIRECTION('ref_axis',(0.707106781186548,-0.707106781186547,0.));
#2243=DIRECTION('',(0.,1.,0.));
#2244=DIRECTION('center_axis',(0.,0.,1.));
#2245=DIRECTION('ref_axis',(0.707106781186548,0.707106781186548,0.));
#2246=DIRECTION('',(-1.,4.62592926927149E-17,0.));
#2247=DIRECTION('center_axis',(0.,0.,1.));
#2248=DIRECTION('ref_axis',(-0.707106781186548,0.707106781186547,0.));
#2249=DIRECTION('',(-6.38977280359802E-17,-1.,0.));
#2250=DIRECTION('center_axis',(0.,0.,-1.));
#2251=DIRECTION('ref_axis',(-1.,0.,0.));
#2252=DIRECTION('',(-0.204678362573099,-0.978829284346558,0.));
#2253=DIRECTION('center_axis',(0.,0.,1.));
#2254=DIRECTION('ref_axis',(-1.,0.,0.));
#2255=DIRECTION('',(-0.204678362573099,0.978829284346558,0.));
#2256=DIRECTION('center_axis',(0.,0.,-1.));
#2257=DIRECTION('ref_axis',(1.,0.,0.));
#2258=DIRECTION('center_axis',(0.,0.,-1.));
#2259=DIRECTION('ref_axis',(1.,0.,0.));
#2260=DIRECTION('center_axis',(0.,0.,-1.));
#2261=DIRECTION('ref_axis',(-1.,0.,0.));
#2262=DIRECTION('center_axis',(0.,0.,-1.));
#2263=DIRECTION('ref_axis',(-1.,0.,0.));
#2264=DIRECTION('',(0.,0.,-1.));
#2265=DIRECTION('',(0.,0.,-1.));
#2266=DIRECTION('center_axis',(0.978829284346558,-0.204678362573099,0.));
#2267=DIRECTION('ref_axis',(-0.204678362573099,-0.978829284346558,0.));
#2268=DIRECTION('',(0.204678362573099,0.978829284346558,0.));
#2269=DIRECTION('',(0.,0.,-1.));
#2270=DIRECTION('center_axis',(0.,0.,-1.));
#2271=DIRECTION('ref_axis',(-1.,0.,0.));
#2272=DIRECTION('center_axis',(0.,0.,1.));
#2273=DIRECTION('ref_axis',(-1.,0.,0.));
#2274=DIRECTION('',(0.,0.,-1.));
#2275=DIRECTION('center_axis',(-0.978829284346558,-0.204678362573099,0.));
#2276=DIRECTION('ref_axis',(-0.204678362573099,0.978829284346558,0.));
#2277=DIRECTION('',(0.204678362573099,-0.978829284346558,0.));
#2278=DIRECTION('center_axis',(0.,0.,-1.));
#2279=DIRECTION('ref_axis',(1.,0.,0.));
#2280=DIRECTION('',(0.,0.,-1.));
#2281=DIRECTION('center_axis',(0.,0.,1.));
#2282=DIRECTION('ref_axis',(1.,0.,0.));
#2283=DIRECTION('center_axis',(-0.707106781186546,6.63419348739622E-17,
0.707106781186549));
#2284=DIRECTION('ref_axis',(0.707106781186549,0.,0.707106781186546));
#2285=DIRECTION('',(0.707106781186549,0.,0.707106781186546));
#2286=DIRECTION('',(9.38216640528301E-17,1.,0.));
#2287=DIRECTION('',(-0.707106781186549,0.,-0.707106781186546));
#2288=DIRECTION('',(-9.38216640528301E-17,-1.,0.));
#2289=DIRECTION('center_axis',(0.,0.,-1.));
#2290=DIRECTION('ref_axis',(-0.707106781186548,-0.707106781186548,0.));
#2291=DIRECTION('center_axis',(0.,0.,1.));
#2292=DIRECTION('ref_axis',(-0.707106781186548,-0.707106781186548,0.));
#2293=DIRECTION('',(0.,0.707106781186548,0.707106781186548));
#2294=DIRECTION('center_axis',(0.,0.,-1.));
#2295=DIRECTION('ref_axis',(-0.707106781186547,-0.707106781186547,0.));
#2296=DIRECTION('center_axis',(0.,-0.707106781186548,0.707106781186548));
#2297=DIRECTION('ref_axis',(1.,0.,0.));
#2298=DIRECTION('',(0.,0.707106781186548,0.707106781186548));
#2299=DIRECTION('',(-1.,0.,0.));
#2300=DIRECTION('',(1.,0.,0.));
#2301=DIRECTION('center_axis',(0.,0.,-1.));
#2302=DIRECTION('ref_axis',(0.707106781186548,-0.707106781186548,0.));
#2303=DIRECTION('center_axis',(0.,0.,1.));
#2304=DIRECTION('ref_axis',(0.707106781186548,-0.707106781186548,0.));
#2305=DIRECTION('',(-0.707106781186549,0.,0.707106781186546));
#2306=DIRECTION('center_axis',(0.,0.,-1.));
#2307=DIRECTION('ref_axis',(0.707106781186548,-0.707106781186548,0.));
#2308=DIRECTION('center_axis',(0.707106781186546,-1.55070860116916E-16,
0.707106781186549));
#2309=DIRECTION('ref_axis',(0.707106781186549,0.,-0.707106781186546));
#2310=DIRECTION('',(-0.707106781186549,-1.57009245868378E-15,0.707106781186546));
#2311=DIRECTION('',(-2.19303313506204E-16,-1.,0.));
#2312=DIRECTION('',(2.19303313506204E-16,1.,0.));
#2313=DIRECTION('center_axis',(0.,0.,-1.));
#2314=DIRECTION('ref_axis',(0.707106781186547,0.707106781186548,0.));
#2315=DIRECTION('center_axis',(0.,0.,1.));
#2316=DIRECTION('ref_axis',(0.707106781186547,0.707106781186548,0.));
#2317=DIRECTION('',(0.,-0.707106781186549,0.707106781186546));
#2318=DIRECTION('center_axis',(0.,0.,-1.));
#2319=DIRECTION('ref_axis',(0.707106781186547,0.707106781186548,0.));
#2320=DIRECTION('center_axis',(0.,0.707106781186546,0.707106781186549));
#2321=DIRECTION('ref_axis',(1.,0.,0.));
#2322=DIRECTION('',(-1.57009245868378E-15,-0.707106781186549,0.707106781186546));
#2323=DIRECTION('',(1.,0.,0.));
#2324=DIRECTION('',(-1.,0.,0.));
#2325=DIRECTION('center_axis',(0.,0.,-1.));
#2326=DIRECTION('ref_axis',(-0.707106781186547,0.707106781186548,0.));
#2327=DIRECTION('center_axis',(0.,0.,1.));
#2328=DIRECTION('ref_axis',(-0.707106781186547,0.707106781186548,0.));
#2329=DIRECTION('center_axis',(0.,0.,-1.));
#2330=DIRECTION('ref_axis',(-0.707106781186547,0.707106781186548,0.));
#2331=DIRECTION('center_axis',(0.,0.,1.));
#2332=DIRECTION('ref_axis',(0.707106781186548,-0.707106781186548,0.));
#2333=DIRECTION('',(0.,0.,-1.));
#2334=DIRECTION('center_axis',(0.,0.,-1.));
#2335=DIRECTION('ref_axis',(0.707106781186548,-0.707106781186548,0.));
#2336=DIRECTION('',(0.,0.,1.));
#2337=DIRECTION('center_axis',(0.,-1.,0.));
#2338=DIRECTION('ref_axis',(1.,0.,0.));
#2339=DIRECTION('',(0.,0.,1.));
#2340=DIRECTION('',(-1.,0.,0.));
#2341=DIRECTION('center_axis',(0.,0.,1.));
#2342=DIRECTION('ref_axis',(-0.707106781186548,-0.707106781186548,0.));
#2343=DIRECTION('',(0.,0.,-1.));
#2344=DIRECTION('center_axis',(0.,0.,-1.));
#2345=DIRECTION('ref_axis',(-0.707106781186548,-0.707106781186548,0.));
#2346=DIRECTION('center_axis',(-1.,9.38216640528301E-17,0.));
#2347=DIRECTION('ref_axis',(-9.38216640528301E-17,-1.,0.));
#2348=DIRECTION('',(0.,0.,1.));
#2349=DIRECTION('',(9.38216640528301E-17,1.,0.));
#2350=DIRECTION('center_axis',(0.,0.,1.));
#2351=DIRECTION('ref_axis',(1.,0.,0.));
#2352=DIRECTION('',(0.,-1.,0.));
#2353=DIRECTION('center_axis',(0.,0.,1.));
#2354=DIRECTION('ref_axis',(0.707106781186548,-0.707106781186547,0.));
#2355=DIRECTION('',(-1.,1.7271297295977E-16,0.));
#2356=DIRECTION('center_axis',(0.,0.,1.));
#2357=DIRECTION('ref_axis',(-0.707106781186548,-0.707106781186547,0.));
#2358=DIRECTION('',(6.38977280359802E-17,1.,0.));
#2359=DIRECTION('center_axis',(0.,0.,1.));
#2360=DIRECTION('ref_axis',(-0.707106781186548,0.707106781186547,0.));
#2361=DIRECTION('',(1.,-4.62592926927149E-17,0.));
#2362=DIRECTION('center_axis',(0.,0.,1.));
#2363=DIRECTION('ref_axis',(0.707106781186548,0.707106781186548,0.));
#2364=DIRECTION('center_axis',(0.,0.,1.));
#2365=DIRECTION('ref_axis',(-0.707106781186548,-0.707106781186547,0.));
#2366=DIRECTION('',(0.,0.,1.));
#2367=DIRECTION('',(0.,0.,-1.));
#2368=DIRECTION('center_axis',(1.7271297295977E-16,1.,0.));
#2369=DIRECTION('ref_axis',(-1.,1.7271297295977E-16,0.));
#2370=DIRECTION('',(0.,0.,1.));
#2371=DIRECTION('center_axis',(0.,0.,1.));
#2372=DIRECTION('ref_axis',(-0.707106781186548,0.707106781186547,0.));
#2373=DIRECTION('',(0.,0.,1.));
#2374=DIRECTION('',(0.,0.,-1.));
#2375=DIRECTION('center_axis',(1.,-6.38977280359802E-17,0.));
#2376=DIRECTION('ref_axis',(6.38977280359802E-17,1.,0.));
#2377=DIRECTION('center_axis',(0.,0.,1.));
#2378=DIRECTION('ref_axis',(0.707106781186548,0.707106781186548,0.));
#2379=DIRECTION('',(0.,0.,1.));
#2380=DIRECTION('',(0.,0.,-1.));
#2381=DIRECTION('center_axis',(-4.62592926927149E-17,-1.,0.));
#2382=DIRECTION('ref_axis',(1.,-4.62592926927149E-17,0.));
#2383=DIRECTION('center_axis',(0.,0.,1.));
#2384=DIRECTION('ref_axis',(0.707106781186548,-0.707106781186547,0.));
#2385=DIRECTION('',(0.,0.,-1.));
#2386=DIRECTION('center_axis',(-1.,0.,0.));
#2387=DIRECTION('ref_axis',(0.,-1.,0.));
#2388=DIRECTION('center_axis',(0.,0.,1.));
#2389=DIRECTION('ref_axis',(-0.707106781186547,0.707106781186548,0.));
#2390=DIRECTION('',(0.,0.,-1.));
#2391=DIRECTION('center_axis',(0.,0.,-1.));
#2392=DIRECTION('ref_axis',(-0.707106781186547,0.707106781186548,0.));
#2393=DIRECTION('center_axis',(0.,1.,0.));
#2394=DIRECTION('ref_axis',(-1.,0.,0.));
#2395=DIRECTION('',(0.,0.,1.));
#2396=DIRECTION('',(1.,0.,0.));
#2397=DIRECTION('center_axis',(0.,0.,1.));
#2398=DIRECTION('ref_axis',(0.707106781186547,0.707106781186548,0.));
#2399=DIRECTION('',(0.,0.,-1.));
#2400=DIRECTION('center_axis',(0.,0.,-1.));
#2401=DIRECTION('ref_axis',(0.707106781186547,0.707106781186548,0.));
#2402=DIRECTION('center_axis',(1.,-2.19303313506204E-16,0.));
#2403=DIRECTION('ref_axis',(2.19303313506204E-16,1.,0.));
#2404=DIRECTION('',(-2.19303313506204E-16,-1.,0.));
#2405=DIRECTION('center_axis',(0.,0.,-1.));
#2406=DIRECTION('ref_axis',(1.,0.,0.));
#2407=DIRECTION('',(-1.,0.,0.));
#2408=DIRECTION('',(-6.34413156928661E-16,-1.,0.));
#2409=DIRECTION('',(1.,-3.62521803959235E-16,0.));
#2410=DIRECTION('center_axis',(0.,0.,1.));
#2411=DIRECTION('ref_axis',(0.707106781186549,-0.707106781186546,0.));
#2412=DIRECTION('',(0.,1.,0.));
#2413=DIRECTION('center_axis',(0.,0.,1.));
#2414=DIRECTION('ref_axis',(0.707106781186548,0.707106781186548,0.));
#2415=DIRECTION('',(1.,-2.1350442781253E-16,0.));
#2416=DIRECTION('center_axis',(0.,0.,-1.));
#2417=DIRECTION('ref_axis',(-1.,2.22044604925032E-15,0.));
#2418=DIRECTION('',(1.5419764230905E-16,1.,0.));
#2419=DIRECTION('center_axis',(0.,0.,1.));
#2420=DIRECTION('ref_axis',(-0.707106781186547,-0.707106781186547,0.));
#2421=DIRECTION('',(1.,-3.62521803959235E-16,0.));
#2422=DIRECTION('',(3.1720657846433E-16,1.,0.));
#2423=DIRECTION('center_axis',(0.,0.,-1.));
#2424=DIRECTION('ref_axis',(1.,0.,0.));
#2425=DIRECTION('center_axis',(0.,0.,-1.));
#2426=DIRECTION('ref_axis',(1.,0.,0.));
#2427=DIRECTION('center_axis',(0.,0.,-1.));
#2428=DIRECTION('ref_axis',(1.,0.,0.));
#2429=DIRECTION('center_axis',(0.,0.,1.));
#2430=DIRECTION('ref_axis',(1.,0.,0.));
#2431=DIRECTION('center_axis',(0.,0.,1.));
#2432=DIRECTION('ref_axis',(1.,0.,0.));
#2433=DIRECTION('center_axis',(0.,0.,1.));
#2434=DIRECTION('ref_axis',(1.,0.,0.));
#2435=DIRECTION('',(0.,0.,1.));
#2436=DIRECTION('center_axis',(1.50970428719593E-16,0.707106781186542,-0.707106781186553));
#2437=DIRECTION('ref_axis',(-1.,0.,-2.13504427812527E-16));
#2438=DIRECTION('',(3.14018491736757E-15,-0.707106781186552,-0.707106781186543));
#2439=DIRECTION('',(-1.,2.1350442781253E-16,0.));
#2440=DIRECTION('',(0.,0.707106781186551,0.707106781186544));
#2441=DIRECTION('',(1.,-2.1350442781253E-16,0.));
#2442=DIRECTION('center_axis',(0.707106781186544,0.,-0.707106781186551));
#2443=DIRECTION('ref_axis',(-0.707106781186551,0.,-0.707106781186544));
#2444=DIRECTION('',(-0.707106781186551,0.,-0.707106781186544));
#2445=DIRECTION('',(0.,1.,0.));
#2446=DIRECTION('',(0.707106781186551,0.,0.707106781186544));
#2447=DIRECTION('',(0.,-1.,0.));
#2448=DIRECTION('center_axis',(0.,0.,1.));
#2449=DIRECTION('ref_axis',(0.707106781186549,-0.707106781186546,0.));
#2450=DIRECTION('',(0.,0.707106781186551,-0.707106781186544));
#2451=DIRECTION('center_axis',(0.,0.,1.));
#2452=DIRECTION('ref_axis',(0.707106781186549,-0.707106781186546,0.));
#2453=DIRECTION('center_axis',(0.,0.,-1.));
#2454=DIRECTION('ref_axis',(0.707106781186549,-0.707106781186546,0.));
#2455=DIRECTION('center_axis',(-2.56341625907555E-16,-0.707106781186548,
-0.707106781186548));
#2456=DIRECTION('ref_axis',(-1.,0.,3.62521803959235E-16));
#2457=DIRECTION('',(-1.57009245868379E-15,0.707106781186551,-0.707106781186544));
#2458=DIRECTION('',(1.,-3.62521803959235E-16,0.));
#2459=DIRECTION('',(-1.,3.62521803959235E-16,0.));
#2460=DIRECTION('center_axis',(0.,0.,1.));
#2461=DIRECTION('ref_axis',(-0.707106781186548,-0.707106781186548,0.));
#2462=DIRECTION('',(0.707106781186547,0.,-0.707106781186548));
#2463=DIRECTION('center_axis',(0.,0.,1.));
#2464=DIRECTION('ref_axis',(-0.707106781186547,-0.707106781186547,0.));
#2465=DIRECTION('center_axis',(0.,0.,-1.));
#2466=DIRECTION('ref_axis',(-0.707106781186547,-0.707106781186547,0.));
#2467=DIRECTION('center_axis',(-0.707106781186544,1.09034198519706E-16,
-0.707106781186551));
#2468=DIRECTION('ref_axis',(-0.707106781186551,0.,0.707106781186544));
#2469=DIRECTION('',(0.707106781186551,0.,-0.707106781186544));
#2470=DIRECTION('',(-1.5419764230905E-16,-1.,0.));
#2471=DIRECTION('',(1.5419764230905E-16,1.,0.));
#2472=DIRECTION('center_axis',(0.,0.,1.));
#2473=DIRECTION('ref_axis',(0.707106781186548,0.707106781186548,0.));
#2474=DIRECTION('center_axis',(0.,0.,1.));
#2475=DIRECTION('ref_axis',(0.707106781186547,0.707106781186547,0.));
#2476=DIRECTION('center_axis',(0.,0.,-1.));
#2477=DIRECTION('ref_axis',(0.707106781186548,0.707106781186548,0.));
#2478=DIRECTION('center_axis',(0.,0.,1.));
#2479=DIRECTION('ref_axis',(-1.,2.22044604925032E-15,0.));
#2480=DIRECTION('center_axis',(0.,0.,-1.));
#2481=DIRECTION('ref_axis',(-1.,2.22044604925032E-15,0.));
#2482=DIRECTION('center_axis',(0.,0.,-1.));
#2483=DIRECTION('ref_axis',(-0.707106781186547,-0.707106781186547,0.));
#2484=DIRECTION('',(0.,0.,-1.));
#2485=DIRECTION('',(0.,0.,-1.));
#2486=DIRECTION('center_axis',(-3.62521803959235E-16,-1.,0.));
#2487=DIRECTION('ref_axis',(-1.,3.62521803959235E-16,0.));
#2488=DIRECTION('',(0.,0.,-1.));
#2489=DIRECTION('',(0.,0.,1.));
#2490=DIRECTION('',(-1.,3.62521803959235E-16,0.));
#2491=DIRECTION('center_axis',(0.,1.,0.));
#2492=DIRECTION('ref_axis',(1.,0.,0.));
#2493=DIRECTION('',(-1.,3.62521803959235E-16,0.));
#2494=DIRECTION('',(0.,0.,-1.));
#2495=DIRECTION('center_axis',(0.,0.,-1.));
#2496=DIRECTION('ref_axis',(0.707106781186549,-0.707106781186546,0.));
#2497=DIRECTION('',(0.,0.,-1.));
#2498=DIRECTION('center_axis',(1.,0.,0.));
#2499=DIRECTION('ref_axis',(0.,-1.,0.));
#2500=DIRECTION('',(0.,0.,-1.));
#2501=DIRECTION('center_axis',(0.,0.,-1.));
#2502=DIRECTION('ref_axis',(1.,0.,0.));
#2503=DIRECTION('center_axis',(0.,0.,-1.));
#2504=DIRECTION('ref_axis',(1.,0.,0.));
#2505=DIRECTION('center_axis',(0.,0.,-1.));
#2506=DIRECTION('ref_axis',(1.,0.,0.));
#2507=DIRECTION('center_axis',(0.,0.,-1.));
#2508=DIRECTION('ref_axis',(1.,0.,0.));
#2509=DIRECTION('center_axis',(0.,1.,0.));
#2510=DIRECTION('ref_axis',(1.,0.,0.));
#2511=DIRECTION('',(0.,0.,1.));
#2512=DIRECTION('',(1.,-3.62521803959235E-16,0.));
#2513=DIRECTION('center_axis',(0.,-1.,0.));
#2514=DIRECTION('ref_axis',(1.,0.,0.));
#2515=DIRECTION('',(1.,-3.62521803959235E-16,0.));
#2516=DIRECTION('',(0.,0.,-1.));
#2517=DIRECTION('center_axis',(0.,1.,0.));
#2518=DIRECTION('ref_axis',(1.,0.,0.));
#2519=DIRECTION('',(3.1720657846433E-16,1.,0.));
#2520=DIRECTION('',(6.34413156928661E-16,1.,0.));
#2521=DIRECTION('center_axis',(1.,-6.34413156928661E-16,0.));
#2522=DIRECTION('ref_axis',(0.,0.,-1.));
#2523=DIRECTION('',(6.34413156928661E-16,1.,0.));
#2524=DIRECTION('center_axis',(0.,0.,1.));
#2525=DIRECTION('ref_axis',(1.,-3.62521803959235E-16,0.));
#2526=DIRECTION('center_axis',(0.,0.,-1.));
#2527=DIRECTION('ref_axis',(1.,0.,0.));
#2528=DIRECTION('center_axis',(0.,0.,1.));
#2529=DIRECTION('ref_axis',(1.,-3.62521803959235E-16,0.));
#2530=DIRECTION('',(3.1720657846433E-16,1.,0.));
#2531=DIRECTION('center_axis',(-1.,3.1720657846433E-16,0.));
#2532=DIRECTION('ref_axis',(0.,0.,1.));
#2533=DIRECTION('center_axis',(0.,0.,-1.));
#2534=DIRECTION('ref_axis',(1.,0.,0.));
#2535=DIRECTION('',(0.,0.,1.));
#2536=DIRECTION('center_axis',(0.,0.,-1.));
#2537=DIRECTION('ref_axis',(1.,0.,0.));
#2538=DIRECTION('',(0.,0.,1.));
#2539=DIRECTION('center_axis',(0.,0.,-1.));
#2540=DIRECTION('ref_axis',(1.,0.,0.));
#2541=DIRECTION('',(0.,0.,1.));
#2542=DIRECTION('center_axis',(0.,0.,-1.));
#2543=DIRECTION('ref_axis',(0.707106781186548,0.707106781186548,0.));
#2544=DIRECTION('',(0.,0.,-1.));
#2545=DIRECTION('center_axis',(2.1350442781253E-16,1.,0.));
#2546=DIRECTION('ref_axis',(1.,-2.1350442781253E-16,0.));
#2547=DIRECTION('',(0.,0.,-1.));
#2548=DIRECTION('center_axis',(0.,0.,-1.));
#2549=DIRECTION('ref_axis',(-1.,2.22044604925032E-15,0.));
#2550=DIRECTION('',(0.,0.,-1.));
#2551=DIRECTION('center_axis',(-1.,1.5419764230905E-16,0.));
#2552=DIRECTION('ref_axis',(1.5419764230905E-16,1.,0.));
#2553=CARTESIAN_POINT('',(0.,0.,0.));
#2554=CARTESIAN_POINT('Ctrl Pts',(7.03561306288082,-23.7734203490104,52.));
#2555=CARTESIAN_POINT('Ctrl Pts',(7.03561306288082,-23.7734203490104,51.6));
#2556=CARTESIAN_POINT('Ctrl Pts',(6.9833599927517,-23.5825334173801,52.));
#2557=CARTESIAN_POINT('Ctrl Pts',(6.9833599927517,-23.5825334173801,51.6));
#2558=CARTESIAN_POINT('Ctrl Pts',(6.89423048785054,-23.2569323059761,52.));
#2559=CARTESIAN_POINT('Ctrl Pts',(6.89423048785054,-23.2569323059761,51.6));
#2560=CARTESIAN_POINT('Ctrl Pts',(6.67819962363029,-22.999843212564,52.));
#2561=CARTESIAN_POINT('Ctrl Pts',(6.67819962363029,-22.999843212564,51.6));
#2562=CARTESIAN_POINT('Ctrl Pts',(6.58881902983028,-22.8934751900519,52.));
#2563=CARTESIAN_POINT('Ctrl Pts',(6.58881902983028,-22.8934751900519,51.6));
#2564=CARTESIAN_POINT('',(7.03561306288082,-23.7734203490104,52.));
#2565=CARTESIAN_POINT('',(6.58881902983028,-22.8934751900519,52.));
#2566=CARTESIAN_POINT('Ctrl Pts',(7.03561306288082,-23.7734203490104,52.));
#2567=CARTESIAN_POINT('Ctrl Pts',(6.9833599927517,-23.5825334173801,52.));
#2568=CARTESIAN_POINT('Ctrl Pts',(6.89423048785054,-23.2569323059761,52.));
#2569=CARTESIAN_POINT('Ctrl Pts',(6.67819962363029,-22.999843212564,52.));
#2570=CARTESIAN_POINT('Ctrl Pts',(6.58881902983028,-22.8934751900519,52.));
#2571=CARTESIAN_POINT('',(7.03561306288082,-23.7734203490104,51.6));
#2572=CARTESIAN_POINT('',(7.03561306288082,-23.7734203490104,52.));
#2573=CARTESIAN_POINT('',(6.58881902983028,-22.8934751900519,51.6));
#2574=CARTESIAN_POINT('Ctrl Pts',(7.03561306288082,-23.7734203490104,51.6));
#2575=CARTESIAN_POINT('Ctrl Pts',(6.9833599927517,-23.5825334173801,51.6));
#2576=CARTESIAN_POINT('Ctrl Pts',(6.89423048785054,-23.2569323059761,51.6));
#2577=CARTESIAN_POINT('Ctrl Pts',(6.67819962363029,-22.999843212564,51.6));
#2578=CARTESIAN_POINT('Ctrl Pts',(6.58881902983028,-22.8934751900519,51.6));
#2579=CARTESIAN_POINT('',(6.58881902983028,-22.8934751900519,52.));
#2580=CARTESIAN_POINT('Ctrl Pts',(7.21296668340999,-26.1915652903403,52.));
#2581=CARTESIAN_POINT('Ctrl Pts',(7.21296668340999,-26.1915652903403,51.6));
#2582=CARTESIAN_POINT('Ctrl Pts',(7.21502028923549,-25.6952921770572,52.));
#2583=CARTESIAN_POINT('Ctrl Pts',(7.21502028923549,-25.6952921770572,51.6));
#2584=CARTESIAN_POINT('Ctrl Pts',(7.21837796880396,-24.8838774098424,52.));
#2585=CARTESIAN_POINT('Ctrl Pts',(7.21837796880396,-24.8838774098424,51.6));
#2586=CARTESIAN_POINT('Ctrl Pts',(7.08673951660488,-24.0840583855986,52.));
#2587=CARTESIAN_POINT('Ctrl Pts',(7.08673951660488,-24.0840583855986,51.6));
#2588=CARTESIAN_POINT('Ctrl Pts',(7.03561306288082,-23.7734203490104,52.));
#2589=CARTESIAN_POINT('Ctrl Pts',(7.03561306288082,-23.7734203490104,51.6));
#2590=CARTESIAN_POINT('',(7.21296668340999,-26.1915652903403,52.));
#2591=CARTESIAN_POINT('Ctrl Pts',(7.21296668340999,-26.1915652903403,52.));
#2592=CARTESIAN_POINT('Ctrl Pts',(7.21502028923549,-25.6952921770572,52.));
#2593=CARTESIAN_POINT('Ctrl Pts',(7.21837796880396,-24.8838774098424,52.));
#2594=CARTESIAN_POINT('Ctrl Pts',(7.08673951660488,-24.0840583855986,52.));
#2595=CARTESIAN_POINT('Ctrl Pts',(7.03561306288082,-23.7734203490104,52.));
#2596=CARTESIAN_POINT('',(7.21296668340999,-26.1915652903403,51.6));
#2597=CARTESIAN_POINT('',(7.21296668340999,-26.1915652903403,52.));
#2598=CARTESIAN_POINT('Ctrl Pts',(7.21296668340999,-26.1915652903403,51.6));
#2599=CARTESIAN_POINT('Ctrl Pts',(7.21502028923549,-25.6952921770572,51.6));
#2600=CARTESIAN_POINT('Ctrl Pts',(7.21837796880396,-24.8838774098424,51.6));
#2601=CARTESIAN_POINT('Ctrl Pts',(7.08673951660488,-24.0840583855986,51.6));
#2602=CARTESIAN_POINT('Ctrl Pts',(7.03561306288082,-23.7734203490104,51.6));
#2603=CARTESIAN_POINT('Ctrl Pts',(7.01514959623653,-28.6881547125663,52.));
#2604=CARTESIAN_POINT('Ctrl Pts',(7.01514959623653,-28.6881547125663,51.6));
#2605=CARTESIAN_POINT('Ctrl Pts',(7.0722969686684,-28.3580216517137,52.));
#2606=CARTESIAN_POINT('Ctrl Pts',(7.0722969686684,-28.3580216517137,51.6));
#2607=CARTESIAN_POINT('Ctrl Pts',(7.21514372444749,-27.5328142150215,52.));
#2608=CARTESIAN_POINT('Ctrl Pts',(7.21514372444749,-27.5328142150215,51.6));
#2609=CARTESIAN_POINT('Ctrl Pts',(7.21378302218145,-26.6945018361061,52.));
#2610=CARTESIAN_POINT('Ctrl Pts',(7.21378302218145,-26.6945018361061,51.6));
#2611=CARTESIAN_POINT('Ctrl Pts',(7.21296668340999,-26.1915652903403,52.));
#2612=CARTESIAN_POINT('Ctrl Pts',(7.21296668340999,-26.1915652903403,51.6));
#2613=CARTESIAN_POINT('',(7.01514959623653,-28.6881547125663,52.));
#2614=CARTESIAN_POINT('Ctrl Pts',(7.01514959623653,-28.6881547125663,52.));
#2615=CARTESIAN_POINT('Ctrl Pts',(7.0722969686684,-28.3580216517137,52.));
#2616=CARTESIAN_POINT('Ctrl Pts',(7.21514372444749,-27.5328142150215,52.));
#2617=CARTESIAN_POINT('Ctrl Pts',(7.21378302218145,-26.6945018361061,52.));
#2618=CARTESIAN_POINT('Ctrl Pts',(7.21296668340999,-26.1915652903403,52.));
#2619=CARTESIAN_POINT('',(7.01514959623653,-28.6881547125663,51.6));
#2620=CARTESIAN_POINT('',(7.01514959623653,-28.6881547125663,52.));
#2621=CARTESIAN_POINT('Ctrl Pts',(7.01514959623653,-28.6881547125663,51.6));
#2622=CARTESIAN_POINT('Ctrl Pts',(7.0722969686684,-28.3580216517137,51.6));
#2623=CARTESIAN_POINT('Ctrl Pts',(7.21514372444749,-27.5328142150215,51.6));
#2624=CARTESIAN_POINT('Ctrl Pts',(7.21378302218145,-26.6945018361061,51.6));
#2625=CARTESIAN_POINT('Ctrl Pts',(7.21296668340999,-26.1915652903403,51.6));
#2626=CARTESIAN_POINT('Ctrl Pts',(6.59222960760433,-29.4828336390342,52.));
#2627=CARTESIAN_POINT('Ctrl Pts',(6.59222960760433,-29.4828336390342,51.6));
#2628=CARTESIAN_POINT('Ctrl Pts',(6.68049592054547,-29.383886578047,52.));
#2629=CARTESIAN_POINT('Ctrl Pts',(6.68049592054547,-29.383886578047,51.6));
#2630=CARTESIAN_POINT('Ctrl Pts',(6.88504954720552,-29.1545807477947,52.));
#2631=CARTESIAN_POINT('Ctrl Pts',(6.88504954720552,-29.1545807477947,51.6));
#2632=CARTESIAN_POINT('Ctrl Pts',(6.96799543567758,-28.8572086700232,52.));
#2633=CARTESIAN_POINT('Ctrl Pts',(6.96799543567758,-28.8572086700232,51.6));
#2634=CARTESIAN_POINT('Ctrl Pts',(7.01514959623653,-28.6881547125663,52.));
#2635=CARTESIAN_POINT('Ctrl Pts',(7.01514959623653,-28.6881547125663,51.6));
#2636=CARTESIAN_POINT('',(6.59222960760433,-29.4828336390342,52.));
#2637=CARTESIAN_POINT('Ctrl Pts',(6.59222960760433,-29.4828336390342,52.));
#2638=CARTESIAN_POINT('Ctrl Pts',(6.68049592054547,-29.383886578047,52.));
#2639=CARTESIAN_POINT('Ctrl Pts',(6.88504954720552,-29.1545807477947,52.));
#2640=CARTESIAN_POINT('Ctrl Pts',(6.96799543567758,-28.8572086700232,52.));
#2641=CARTESIAN_POINT('Ctrl Pts',(7.01514959623653,-28.6881547125663,52.));
#2642=CARTESIAN_POINT('',(6.59222960760433,-29.4828336390342,51.6));
#2643=CARTESIAN_POINT('',(6.59222960760433,-29.4828336390342,52.));
#2644=CARTESIAN_POINT('Ctrl Pts',(6.59222960760433,-29.4828336390342,51.6));
#2645=CARTESIAN_POINT('Ctrl Pts',(6.68049592054547,-29.383886578047,51.6));
#2646=CARTESIAN_POINT('Ctrl Pts',(6.88504954720552,-29.1545807477947,51.6));
#2647=CARTESIAN_POINT('Ctrl Pts',(6.96799543567758,-28.8572086700232,51.6));
#2648=CARTESIAN_POINT('Ctrl Pts',(7.01514959623653,-28.6881547125663,51.6));
#2649=CARTESIAN_POINT('Ctrl Pts',(5.97149372389156,-29.7045259627189,52.));
#2650=CARTESIAN_POINT('Ctrl Pts',(5.97149372389156,-29.7045259627189,51.6));
#2651=CARTESIAN_POINT('Ctrl Pts',(6.08445844948857,-29.6951827973232,52.));
#2652=CARTESIAN_POINT('Ctrl Pts',(6.08445844948857,-29.6951827973232,51.6));
#2653=CARTESIAN_POINT('Ctrl Pts',(6.31103788329742,-29.676442707316,52.));
#2654=CARTESIAN_POINT('Ctrl Pts',(6.31103788329742,-29.676442707316,51.6));
#2655=CARTESIAN_POINT('Ctrl Pts',(6.49831994908125,-29.5474932997483,52.));
#2656=CARTESIAN_POINT('Ctrl Pts',(6.49831994908125,-29.5474932997483,51.6));
#2657=CARTESIAN_POINT('Ctrl Pts',(6.59222960760433,-29.4828336390342,52.));
#2658=CARTESIAN_POINT('Ctrl Pts',(6.59222960760433,-29.4828336390342,51.6));
#2659=CARTESIAN_POINT('',(5.97149372389156,-29.7045259627189,52.));
#2660=CARTESIAN_POINT('Ctrl Pts',(5.97149372389156,-29.7045259627189,52.));
#2661=CARTESIAN_POINT('Ctrl Pts',(6.08445844948857,-29.6951827973232,52.));
#2662=CARTESIAN_POINT('Ctrl Pts',(6.31103788329742,-29.676442707316,52.));
#2663=CARTESIAN_POINT('Ctrl Pts',(6.49831994908125,-29.5474932997483,52.));
#2664=CARTESIAN_POINT('Ctrl Pts',(6.59222960760433,-29.4828336390342,52.));
#2665=CARTESIAN_POINT('',(5.97149372389156,-29.7045259627189,51.6));
#2666=CARTESIAN_POINT('',(5.97149372389156,-29.7045259627189,52.));
#2667=CARTESIAN_POINT('Ctrl Pts',(5.97149372389156,-29.7045259627189,51.6));
#2668=CARTESIAN_POINT('Ctrl Pts',(6.08445844948857,-29.6951827973232,51.6));
#2669=CARTESIAN_POINT('Ctrl Pts',(6.31103788329742,-29.676442707316,51.6));
#2670=CARTESIAN_POINT('Ctrl Pts',(6.49831994908125,-29.5474932997483,51.6));
#2671=CARTESIAN_POINT('Ctrl Pts',(6.59222960760433,-29.4828336390342,51.6));
#2672=CARTESIAN_POINT('Ctrl Pts',(5.35416722585994,-29.4862442168082,52.));
#2673=CARTESIAN_POINT('Ctrl Pts',(5.35416722585994,-29.4862442168082,51.6));
#2674=CARTESIAN_POINT('Ctrl Pts',(5.44730060033944,-29.5499097119865,52.));
#2675=CARTESIAN_POINT('Ctrl Pts',(5.44730060033944,-29.5499097119865,51.6));
#2676=CARTESIAN_POINT('Ctrl Pts',(5.63373124221643,-29.677352738698,52.));
#2677=CARTESIAN_POINT('Ctrl Pts',(5.63373124221643,-29.677352738698,51.6));
#2678=CARTESIAN_POINT('Ctrl Pts',(5.85884026485195,-29.695462914437,52.));
#2679=CARTESIAN_POINT('Ctrl Pts',(5.85884026485195,-29.695462914437,51.6));
#2680=CARTESIAN_POINT('Ctrl Pts',(5.97149372389156,-29.7045259627189,52.));
#2681=CARTESIAN_POINT('Ctrl Pts',(5.97149372389156,-29.7045259627189,51.6));
#2682=CARTESIAN_POINT('',(5.35416722585994,-29.4862442168082,52.));
#2683=CARTESIAN_POINT('Ctrl Pts',(5.35416722585994,-29.4862442168082,52.));
#2684=CARTESIAN_POINT('Ctrl Pts',(5.44730060033944,-29.5499097119865,52.));
#2685=CARTESIAN_POINT('Ctrl Pts',(5.63373124221643,-29.677352738698,52.));
#2686=CARTESIAN_POINT('Ctrl Pts',(5.85884026485195,-29.695462914437,52.));
#2687=CARTESIAN_POINT('Ctrl Pts',(5.97149372389156,-29.7045259627189,52.));
#2688=CARTESIAN_POINT('',(5.35416722585994,-29.4862442168082,51.6));
#2689=CARTESIAN_POINT('',(5.35416722585994,-29.4862442168082,52.));
#2690=CARTESIAN_POINT('Ctrl Pts',(5.35416722585994,-29.4862442168082,51.6));
#2691=CARTESIAN_POINT('Ctrl Pts',(5.44730060033944,-29.5499097119865,51.6));
#2692=CARTESIAN_POINT('Ctrl Pts',(5.63373124221643,-29.677352738698,51.6));
#2693=CARTESIAN_POINT('Ctrl Pts',(5.85884026485195,-29.695462914437,51.6));
#2694=CARTESIAN_POINT('Ctrl Pts',(5.97149372389156,-29.7045259627189,51.6));
#2695=CARTESIAN_POINT('Ctrl Pts',(4.90737319280941,-28.6097102316703,52.));
#2696=CARTESIAN_POINT('Ctrl Pts',(4.90737319280941,-28.6097102316703,51.6));
#2697=CARTESIAN_POINT('Ctrl Pts',(4.95948109106409,-28.8004313212033,52.));
#2698=CARTESIAN_POINT('Ctrl Pts',(4.95948109106409,-28.8004313212033,51.6));
#2699=CARTESIAN_POINT('Ctrl Pts',(5.04823055461647,-29.1252648867687,52.));
#2700=CARTESIAN_POINT('Ctrl Pts',(5.04823055461647,-29.1252648867687,51.6));
#2701=CARTESIAN_POINT('Ctrl Pts',(5.26476690257421,-29.3807594160688,52.));
#2702=CARTESIAN_POINT('Ctrl Pts',(5.26476690257421,-29.3807594160688,51.6));
#2703=CARTESIAN_POINT('Ctrl Pts',(5.35416722585994,-29.4862442168082,52.));
#2704=CARTESIAN_POINT('Ctrl Pts',(5.35416722585994,-29.4862442168082,51.6));
#2705=CARTESIAN_POINT('',(4.90737319280941,-28.6097102316703,52.));
#2706=CARTESIAN_POINT('Ctrl Pts',(4.90737319280941,-28.6097102316703,52.));
#2707=CARTESIAN_POINT('Ctrl Pts',(4.95948109106409,-28.8004313212033,52.));
#2708=CARTESIAN_POINT('Ctrl Pts',(5.04823055461647,-29.1252648867687,52.));
#2709=CARTESIAN_POINT('Ctrl Pts',(5.26476690257421,-29.3807594160688,52.));
#2710=CARTESIAN_POINT('Ctrl Pts',(5.35416722585994,-29.4862442168082,52.));
#2711=CARTESIAN_POINT('',(4.90737319280941,-28.6097102316703,51.6));
#2712=CARTESIAN_POINT('',(4.90737319280941,-28.6097102316703,52.));
#2713=CARTESIAN_POINT('Ctrl Pts',(4.90737319280941,-28.6097102316703,51.6));
#2714=CARTESIAN_POINT('Ctrl Pts',(4.95948109106409,-28.8004313212033,51.6));
#2715=CARTESIAN_POINT('Ctrl Pts',(5.04823055461647,-29.1252648867687,51.6));
#2716=CARTESIAN_POINT('Ctrl Pts',(5.26476690257421,-29.3807594160688,51.6));
#2717=CARTESIAN_POINT('Ctrl Pts',(5.35416722585994,-29.4862442168082,51.6));
#2718=CARTESIAN_POINT('Ctrl Pts',(4.73001957228023,-26.1915652903403,52.));
#2719=CARTESIAN_POINT('Ctrl Pts',(4.73001957228023,-26.1915652903403,51.6));
#2720=CARTESIAN_POINT('Ctrl Pts',(4.72796599509369,-26.687838201827,52.));
#2721=CARTESIAN_POINT('Ctrl Pts',(4.72796599509369,-26.687838201827,51.6));
#2722=CARTESIAN_POINT('Ctrl Pts',(4.72460836101131,-27.4992529627067,52.));
#2723=CARTESIAN_POINT('Ctrl Pts',(4.72460836101131,-27.4992529627067,51.6));
#2724=CARTESIAN_POINT('Ctrl Pts',(4.85624673669381,-28.2990719963415,52.));
#2725=CARTESIAN_POINT('Ctrl Pts',(4.85624673669381,-28.2990719963415,51.6));
#2726=CARTESIAN_POINT('Ctrl Pts',(4.90737319280941,-28.6097102316703,52.));
#2727=CARTESIAN_POINT('Ctrl Pts',(4.90737319280941,-28.6097102316703,51.6));
#2728=CARTESIAN_POINT('',(4.73001957228023,-26.1915652903403,52.));
#2729=CARTESIAN_POINT('Ctrl Pts',(4.73001957228023,-26.1915652903403,52.));
#2730=CARTESIAN_POINT('Ctrl Pts',(4.72796599509369,-26.687838201827,52.));
#2731=CARTESIAN_POINT('Ctrl Pts',(4.72460836101131,-27.4992529627067,52.));
#2732=CARTESIAN_POINT('Ctrl Pts',(4.85624673669381,-28.2990719963415,52.));
#2733=CARTESIAN_POINT('Ctrl Pts',(4.90737319280941,-28.6097102316703,52.));
#2734=CARTESIAN_POINT('',(4.73001957228023,-26.1915652903403,51.6));
#2735=CARTESIAN_POINT('',(4.73001957228023,-26.1915652903403,52.));
#2736=CARTESIAN_POINT('Ctrl Pts',(4.73001957228023,-26.1915652903403,51.6));
#2737=CARTESIAN_POINT('Ctrl Pts',(4.72796599509369,-26.687838201827,51.6));
#2738=CARTESIAN_POINT('Ctrl Pts',(4.72460836101131,-27.4992529627067,51.6));
#2739=CARTESIAN_POINT('Ctrl Pts',(4.85624673669381,-28.2990719963415,51.6));
#2740=CARTESIAN_POINT('Ctrl Pts',(4.90737319280941,-28.6097102316703,51.6));
#2741=CARTESIAN_POINT('Ctrl Pts',(4.92783665945369,-23.6881547125663,52.));
#2742=CARTESIAN_POINT('Ctrl Pts',(4.92783665945369,-23.6881547125663,51.6));
#2743=CARTESIAN_POINT('Ctrl Pts',(4.87067936677872,-24.019995251825,52.));
#2744=CARTESIAN_POINT('Ctrl Pts',(4.87067936677872,-24.019995251825,51.6));
#2745=CARTESIAN_POINT('Ctrl Pts',(4.72814126030812,-24.8475348343082,52.));
#2746=CARTESIAN_POINT('Ctrl Pts',(4.72814126030812,-24.8475348343082,51.6));
#2747=CARTESIAN_POINT('Ctrl Pts',(4.72931593694994,-25.6880774097901,52.));
#2748=CARTESIAN_POINT('Ctrl Pts',(4.72931593694994,-25.6880774097901,51.6));
#2749=CARTESIAN_POINT('Ctrl Pts',(4.73001957228023,-26.1915652903403,52.));
#2750=CARTESIAN_POINT('Ctrl Pts',(4.73001957228023,-26.1915652903403,51.6));
#2751=CARTESIAN_POINT('',(4.92783665945369,-23.6881547125663,52.));
#2752=CARTESIAN_POINT('Ctrl Pts',(4.92783665945369,-23.6881547125663,52.));
#2753=CARTESIAN_POINT('Ctrl Pts',(4.87067936677872,-24.019995251825,52.));
#2754=CARTESIAN_POINT('Ctrl Pts',(4.72814126030812,-24.8475348343082,52.));
#2755=CARTESIAN_POINT('Ctrl Pts',(4.72931593694994,-25.6880774097901,52.));
#2756=CARTESIAN_POINT('Ctrl Pts',(4.73001957228023,-26.1915652903403,52.));
#2757=CARTESIAN_POINT('',(4.92783665945369,-23.6881547125663,51.6));
#2758=CARTESIAN_POINT('',(4.92783665945369,-23.6881547125663,52.));
#2759=CARTESIAN_POINT('Ctrl Pts',(4.92783665945369,-23.6881547125663,51.6));
#2760=CARTESIAN_POINT('Ctrl Pts',(4.87067936677872,-24.019995251825,51.6));
#2761=CARTESIAN_POINT('Ctrl Pts',(4.72814126030812,-24.8475348343082,51.6));
#2762=CARTESIAN_POINT('Ctrl Pts',(4.72931593694994,-25.6880774097901,51.6));
#2763=CARTESIAN_POINT('Ctrl Pts',(4.73001957228023,-26.1915652903403,51.6));
#2764=CARTESIAN_POINT('Ctrl Pts',(5.35075664808589,-22.8934751900519,52.));
#2765=CARTESIAN_POINT('Ctrl Pts',(5.35075664808589,-22.8934751900519,51.6));
#2766=CARTESIAN_POINT('Ctrl Pts',(5.26249034814552,-22.9924225622909,52.));
#2767=CARTESIAN_POINT('Ctrl Pts',(5.26249034814552,-22.9924225622909,51.6));
#2768=CARTESIAN_POINT('Ctrl Pts',(5.05793702270541,-23.2217288099611,52.));
#2769=CARTESIAN_POINT('Ctrl Pts',(5.05793702270541,-23.2217288099611,51.6));
#2770=CARTESIAN_POINT('Ctrl Pts',(4.97499090365851,-23.5191009115992,52.));
#2771=CARTESIAN_POINT('Ctrl Pts',(4.97499090365851,-23.5191009115992,51.6));
#2772=CARTESIAN_POINT('Ctrl Pts',(4.92783665945369,-23.6881547125663,52.));
#2773=CARTESIAN_POINT('Ctrl Pts',(4.92783665945369,-23.6881547125663,51.6));
#2774=CARTESIAN_POINT('',(5.35075664808589,-22.8934751900519,52.));
#2775=CARTESIAN_POINT('Ctrl Pts',(5.35075664808589,-22.8934751900519,52.));
#2776=CARTESIAN_POINT('Ctrl Pts',(5.26249034814552,-22.9924225622909,52.));
#2777=CARTESIAN_POINT('Ctrl Pts',(5.05793702270541,-23.2217288099611,52.));
#2778=CARTESIAN_POINT('Ctrl Pts',(4.97499090365851,-23.5191009115992,52.));
#2779=CARTESIAN_POINT('Ctrl Pts',(4.92783665945369,-23.6881547125663,52.));
#2780=CARTESIAN_POINT('',(5.35075664808589,-22.8934751900519,51.6));
#2781=CARTESIAN_POINT('',(5.35075664808589,-22.8934751900519,52.));
#2782=CARTESIAN_POINT('Ctrl Pts',(5.35075664808589,-22.8934751900519,51.6));
#2783=CARTESIAN_POINT('Ctrl Pts',(5.26249034814552,-22.9924225622909,51.6));
#2784=CARTESIAN_POINT('Ctrl Pts',(5.05793702270541,-23.2217288099611,51.6));
#2785=CARTESIAN_POINT('Ctrl Pts',(4.97499090365851,-23.5191009115992,51.6));
#2786=CARTESIAN_POINT('Ctrl Pts',(4.92783665945369,-23.6881547125663,51.6));
#2787=CARTESIAN_POINT('Ctrl Pts',(5.97149372389156,-22.6717834624137,52.));
#2788=CARTESIAN_POINT('Ctrl Pts',(5.97149372389156,-22.6717834624137,51.6));
#2789=CARTESIAN_POINT('Ctrl Pts',(5.85852854790552,-22.6811260446058,52.));
#2790=CARTESIAN_POINT('Ctrl Pts',(5.85852854790552,-22.6811260446058,51.6));
#2791=CARTESIAN_POINT('Ctrl Pts',(5.63194844358124,-22.6998649455924,52.));
#2792=CARTESIAN_POINT('Ctrl Pts',(5.63194844358124,-22.6998649455924,51.6));
#2793=CARTESIAN_POINT('Ctrl Pts',(5.44466626647294,-22.8288151805343,52.));
#2794=CARTESIAN_POINT('Ctrl Pts',(5.44466626647294,-22.8288151805343,51.6));
#2795=CARTESIAN_POINT('Ctrl Pts',(5.35075664808589,-22.8934751900519,52.));
#2796=CARTESIAN_POINT('Ctrl Pts',(5.35075664808589,-22.8934751900519,51.6));
#2797=CARTESIAN_POINT('',(5.97149372389156,-22.6717834624137,52.));
#2798=CARTESIAN_POINT('Ctrl Pts',(5.97149372389156,-22.6717834624137,52.));
#2799=CARTESIAN_POINT('Ctrl Pts',(5.85852854790552,-22.6811260446058,52.));
#2800=CARTESIAN_POINT('Ctrl Pts',(5.63194844358124,-22.6998649455924,52.));
#2801=CARTESIAN_POINT('Ctrl Pts',(5.44466626647294,-22.8288151805343,52.));
#2802=CARTESIAN_POINT('Ctrl Pts',(5.35075664808589,-22.8934751900519,52.));
#2803=CARTESIAN_POINT('',(5.97149372389156,-22.6717834624137,51.6));
#2804=CARTESIAN_POINT('',(5.97149372389156,-22.6717834624137,52.));
#2805=CARTESIAN_POINT('Ctrl Pts',(5.97149372389156,-22.6717834624137,51.6));
#2806=CARTESIAN_POINT('Ctrl Pts',(5.85852854790552,-22.6811260446058,51.6));
#2807=CARTESIAN_POINT('Ctrl Pts',(5.63194844358124,-22.6998649455924,51.6));
#2808=CARTESIAN_POINT('Ctrl Pts',(5.44466626647294,-22.8288151805343,51.6));
#2809=CARTESIAN_POINT('Ctrl Pts',(5.35075664808589,-22.8934751900519,51.6));
#2810=CARTESIAN_POINT('Ctrl Pts',(6.58881902983028,-22.8934751900519,52.));
#2811=CARTESIAN_POINT('Ctrl Pts',(6.58881902983028,-22.8934751900519,51.6));
#2812=CARTESIAN_POINT('Ctrl Pts',(6.495784202659,-22.8288151895668,52.));
#2813=CARTESIAN_POINT('Ctrl Pts',(6.495784202659,-22.8288151895668,51.6));
#2814=CARTESIAN_POINT('Ctrl Pts',(6.30986554967361,-22.6996001358312,52.));
#2815=CARTESIAN_POINT('Ctrl Pts',(6.30986554967361,-22.6996001358312,51.6));
#2816=CARTESIAN_POINT('Ctrl Pts',(6.0842232443093,-22.6810506649851,52.));
#2817=CARTESIAN_POINT('Ctrl Pts',(6.0842232443093,-22.6810506649851,51.6));
#2818=CARTESIAN_POINT('Ctrl Pts',(5.97149372389156,-22.6717834624137,52.));
#2819=CARTESIAN_POINT('Ctrl Pts',(5.97149372389156,-22.6717834624137,51.6));
#2820=CARTESIAN_POINT('Ctrl Pts',(6.58881902983028,-22.8934751900519,52.));
#2821=CARTESIAN_POINT('Ctrl Pts',(6.495784202659,-22.8288151895668,52.));
#2822=CARTESIAN_POINT('Ctrl Pts',(6.30986554967361,-22.6996001358312,52.));
#2823=CARTESIAN_POINT('Ctrl Pts',(6.0842232443093,-22.6810506649851,52.));
#2824=CARTESIAN_POINT('Ctrl Pts',(5.97149372389156,-22.6717834624137,52.));
#2825=CARTESIAN_POINT('Ctrl Pts',(6.58881902983028,-22.8934751900519,51.6));
#2826=CARTESIAN_POINT('Ctrl Pts',(6.495784202659,-22.8288151895668,51.6));
#2827=CARTESIAN_POINT('Ctrl Pts',(6.30986554967361,-22.6996001358312,51.6));
#2828=CARTESIAN_POINT('Ctrl Pts',(6.0842232443093,-22.6810506649851,51.6));
#2829=CARTESIAN_POINT('Ctrl Pts',(5.97149372389156,-22.6717834624137,51.6));
#2830=CARTESIAN_POINT('Ctrl Pts',(2.72456288626033,-26.171101823696,52.));
#2831=CARTESIAN_POINT('Ctrl Pts',(2.72456288626033,-26.171101823696,51.6));
#2832=CARTESIAN_POINT('Ctrl Pts',(2.73381427216143,-25.3421873371737,52.));
#2833=CARTESIAN_POINT('Ctrl Pts',(2.73381427216143,-25.3421873371737,51.6));
#2834=CARTESIAN_POINT('Ctrl Pts',(2.74987023847956,-23.9035895726353,52.));
#2835=CARTESIAN_POINT('Ctrl Pts',(2.74987023847956,-23.9035895726353,51.6));
#2836=CARTESIAN_POINT('Ctrl Pts',(3.4219831316435,-22.6407943192177,52.));
#2837=CARTESIAN_POINT('Ctrl Pts',(3.4219831316435,-22.6407943192177,51.6));
#2838=CARTESIAN_POINT('Ctrl Pts',(3.70682716657955,-22.1056168230857,52.));
#2839=CARTESIAN_POINT('Ctrl Pts',(3.70682716657955,-22.1056168230857,51.6));
#2840=CARTESIAN_POINT('',(2.72456288626033,-26.171101823696,52.));
#2841=CARTESIAN_POINT('',(3.70682716657955,-22.1056168230857,52.));
#2842=CARTESIAN_POINT('Ctrl Pts',(2.72456288626033,-26.171101823696,52.));
#2843=CARTESIAN_POINT('Ctrl Pts',(2.73381427216143,-25.3421873371737,52.));
#2844=CARTESIAN_POINT('Ctrl Pts',(2.74987023847956,-23.9035895726353,52.));
#2845=CARTESIAN_POINT('Ctrl Pts',(3.4219831316435,-22.6407943192177,52.));
#2846=CARTESIAN_POINT('Ctrl Pts',(3.70682716657955,-22.1056168230857,52.));
#2847=CARTESIAN_POINT('',(2.72456288626033,-26.171101823696,51.6));
#2848=CARTESIAN_POINT('',(2.72456288626033,-26.171101823696,52.));
#2849=CARTESIAN_POINT('',(3.70682716657955,-22.1056168230857,51.6));
#2850=CARTESIAN_POINT('Ctrl Pts',(2.72456288626033,-26.171101823696,51.6));
#2851=CARTESIAN_POINT('Ctrl Pts',(2.73381427216143,-25.3421873371737,51.6));
#2852=CARTESIAN_POINT('Ctrl Pts',(2.74987023847956,-23.9035895726353,51.6));
#2853=CARTESIAN_POINT('Ctrl Pts',(3.4219831316435,-22.6407943192177,51.6));
#2854=CARTESIAN_POINT('Ctrl Pts',(3.70682716657955,-22.1056168230857,51.6));
#2855=CARTESIAN_POINT('',(3.70682716657955,-22.1056168230857,52.));
#2856=CARTESIAN_POINT('Ctrl Pts',(3.61815095236141,-30.1717834624137,52.));
#2857=CARTESIAN_POINT('Ctrl Pts',(3.61815095236141,-30.1717834624137,51.6));
#2858=CARTESIAN_POINT('Ctrl Pts',(3.35958561955871,-29.6602966564154,52.));
#2859=CARTESIAN_POINT('Ctrl Pts',(3.35958561955871,-29.6602966564154,51.6));
#2860=CARTESIAN_POINT('Ctrl Pts',(2.72821094311767,-28.4113286948541,52.));
#2861=CARTESIAN_POINT('Ctrl Pts',(2.72821094311767,-28.4113286948541,51.6));
#2862=CARTESIAN_POINT('Ctrl Pts',(2.72591724926088,-27.0027994933835,52.));
#2863=CARTESIAN_POINT('Ctrl Pts',(2.72591724926088,-27.0027994933835,51.6));
#2864=CARTESIAN_POINT('Ctrl Pts',(2.72456288626033,-26.171101823696,52.));
#2865=CARTESIAN_POINT('Ctrl Pts',(2.72456288626033,-26.171101823696,51.6));
#2866=CARTESIAN_POINT('',(3.61815095236141,-30.1717834624137,52.));
#2867=CARTESIAN_POINT('Ctrl Pts',(3.61815095236141,-30.1717834624137,52.));
#2868=CARTESIAN_POINT('Ctrl Pts',(3.35958561955871,-29.6602966564154,52.));
#2869=CARTESIAN_POINT('Ctrl Pts',(2.72821094311767,-28.4113286948541,52.));
#2870=CARTESIAN_POINT('Ctrl Pts',(2.72591724926088,-27.0027994933835,52.));
#2871=CARTESIAN_POINT('Ctrl Pts',(2.72456288626033,-26.171101823696,52.));
#2872=CARTESIAN_POINT('',(3.61815095236141,-30.1717834624137,51.6));
#2873=CARTESIAN_POINT('',(3.61815095236141,-30.1717834624137,52.));
#2874=CARTESIAN_POINT('Ctrl Pts',(3.61815095236141,-30.1717834624137,51.6));
#2875=CARTESIAN_POINT('Ctrl Pts',(3.35958561955871,-29.6602966564154,51.6));
#2876=CARTESIAN_POINT('Ctrl Pts',(2.72821094311767,-28.4113286948541,51.6));
#2877=CARTESIAN_POINT('Ctrl Pts',(2.72591724926088,-27.0027994933835,51.6));
#2878=CARTESIAN_POINT('Ctrl Pts',(2.72456288626033,-26.171101823696,51.6));
#2879=CARTESIAN_POINT('Ctrl Pts',(5.97149372389156,-31.2938850077475,52.));
#2880=CARTESIAN_POINT('Ctrl Pts',(5.97149372389156,-31.2938850077475,51.6));
#2881=CARTESIAN_POINT('Ctrl Pts',(5.50926688377749,-31.2480905829975,52.));
#2882=CARTESIAN_POINT('Ctrl Pts',(5.50926688377749,-31.2480905829975,51.6));
#2883=CARTESIAN_POINT('Ctrl Pts',(4.58949838337635,-31.1569659105993,52.));
#2884=CARTESIAN_POINT('Ctrl Pts',(4.58949838337635,-31.1569659105993,51.6));
#2885=CARTESIAN_POINT('Ctrl Pts',(3.94083202231016,-30.4990605172807,52.));
#2886=CARTESIAN_POINT('Ctrl Pts',(3.94083202231016,-30.4990605172807,51.6));
#2887=CARTESIAN_POINT('Ctrl Pts',(3.61815095236141,-30.1717834624137,52.));
#2888=CARTESIAN_POINT('Ctrl Pts',(3.61815095236141,-30.1717834624137,51.6));
#2889=CARTESIAN_POINT('',(5.97149372389156,-31.2938850077475,52.));
#2890=CARTESIAN_POINT('Ctrl Pts',(5.97149372389156,-31.2938850077475,52.));
#2891=CARTESIAN_POINT('Ctrl Pts',(5.50926688377749,-31.2480905829975,52.));
#2892=CARTESIAN_POINT('Ctrl Pts',(4.58949838337635,-31.1569659105993,52.));
#2893=CARTESIAN_POINT('Ctrl Pts',(3.94083202231016,-30.4990605172807,52.));
#2894=CARTESIAN_POINT('Ctrl Pts',(3.61815095236141,-30.1717834624137,52.));
#2895=CARTESIAN_POINT('',(5.97149372389156,-31.2938850077475,51.6));
#2896=CARTESIAN_POINT('',(5.97149372389156,-31.2938850077475,52.));
#2897=CARTESIAN_POINT('Ctrl Pts',(5.97149372389156,-31.2938850077475,51.6));
#2898=CARTESIAN_POINT('Ctrl Pts',(5.50926688377749,-31.2480905829975,51.6));
#2899=CARTESIAN_POINT('Ctrl Pts',(4.58949838337635,-31.1569659105993,51.6));
#2900=CARTESIAN_POINT('Ctrl Pts',(3.94083202231016,-30.4990605172807,51.6));
#2901=CARTESIAN_POINT('Ctrl Pts',(3.61815095236141,-30.1717834624137,51.6));
#2902=CARTESIAN_POINT('Ctrl Pts',(8.23615908911068,-30.2706926020469,52.));
#2903=CARTESIAN_POINT('Ctrl Pts',(8.23615908911068,-30.2706926020469,51.6));
#2904=CARTESIAN_POINT('Ctrl Pts',(7.93175836786761,-30.5690442116907,52.));
#2905=CARTESIAN_POINT('Ctrl Pts',(7.93175836786761,-30.5690442116907,51.6));
#2906=CARTESIAN_POINT('Ctrl Pts',(7.30347622202285,-31.1848410099302,52.));
#2907=CARTESIAN_POINT('Ctrl Pts',(7.30347622202285,-31.1848410099302,51.6));
#2908=CARTESIAN_POINT('Ctrl Pts',(6.42457174790902,-31.2567933499132,52.));
#2909=CARTESIAN_POINT('Ctrl Pts',(6.42457174790902,-31.2567933499132,51.6));
#2910=CARTESIAN_POINT('Ctrl Pts',(5.97149372389156,-31.2938850077475,52.));
#2911=CARTESIAN_POINT('Ctrl Pts',(5.97149372389156,-31.2938850077475,51.6));
#2912=CARTESIAN_POINT('',(8.23615908911068,-30.2706926020469,52.));
#2913=CARTESIAN_POINT('Ctrl Pts',(8.23615908911068,-30.2706926020469,52.));
#2914=CARTESIAN_POINT('Ctrl Pts',(7.93175836786761,-30.5690442116907,52.));
#2915=CARTESIAN_POINT('Ctrl Pts',(7.30347622202285,-31.1848410099302,52.));
#2916=CARTESIAN_POINT('Ctrl Pts',(6.42457174790902,-31.2567933499132,52.));
#2917=CARTESIAN_POINT('Ctrl Pts',(5.97149372389156,-31.2938850077475,52.));
#2918=CARTESIAN_POINT('',(8.23615908911068,-30.2706926020469,51.6));
#2919=CARTESIAN_POINT('',(8.23615908911068,-30.2706926020469,52.));
#2920=CARTESIAN_POINT('Ctrl Pts',(8.23615908911068,-30.2706926020469,51.6));
#2921=CARTESIAN_POINT('Ctrl Pts',(7.93175836786761,-30.5690442116907,51.6));
#2922=CARTESIAN_POINT('Ctrl Pts',(7.30347622202285,-31.1848410099302,51.6));
#2923=CARTESIAN_POINT('Ctrl Pts',(6.42457174790902,-31.2567933499132,51.6));
#2924=CARTESIAN_POINT('Ctrl Pts',(5.97149372389156,-31.2938850077475,51.6));
#2925=CARTESIAN_POINT('Ctrl Pts',(9.21842456152278,-26.1915652903403,52.));
#2926=CARTESIAN_POINT('Ctrl Pts',(9.21842456152278,-26.1915652903403,51.6));
#2927=CARTESIAN_POINT('Ctrl Pts',(9.20948242654167,-27.0239264333426,52.));
#2928=CARTESIAN_POINT('Ctrl Pts',(9.20948242654167,-27.0239264333426,51.6));
#2929=CARTESIAN_POINT('Ctrl Pts',(9.19397913850974,-28.4670196738046,52.));
#2930=CARTESIAN_POINT('Ctrl Pts',(9.19397913850974,-28.4670196738046,51.6));
#2931=CARTESIAN_POINT('Ctrl Pts',(8.52097953462647,-29.7343466283861,52.));
#2932=CARTESIAN_POINT('Ctrl Pts',(8.52097953462647,-29.7343466283861,51.6));
#2933=CARTESIAN_POINT('Ctrl Pts',(8.23615908911068,-30.2706926020469,52.));
#2934=CARTESIAN_POINT('Ctrl Pts',(8.23615908911068,-30.2706926020469,51.6));
#2935=CARTESIAN_POINT('',(9.21842456152278,-26.1915652903403,52.));
#2936=CARTESIAN_POINT('Ctrl Pts',(9.21842456152278,-26.1915652903403,52.));
#2937=CARTESIAN_POINT('Ctrl Pts',(9.20948242654167,-27.0239264333426,52.));
#2938=CARTESIAN_POINT('Ctrl Pts',(9.19397913850974,-28.4670196738046,52.));
#2939=CARTESIAN_POINT('Ctrl Pts',(8.52097953462647,-29.7343466283861,52.));
#2940=CARTESIAN_POINT('Ctrl Pts',(8.23615908911068,-30.2706926020469,52.));
#2941=CARTESIAN_POINT('',(9.21842456152278,-26.1915652903403,51.6));
#2942=CARTESIAN_POINT('',(9.21842456152278,-26.1915652903403,52.));
#2943=CARTESIAN_POINT('Ctrl Pts',(9.21842456152278,-26.1915652903403,51.6));
#2944=CARTESIAN_POINT('Ctrl Pts',(9.20948242654167,-27.0239264333426,51.6));
#2945=CARTESIAN_POINT('Ctrl Pts',(9.19397913850974,-28.4670196738046,51.6));
#2946=CARTESIAN_POINT('Ctrl Pts',(8.52097953462647,-29.7343466283861,51.6));
#2947=CARTESIAN_POINT('Ctrl Pts',(8.23615908911068,-30.2706926020469,51.6));
#2948=CARTESIAN_POINT('Ctrl Pts',(8.24298024465877,-22.1192597302283,52.));
#2949=CARTESIAN_POINT('Ctrl Pts',(8.24298024465877,-22.1192597302283,51.6));
#2950=CARTESIAN_POINT('Ctrl Pts',(8.52576164560613,-22.6528820838578,52.));
#2951=CARTESIAN_POINT('Ctrl Pts',(8.52576164560613,-22.6528820838578,51.6));
#2952=CARTESIAN_POINT('Ctrl Pts',(9.19631242520644,-23.9182442471389,52.));
#2953=CARTESIAN_POINT('Ctrl Pts',(9.19631242520644,-23.9182442471389,51.6));
#2954=CARTESIAN_POINT('Ctrl Pts',(9.21032265654326,-25.3586185855777,52.));
#2955=CARTESIAN_POINT('Ctrl Pts',(9.21032265654326,-25.3586185855777,51.6));
#2956=CARTESIAN_POINT('Ctrl Pts',(9.21842456152278,-26.1915652903403,52.));
#2957=CARTESIAN_POINT('Ctrl Pts',(9.21842456152278,-26.1915652903403,51.6));
#2958=CARTESIAN_POINT('',(8.24298024465877,-22.1192597302283,52.));
#2959=CARTESIAN_POINT('Ctrl Pts',(8.24298024465877,-22.1192597302283,52.));
#2960=CARTESIAN_POINT('Ctrl Pts',(8.52576164560613,-22.6528820838578,52.));
#2961=CARTESIAN_POINT('Ctrl Pts',(9.19631242520644,-23.9182442471389,52.));
#2962=CARTESIAN_POINT('Ctrl Pts',(9.21032265654326,-25.3586185855777,52.));
#2963=CARTESIAN_POINT('Ctrl Pts',(9.21842456152278,-26.1915652903403,52.));
#2964=CARTESIAN_POINT('',(8.24298024465877,-22.1192597302283,51.6));
#2965=CARTESIAN_POINT('',(8.24298024465877,-22.1192597302283,52.));
#2966=CARTESIAN_POINT('Ctrl Pts',(8.24298024465877,-22.1192597302283,51.6));
#2967=CARTESIAN_POINT('Ctrl Pts',(8.52576164560613,-22.6528820838578,51.6));
#2968=CARTESIAN_POINT('Ctrl Pts',(9.19631242520644,-23.9182442471389,51.6));
#2969=CARTESIAN_POINT('Ctrl Pts',(9.21032265654326,-25.3586185855777,51.6));
#2970=CARTESIAN_POINT('Ctrl Pts',(9.21842456152278,-26.1915652903403,51.6));
#2971=CARTESIAN_POINT('Ctrl Pts',(5.97149372389156,-21.0824256094779,52.));
#2972=CARTESIAN_POINT('Ctrl Pts',(5.97149372389156,-21.0824256094779,51.6));
#2973=CARTESIAN_POINT('Ctrl Pts',(6.42533153040767,-21.1206305468168,52.));
#2974=CARTESIAN_POINT('Ctrl Pts',(6.42533153040767,-21.1206305468168,51.6));
#2975=CARTESIAN_POINT('Ctrl Pts',(7.30851800643004,-21.1949788789535,52.));
#2976=CARTESIAN_POINT('Ctrl Pts',(7.30851800643004,-21.1949788789535,51.6));
#2977=CARTESIAN_POINT('Ctrl Pts',(7.93730452995191,-21.8169144901052,52.));
#2978=CARTESIAN_POINT('Ctrl Pts',(7.93730452995191,-21.8169144901052,51.6));
#2979=CARTESIAN_POINT('Ctrl Pts',(8.24298024465877,-22.1192597302283,52.));
#2980=CARTESIAN_POINT('Ctrl Pts',(8.24298024465877,-22.1192597302283,51.6));
#2981=CARTESIAN_POINT('',(5.97149372389156,-21.0824256094779,52.));
#2982=CARTESIAN_POINT('Ctrl Pts',(5.97149372389156,-21.0824256094779,52.));
#2983=CARTESIAN_POINT('Ctrl Pts',(6.42533153040767,-21.1206305468168,52.));
#2984=CARTESIAN_POINT('Ctrl Pts',(7.30851800643004,-21.1949788789535,52.));
#2985=CARTESIAN_POINT('Ctrl Pts',(7.93730452995191,-21.8169144901052,52.));
#2986=CARTESIAN_POINT('Ctrl Pts',(8.24298024465877,-22.1192597302283,52.));
#2987=CARTESIAN_POINT('',(5.97149372389156,-21.0824256094779,51.6));
#2988=CARTESIAN_POINT('',(5.97149372389156,-21.0824256094779,52.));
#2989=CARTESIAN_POINT('Ctrl Pts',(5.97149372389156,-21.0824256094779,51.6));
#2990=CARTESIAN_POINT('Ctrl Pts',(6.42533153040767,-21.1206305468168,51.6));
#2991=CARTESIAN_POINT('Ctrl Pts',(7.30851800643004,-21.1949788789535,51.6));
#2992=CARTESIAN_POINT('Ctrl Pts',(7.93730452995191,-21.8169144901052,51.6));
#2993=CARTESIAN_POINT('Ctrl Pts',(8.24298024465877,-22.1192597302283,51.6));
#2994=CARTESIAN_POINT('Ctrl Pts',(3.70682716657955,-22.1056168230857,52.));
#2995=CARTESIAN_POINT('Ctrl Pts',(3.70682716657955,-22.1056168230857,51.6));
#2996=CARTESIAN_POINT('Ctrl Pts',(4.01122834334985,-21.8072655601546,52.));
#2997=CARTESIAN_POINT('Ctrl Pts',(4.01122834334985,-21.8072655601546,51.6));
#2998=CARTESIAN_POINT('Ctrl Pts',(4.63951131537132,-21.1914695892929,52.));
#2999=CARTESIAN_POINT('Ctrl Pts',(4.63951131537132,-21.1914695892929,51.6));
#3000=CARTESIAN_POINT('Ctrl Pts',(5.51841578135203,-21.1195172570138,52.));
#3001=CARTESIAN_POINT('Ctrl Pts',(5.51841578135203,-21.1195172570138,51.6));
#3002=CARTESIAN_POINT('Ctrl Pts',(5.97149372389156,-21.0824256094779,52.));
#3003=CARTESIAN_POINT('Ctrl Pts',(5.97149372389156,-21.0824256094779,51.6));
#3004=CARTESIAN_POINT('Ctrl Pts',(3.70682716657955,-22.1056168230857,52.));
#3005=CARTESIAN_POINT('Ctrl Pts',(4.01122834334985,-21.8072655601546,52.));
#3006=CARTESIAN_POINT('Ctrl Pts',(4.63951131537132,-21.1914695892929,52.));
#3007=CARTESIAN_POINT('Ctrl Pts',(5.51841578135203,-21.1195172570138,52.));
#3008=CARTESIAN_POINT('Ctrl Pts',(5.97149372389156,-21.0824256094779,52.));
#3009=CARTESIAN_POINT('Ctrl Pts',(3.70682716657955,-22.1056168230857,51.6));
#3010=CARTESIAN_POINT('Ctrl Pts',(4.01122834334985,-21.8072655601546,51.6));
#3011=CARTESIAN_POINT('Ctrl Pts',(4.63951131537132,-21.1914695892929,51.6));
#3012=CARTESIAN_POINT('Ctrl Pts',(5.51841578135203,-21.1195172570138,51.6));
#3013=CARTESIAN_POINT('Ctrl Pts',(5.97149372389156,-21.0824256094779,51.6));
#3014=CARTESIAN_POINT('Origin',(1.14543672939378,-26.1881553086127,51.6));
#3015=CARTESIAN_POINT('Origin',(-3.33273529718083,-22.8150307091559,52.));
#3016=CARTESIAN_POINT('',(-3.33273529718083,-22.8150307091559,52.));
#3017=CARTESIAN_POINT('',(-4.90845143506688,-22.8150307091559,52.));
#3018=CARTESIAN_POINT('',(2.58363235140959,-22.8150307091559,52.));
#3019=CARTESIAN_POINT('',(-3.33273529718083,-22.8150307091559,51.6));
#3020=CARTESIAN_POINT('',(-3.33273529718083,-22.8150307091559,52.));
#3021=CARTESIAN_POINT('',(-4.90845143506688,-22.8150307091559,51.6));
#3022=CARTESIAN_POINT('',(-3.33273529718083,-22.8150307091559,51.6));
#3023=CARTESIAN_POINT('',(-4.90845143506688,-22.8150307091559,52.));
#3024=CARTESIAN_POINT('Ctrl Pts',(-1.85933828065556,-22.8491370829428,52.));
#3025=CARTESIAN_POINT('Ctrl Pts',(-1.85933828065556,-22.8491370829428,51.6));
#3026=CARTESIAN_POINT('Ctrl Pts',(-2.02301320733901,-22.8394254501331,52.));
#3027=CARTESIAN_POINT('Ctrl Pts',(-2.02301320733901,-22.8394254501331,51.6));
#3028=CARTESIAN_POINT('Ctrl Pts',(-2.51360680768833,-22.8103161357015,52.));
#3029=CARTESIAN_POINT('Ctrl Pts',(-2.51360680768833,-22.8103161357015,51.6));
#3030=CARTESIAN_POINT('Ctrl Pts',(-3.00517030781183,-22.8131453770947,52.));
#3031=CARTESIAN_POINT('Ctrl Pts',(-3.00517030781183,-22.8131453770947,51.6));
#3032=CARTESIAN_POINT('Ctrl Pts',(-3.33273529718083,-22.8150307091559,52.));
#3033=CARTESIAN_POINT('Ctrl Pts',(-3.33273529718083,-22.8150307091559,51.6));
#3034=CARTESIAN_POINT('',(-1.85933828065556,-22.8491370829428,52.));
#3035=CARTESIAN_POINT('Ctrl Pts',(-1.85933828065556,-22.8491370829428,52.));
#3036=CARTESIAN_POINT('Ctrl Pts',(-2.02301320733901,-22.8394254501331,52.));
#3037=CARTESIAN_POINT('Ctrl Pts',(-2.51360680768833,-22.8103161357015,52.));
#3038=CARTESIAN_POINT('Ctrl Pts',(-3.00517030781183,-22.8131453770947,52.));
#3039=CARTESIAN_POINT('Ctrl Pts',(-3.33273529718083,-22.8150307091559,52.));
#3040=CARTESIAN_POINT('',(-1.85933828065556,-22.8491370829428,51.6));
#3041=CARTESIAN_POINT('',(-1.85933828065556,-22.8491370829428,52.));
#3042=CARTESIAN_POINT('Ctrl Pts',(-1.85933828065556,-22.8491370829428,51.6));
#3043=CARTESIAN_POINT('Ctrl Pts',(-2.02301320733901,-22.8394254501331,51.6));
#3044=CARTESIAN_POINT('Ctrl Pts',(-2.51360680768833,-22.8103161357015,51.6));
#3045=CARTESIAN_POINT('Ctrl Pts',(-3.00517030781183,-22.8131453770947,51.6));
#3046=CARTESIAN_POINT('Ctrl Pts',(-3.33273529718083,-22.8150307091559,51.6));
#3047=CARTESIAN_POINT('Ctrl Pts',(-1.09876513192814,-23.2413606795157,52.));
#3048=CARTESIAN_POINT('Ctrl Pts',(-1.09876513192814,-23.2413606795157,51.6));
#3049=CARTESIAN_POINT('Ctrl Pts',(-1.20171697161339,-23.1468331092854,52.));
#3050=CARTESIAN_POINT('Ctrl Pts',(-1.20171697161339,-23.1468331092854,51.6));
#3051=CARTESIAN_POINT('Ctrl Pts',(-1.41897630147008,-22.9473515203793,52.));
#3052=CARTESIAN_POINT('Ctrl Pts',(-1.41897630147008,-22.9473515203793,51.6));
#3053=CARTESIAN_POINT('Ctrl Pts',(-1.7075237154848,-22.8829964595868,52.));
#3054=CARTESIAN_POINT('Ctrl Pts',(-1.7075237154848,-22.8829964595868,51.6));
#3055=CARTESIAN_POINT('Ctrl Pts',(-1.85933828065556,-22.8491370829428,52.));
#3056=CARTESIAN_POINT('Ctrl Pts',(-1.85933828065556,-22.8491370829428,51.6));
#3057=CARTESIAN_POINT('',(-1.09876513192814,-23.2413606795157,52.));
#3058=CARTESIAN_POINT('Ctrl Pts',(-1.09876513192814,-23.2413606795157,52.));
#3059=CARTESIAN_POINT('Ctrl Pts',(-1.20171697161339,-23.1468331092854,52.));
#3060=CARTESIAN_POINT('Ctrl Pts',(-1.41897630147008,-22.9473515203793,52.));
#3061=CARTESIAN_POINT('Ctrl Pts',(-1.7075237154848,-22.8829964595868,52.));
#3062=CARTESIAN_POINT('Ctrl Pts',(-1.85933828065556,-22.8491370829428,52.));
#3063=CARTESIAN_POINT('',(-1.09876513192814,-23.2413606795157,51.6));
#3064=CARTESIAN_POINT('',(-1.09876513192814,-23.2413606795157,52.));
#3065=CARTESIAN_POINT('Ctrl Pts',(-1.09876513192814,-23.2413606795157,51.6));
#3066=CARTESIAN_POINT('Ctrl Pts',(-1.20171697161339,-23.1468331092854,51.6));
#3067=CARTESIAN_POINT('Ctrl Pts',(-1.41897630147008,-22.9473515203793,51.6));
#3068=CARTESIAN_POINT('Ctrl Pts',(-1.7075237154848,-22.8829964595868,51.6));
#3069=CARTESIAN_POINT('Ctrl Pts',(-1.85933828065556,-22.8491370829428,51.6));
#3070=CARTESIAN_POINT('Ctrl Pts',(-0.829324719406781,-24.0565036686744,
52.));
#3071=CARTESIAN_POINT('Ctrl Pts',(-0.829324719406781,-24.0565036686744,
51.6));
#3072=CARTESIAN_POINT('Ctrl Pts',(-0.837795574389255,-23.89966189158,52.));
#3073=CARTESIAN_POINT('Ctrl Pts',(-0.837795574389255,-23.89966189158,51.6));
#3074=CARTESIAN_POINT('Ctrl Pts',(-0.853833879611162,-23.6027052918284,
52.));
#3075=CARTESIAN_POINT('Ctrl Pts',(-0.853833879611162,-23.6027052918284,
51.6));
#3076=CARTESIAN_POINT('Ctrl Pts',(-1.02024593066698,-23.3571992671619,52.));
#3077=CARTESIAN_POINT('Ctrl Pts',(-1.02024593066698,-23.3571992671619,51.6));
#3078=CARTESIAN_POINT('Ctrl Pts',(-1.09876513192814,-23.2413606795157,52.));
#3079=CARTESIAN_POINT('Ctrl Pts',(-1.09876513192814,-23.2413606795157,51.6));
#3080=CARTESIAN_POINT('',(-0.829324719406781,-24.0565036686744,52.));
#3081=CARTESIAN_POINT('Ctrl Pts',(-0.829324719406781,-24.0565036686744,
52.));
#3082=CARTESIAN_POINT('Ctrl Pts',(-0.837795574389255,-23.89966189158,52.));
#3083=CARTESIAN_POINT('Ctrl Pts',(-0.853833879611162,-23.6027052918284,
52.));
#3084=CARTESIAN_POINT('Ctrl Pts',(-1.02024593066698,-23.3571992671619,52.));
#3085=CARTESIAN_POINT('Ctrl Pts',(-1.09876513192814,-23.2413606795157,52.));
#3086=CARTESIAN_POINT('',(-0.829324719406781,-24.0565036686744,51.6));
#3087=CARTESIAN_POINT('',(-0.829324719406781,-24.0565036686744,52.));
#3088=CARTESIAN_POINT('Ctrl Pts',(-0.829324719406781,-24.0565036686744,
51.6));
#3089=CARTESIAN_POINT('Ctrl Pts',(-0.837795574389255,-23.89966189158,51.6));
#3090=CARTESIAN_POINT('Ctrl Pts',(-0.853833879611162,-23.6027052918284,
51.6));
#3091=CARTESIAN_POINT('Ctrl Pts',(-1.02024593066698,-23.3571992671619,51.6));
#3092=CARTESIAN_POINT('Ctrl Pts',(-1.09876513192814,-23.2413606795157,51.6));
#3093=CARTESIAN_POINT('Ctrl Pts',(-1.03396296212834,-24.8068450840796,52.));
#3094=CARTESIAN_POINT('Ctrl Pts',(-1.03396296212834,-24.8068450840796,51.6));
#3095=CARTESIAN_POINT('Ctrl Pts',(-0.97432960578542,-24.6966845664001,52.));
#3096=CARTESIAN_POINT('Ctrl Pts',(-0.97432960578542,-24.6966845664001,51.6));
#3097=CARTESIAN_POINT('Ctrl Pts',(-0.847836088126939,-24.4630134762096,
52.));
#3098=CARTESIAN_POINT('Ctrl Pts',(-0.847836088126939,-24.4630134762096,
51.6));
#3099=CARTESIAN_POINT('Ctrl Pts',(-0.835725803189458,-24.1970715205631,
52.));
#3100=CARTESIAN_POINT('Ctrl Pts',(-0.835725803189458,-24.1970715205631,
51.6));
#3101=CARTESIAN_POINT('Ctrl Pts',(-0.829324719406781,-24.0565036686744,
52.));
#3102=CARTESIAN_POINT('Ctrl Pts',(-0.829324719406781,-24.0565036686744,
51.6));
#3103=CARTESIAN_POINT('',(-1.03396296212834,-24.8068450840796,52.));
#3104=CARTESIAN_POINT('Ctrl Pts',(-1.03396296212834,-24.8068450840796,52.));
#3105=CARTESIAN_POINT('Ctrl Pts',(-0.97432960578542,-24.6966845664001,52.));
#3106=CARTESIAN_POINT('Ctrl Pts',(-0.847836088126939,-24.4630134762096,
52.));
#3107=CARTESIAN_POINT('Ctrl Pts',(-0.835725803189458,-24.1970715205631,
52.));
#3108=CARTESIAN_POINT('Ctrl Pts',(-0.829324719406781,-24.0565036686744,
52.));
#3109=CARTESIAN_POINT('',(-1.03396296212834,-24.8068450840796,51.6));
#3110=CARTESIAN_POINT('',(-1.03396296212834,-24.8068450840796,52.));
#3111=CARTESIAN_POINT('Ctrl Pts',(-1.03396296212834,-24.8068450840796,51.6));
#3112=CARTESIAN_POINT('Ctrl Pts',(-0.97432960578542,-24.6966845664001,51.6));
#3113=CARTESIAN_POINT('Ctrl Pts',(-0.847836088126939,-24.4630134762096,
51.6));
#3114=CARTESIAN_POINT('Ctrl Pts',(-0.835725803189458,-24.1970715205631,
51.6));
#3115=CARTESIAN_POINT('Ctrl Pts',(-0.829324719406781,-24.0565036686744,
51.6));
#3116=CARTESIAN_POINT('Ctrl Pts',(-1.60012960145634,-25.2297644766654,52.));
#3117=CARTESIAN_POINT('Ctrl Pts',(-1.60012960145634,-25.2297644766654,51.6));
#3118=CARTESIAN_POINT('Ctrl Pts',(-1.48663112883115,-25.1821361562912,52.));
#3119=CARTESIAN_POINT('Ctrl Pts',(-1.48663112883115,-25.1821361562912,51.6));
#3120=CARTESIAN_POINT('Ctrl Pts',(-1.26264931124631,-25.0881447789697,52.));
#3121=CARTESIAN_POINT('Ctrl Pts',(-1.26264931124631,-25.0881447789697,51.6));
#3122=CARTESIAN_POINT('Ctrl Pts',(-1.10950455995858,-24.8997663647031,52.));
#3123=CARTESIAN_POINT('Ctrl Pts',(-1.10950455995858,-24.8997663647031,51.6));
#3124=CARTESIAN_POINT('Ctrl Pts',(-1.03396296212834,-24.8068450840796,52.));
#3125=CARTESIAN_POINT('Ctrl Pts',(-1.03396296212834,-24.8068450840796,51.6));
#3126=CARTESIAN_POINT('',(-1.60012960145634,-25.2297644766654,52.));
#3127=CARTESIAN_POINT('Ctrl Pts',(-1.60012960145634,-25.2297644766654,52.));
#3128=CARTESIAN_POINT('Ctrl Pts',(-1.48663112883115,-25.1821361562912,52.));
#3129=CARTESIAN_POINT('Ctrl Pts',(-1.26264931124631,-25.0881447789697,52.));
#3130=CARTESIAN_POINT('Ctrl Pts',(-1.10950455995858,-24.8997663647031,52.));
#3131=CARTESIAN_POINT('Ctrl Pts',(-1.03396296212834,-24.8068450840796,52.));
#3132=CARTESIAN_POINT('',(-1.60012960145634,-25.2297644766654,51.6));
#3133=CARTESIAN_POINT('',(-1.60012960145634,-25.2297644766654,52.));
#3134=CARTESIAN_POINT('Ctrl Pts',(-1.60012960145634,-25.2297644766654,51.6));
#3135=CARTESIAN_POINT('Ctrl Pts',(-1.48663112883115,-25.1821361562912,51.6));
#3136=CARTESIAN_POINT('Ctrl Pts',(-1.26264931124631,-25.0881447789697,51.6));
#3137=CARTESIAN_POINT('Ctrl Pts',(-1.10950455995858,-24.8997663647031,51.6));
#3138=CARTESIAN_POINT('Ctrl Pts',(-1.03396296212834,-24.8068450840796,51.6));
#3139=CARTESIAN_POINT('Ctrl Pts',(-3.4145906538741,-25.3525476607169,52.));
#3140=CARTESIAN_POINT('Ctrl Pts',(-3.4145906538741,-25.3525476607169,51.6));
#3141=CARTESIAN_POINT('Ctrl Pts',(-3.01995068959845,-25.3573169663648,52.));
#3142=CARTESIAN_POINT('Ctrl Pts',(-3.01995068959845,-25.3573169663648,51.6));
#3143=CARTESIAN_POINT('Ctrl Pts',(-2.4110121551952,-25.3646761145866,52.));
#3144=CARTESIAN_POINT('Ctrl Pts',(-2.4110121551952,-25.3646761145866,51.6));
#3145=CARTESIAN_POINT('Ctrl Pts',(-1.81121213266305,-25.2648836069147,52.));
#3146=CARTESIAN_POINT('Ctrl Pts',(-1.81121213266305,-25.2648836069147,51.6));
#3147=CARTESIAN_POINT('Ctrl Pts',(-1.60012960145634,-25.2297644766654,52.));
#3148=CARTESIAN_POINT('Ctrl Pts',(-1.60012960145634,-25.2297644766654,51.6));
#3149=CARTESIAN_POINT('',(-3.4145906538741,-25.3525476607169,52.));
#3150=CARTESIAN_POINT('Ctrl Pts',(-3.4145906538741,-25.3525476607169,52.));
#3151=CARTESIAN_POINT('Ctrl Pts',(-3.01995068959845,-25.3573169663648,52.));
#3152=CARTESIAN_POINT('Ctrl Pts',(-2.4110121551952,-25.3646761145866,52.));
#3153=CARTESIAN_POINT('Ctrl Pts',(-1.81121213266305,-25.2648836069147,52.));
#3154=CARTESIAN_POINT('Ctrl Pts',(-1.60012960145634,-25.2297644766654,52.));
#3155=CARTESIAN_POINT('',(-3.4145906538741,-25.3525476607169,51.6));
#3156=CARTESIAN_POINT('',(-3.4145906538741,-25.3525476607169,52.));
#3157=CARTESIAN_POINT('Ctrl Pts',(-3.4145906538741,-25.3525476607169,51.6));
#3158=CARTESIAN_POINT('Ctrl Pts',(-3.01995068959845,-25.3573169663648,51.6));
#3159=CARTESIAN_POINT('Ctrl Pts',(-2.4110121551952,-25.3646761145866,51.6));
#3160=CARTESIAN_POINT('Ctrl Pts',(-1.81121213266305,-25.2648836069147,51.6));
#3161=CARTESIAN_POINT('Ctrl Pts',(-1.60012960145634,-25.2297644766654,51.6));
#3162=CARTESIAN_POINT('Origin',(-4.90845143506688,-25.3525476607169,52.));
#3163=CARTESIAN_POINT('',(-4.90845143506688,-25.3525476607169,52.));
#3164=CARTESIAN_POINT('',(1.79577428246657,-25.3525476607169,52.));
#3165=CARTESIAN_POINT('',(-4.90845143506688,-25.3525476607169,51.6));
#3166=CARTESIAN_POINT('',(-4.90845143506688,-25.3525476607169,52.));
#3167=CARTESIAN_POINT('',(-4.90845143506688,-25.3525476607169,51.6));
#3168=CARTESIAN_POINT('Origin',(-4.90845143506688,-22.8150307091559,52.));
#3169=CARTESIAN_POINT('',(-4.90845143506688,-20.657515354578,52.));
#3170=CARTESIAN_POINT('',(-4.90845143506688,-22.8150307091559,51.6));
#3171=CARTESIAN_POINT('Origin',(-4.90845143506688,-26.9487278612937,52.));
#3172=CARTESIAN_POINT('',(-4.90845143506688,-26.9487278612937,52.));
#3173=CARTESIAN_POINT('',(-4.90845143506688,-31.1233525427665,52.));
#3174=CARTESIAN_POINT('',(-4.90845143506688,-22.7243639306468,52.));
#3175=CARTESIAN_POINT('',(-4.90845143506688,-26.9487278612937,51.6));
#3176=CARTESIAN_POINT('',(-4.90845143506688,-26.9487278612937,52.));
#3177=CARTESIAN_POINT('',(-4.90845143506688,-31.1233525427665,51.6));
#3178=CARTESIAN_POINT('',(-4.90845143506688,-26.9487278612937,51.6));
#3179=CARTESIAN_POINT('',(-4.90845143506688,-31.1233525427665,52.));
#3180=CARTESIAN_POINT('Origin',(-4.49917465160054,-26.9487278612937,52.));
#3181=CARTESIAN_POINT('',(-4.49917465160054,-26.9487278612937,52.));
#3182=CARTESIAN_POINT('',(2.00041267419973,-26.9487278612937,52.));
#3183=CARTESIAN_POINT('',(-4.49917465160054,-26.9487278612937,51.6));
#3184=CARTESIAN_POINT('',(-4.49917465160054,-26.9487278612937,52.));
#3185=CARTESIAN_POINT('',(-4.49917465160054,-26.9487278612937,51.6));
#3186=CARTESIAN_POINT('Ctrl Pts',(-3.48280340144795,-27.0612787159766,52.));
#3187=CARTESIAN_POINT('Ctrl Pts',(-3.48280340144795,-27.0612787159766,51.6));
#3188=CARTESIAN_POINT('Ctrl Pts',(-3.6203811853193,-27.028696438775,52.));
#3189=CARTESIAN_POINT('Ctrl Pts',(-3.6203811853193,-27.028696438775,51.6));
#3190=CARTESIAN_POINT('Ctrl Pts',(-3.95400681661727,-26.9496845336941,52.));
#3191=CARTESIAN_POINT('Ctrl Pts',(-3.95400681661727,-26.9496845336941,51.6));
#3192=CARTESIAN_POINT('Ctrl Pts',(-4.29739188386209,-26.949081954093,52.));
#3193=CARTESIAN_POINT('Ctrl Pts',(-4.29739188386209,-26.949081954093,51.6));
#3194=CARTESIAN_POINT('Ctrl Pts',(-4.49917465160054,-26.9487278612937,52.));
#3195=CARTESIAN_POINT('Ctrl Pts',(-4.49917465160054,-26.9487278612937,51.6));
#3196=CARTESIAN_POINT('',(-3.48280340144795,-27.0612787159766,52.));
#3197=CARTESIAN_POINT('Ctrl Pts',(-3.48280340144795,-27.0612787159766,52.));
#3198=CARTESIAN_POINT('Ctrl Pts',(-3.6203811853193,-27.028696438775,52.));
#3199=CARTESIAN_POINT('Ctrl Pts',(-3.95400681661727,-26.9496845336941,52.));
#3200=CARTESIAN_POINT('Ctrl Pts',(-4.29739188386209,-26.949081954093,52.));
#3201=CARTESIAN_POINT('Ctrl Pts',(-4.49917465160054,-26.9487278612937,52.));
#3202=CARTESIAN_POINT('',(-3.48280340144795,-27.0612787159766,51.6));
#3203=CARTESIAN_POINT('',(-3.48280340144795,-27.0612787159766,52.));
#3204=CARTESIAN_POINT('Ctrl Pts',(-3.48280340144795,-27.0612787159766,51.6));
#3205=CARTESIAN_POINT('Ctrl Pts',(-3.6203811853193,-27.028696438775,51.6));
#3206=CARTESIAN_POINT('Ctrl Pts',(-3.95400681661727,-26.9496845336941,51.6));
#3207=CARTESIAN_POINT('Ctrl Pts',(-4.29739188386209,-26.949081954093,51.6));
#3208=CARTESIAN_POINT('Ctrl Pts',(-4.49917465160054,-26.9487278612937,51.6));
#3209=CARTESIAN_POINT('Ctrl Pts',(-2.87570953080815,-27.4773769530143,52.));
#3210=CARTESIAN_POINT('Ctrl Pts',(-2.87570953080815,-27.4773769530143,51.6));
#3211=CARTESIAN_POINT('Ctrl Pts',(-2.96945722709327,-27.3853168726336,52.));
#3212=CARTESIAN_POINT('Ctrl Pts',(-2.96945722709327,-27.3853168726336,51.6));
#3213=CARTESIAN_POINT('Ctrl Pts',(-3.1474360224611,-27.21054199435,52.));
#3214=CARTESIAN_POINT('Ctrl Pts',(-3.1474360224611,-27.21054199435,51.6));
#3215=CARTESIAN_POINT('Ctrl Pts',(-3.3750715289046,-27.1092273642014,52.));
#3216=CARTESIAN_POINT('Ctrl Pts',(-3.3750715289046,-27.1092273642014,51.6));
#3217=CARTESIAN_POINT('Ctrl Pts',(-3.48280340144795,-27.0612787159766,52.));
#3218=CARTESIAN_POINT('Ctrl Pts',(-3.48280340144795,-27.0612787159766,51.6));
#3219=CARTESIAN_POINT('',(-2.87570953080815,-27.4773769530143,52.));
#3220=CARTESIAN_POINT('Ctrl Pts',(-2.87570953080815,-27.4773769530143,52.));
#3221=CARTESIAN_POINT('Ctrl Pts',(-2.96945722709327,-27.3853168726336,52.));
#3222=CARTESIAN_POINT('Ctrl Pts',(-3.1474360224611,-27.21054199435,52.));
#3223=CARTESIAN_POINT('Ctrl Pts',(-3.3750715289046,-27.1092273642014,52.));
#3224=CARTESIAN_POINT('Ctrl Pts',(-3.48280340144795,-27.0612787159766,52.));
#3225=CARTESIAN_POINT('',(-2.87570953080815,-27.4773769530143,51.6));
#3226=CARTESIAN_POINT('',(-2.87570953080815,-27.4773769530143,52.));
#3227=CARTESIAN_POINT('Ctrl Pts',(-2.87570953080815,-27.4773769530143,51.6));
#3228=CARTESIAN_POINT('Ctrl Pts',(-2.96945722709327,-27.3853168726336,51.6));
#3229=CARTESIAN_POINT('Ctrl Pts',(-3.1474360224611,-27.21054199435,51.6));
#3230=CARTESIAN_POINT('Ctrl Pts',(-3.3750715289046,-27.1092273642014,51.6));
#3231=CARTESIAN_POINT('Ctrl Pts',(-3.48280340144795,-27.0612787159766,51.6));
#3232=CARTESIAN_POINT('Ctrl Pts',(-1.81158899972599,-28.9473633917655,52.));
#3233=CARTESIAN_POINT('Ctrl Pts',(-1.81158899972599,-28.9473633917655,51.6));
#3234=CARTESIAN_POINT('Ctrl Pts',(-2.02353722222284,-28.6257889158128,52.));
#3235=CARTESIAN_POINT('Ctrl Pts',(-2.02353722222284,-28.6257889158128,51.6));
#3236=CARTESIAN_POINT('Ctrl Pts',(-2.35687521215241,-28.1200380858981,52.));
#3237=CARTESIAN_POINT('Ctrl Pts',(-2.35687521215241,-28.1200380858981,51.6));
#3238=CARTESIAN_POINT('Ctrl Pts',(-2.73720648968512,-27.6489356146437,52.));
#3239=CARTESIAN_POINT('Ctrl Pts',(-2.73720648968512,-27.6489356146437,51.6));
#3240=CARTESIAN_POINT('Ctrl Pts',(-2.87570953080815,-27.4773769530143,52.));
#3241=CARTESIAN_POINT('Ctrl Pts',(-2.87570953080815,-27.4773769530143,51.6));
#3242=CARTESIAN_POINT('',(-1.81158899972599,-28.9473633917655,52.));
#3243=CARTESIAN_POINT('Ctrl Pts',(-1.81158899972599,-28.9473633917655,52.));
#3244=CARTESIAN_POINT('Ctrl Pts',(-2.02353722222284,-28.6257889158128,52.));
#3245=CARTESIAN_POINT('Ctrl Pts',(-2.35687521215241,-28.1200380858981,52.));
#3246=CARTESIAN_POINT('Ctrl Pts',(-2.73720648968512,-27.6489356146437,52.));
#3247=CARTESIAN_POINT('Ctrl Pts',(-2.87570953080815,-27.4773769530143,52.));
#3248=CARTESIAN_POINT('',(-1.81158899972599,-28.9473633917655,51.6));
#3249=CARTESIAN_POINT('',(-1.81158899972599,-28.9473633917655,52.));
#3250=CARTESIAN_POINT('Ctrl Pts',(-1.81158899972599,-28.9473633917655,51.6));
#3251=CARTESIAN_POINT('Ctrl Pts',(-2.02353722222284,-28.6257889158128,51.6));
#3252=CARTESIAN_POINT('Ctrl Pts',(-2.35687521215241,-28.1200380858981,51.6));
#3253=CARTESIAN_POINT('Ctrl Pts',(-2.73720648968512,-27.6489356146437,51.6));
#3254=CARTESIAN_POINT('Ctrl Pts',(-2.87570953080815,-27.4773769530143,51.6));
#3255=CARTESIAN_POINT('Origin',(-0.351834890343365,-31.1233525427665,52.));
#3256=CARTESIAN_POINT('',(-0.351834890343365,-31.1233525427665,52.));
#3257=CARTESIAN_POINT('',(-1.89824479505899,-28.8181895334396,52.));
#3258=CARTESIAN_POINT('',(-0.351834890343365,-31.1233525427665,51.6));
#3259=CARTESIAN_POINT('',(-0.351834890343365,-31.1233525427665,52.));
#3260=CARTESIAN_POINT('',(-0.351834890343365,-31.1233525427665,51.6));
#3261=CARTESIAN_POINT('Origin',(2.06289887716609,-31.1233525427665,52.));
#3262=CARTESIAN_POINT('',(2.06289887716609,-31.1233525427665,52.));
#3263=CARTESIAN_POINT('',(5.28144943858305,-31.1233525427665,52.));
#3264=CARTESIAN_POINT('',(2.06289887716609,-31.1233525427665,51.6));
#3265=CARTESIAN_POINT('',(2.06289887716609,-31.1233525427665,52.));
#3266=CARTESIAN_POINT('',(2.06289887716609,-31.1233525427665,51.6));
#3267=CARTESIAN_POINT('Origin',(0.841889384291949,-29.1724651011313,52.));
#3268=CARTESIAN_POINT('',(0.841889384291949,-29.1724651011313,52.));
#3269=CARTESIAN_POINT('',(-0.480144316664105,-27.0601646156187,52.));
#3270=CARTESIAN_POINT('',(0.841889384291949,-29.1724651011313,51.6));
#3271=CARTESIAN_POINT('',(0.841889384291949,-29.1724651011313,52.));
#3272=CARTESIAN_POINT('',(0.841889384291949,-29.1724651011313,51.6));
#3273=CARTESIAN_POINT('Ctrl Pts',(-0.307496187187848,-27.5490002783622,
52.));
#3274=CARTESIAN_POINT('Ctrl Pts',(-0.307496187187848,-27.5490002783622,
51.6));
#3275=CARTESIAN_POINT('Ctrl Pts',(-0.136785083080539,-27.7576690471109,
52.));
#3276=CARTESIAN_POINT('Ctrl Pts',(-0.136785083080539,-27.7576690471109,
51.6));
#3277=CARTESIAN_POINT('Ctrl Pts',(0.283835233053813,-28.2718144153189,52.));
#3278=CARTESIAN_POINT('Ctrl Pts',(0.283835233053813,-28.2718144153189,51.6));
#3279=CARTESIAN_POINT('Ctrl Pts',(0.633900224460685,-28.8367887531856,52.));
#3280=CARTESIAN_POINT('Ctrl Pts',(0.633900224460685,-28.8367887531856,51.6));
#3281=CARTESIAN_POINT('Ctrl Pts',(0.841889384291949,-29.1724651011313,52.));
#3282=CARTESIAN_POINT('Ctrl Pts',(0.841889384291949,-29.1724651011313,51.6));
#3283=CARTESIAN_POINT('',(-0.307496187187848,-27.5490002783622,52.));
#3284=CARTESIAN_POINT('Ctrl Pts',(-0.307496187187848,-27.5490002783622,
52.));
#3285=CARTESIAN_POINT('Ctrl Pts',(-0.136785083080539,-27.7576690471109,
52.));
#3286=CARTESIAN_POINT('Ctrl Pts',(0.283835233053813,-28.2718144153189,52.));
#3287=CARTESIAN_POINT('Ctrl Pts',(0.633900224460685,-28.8367887531856,52.));
#3288=CARTESIAN_POINT('Ctrl Pts',(0.841889384291949,-29.1724651011313,52.));
#3289=CARTESIAN_POINT('',(-0.307496187187848,-27.5490002783622,51.6));
#3290=CARTESIAN_POINT('',(-0.307496187187848,-27.5490002783622,52.));
#3291=CARTESIAN_POINT('Ctrl Pts',(-0.307496187187848,-27.5490002783622,
51.6));
#3292=CARTESIAN_POINT('Ctrl Pts',(-0.136785083080539,-27.7576690471109,
51.6));
#3293=CARTESIAN_POINT('Ctrl Pts',(0.283835233053813,-28.2718144153189,51.6));
#3294=CARTESIAN_POINT('Ctrl Pts',(0.633900224460685,-28.8367887531856,51.6));
#3295=CARTESIAN_POINT('Ctrl Pts',(0.841889384291949,-29.1724651011313,51.6));
#3296=CARTESIAN_POINT('Ctrl Pts',(-1.38866960714024,-26.7099826487387,52.));
#3297=CARTESIAN_POINT('Ctrl Pts',(-1.38866960714024,-26.7099826487387,51.6));
#3298=CARTESIAN_POINT('Ctrl Pts',(-1.18378894259074,-26.8363486346683,52.));
#3299=CARTESIAN_POINT('Ctrl Pts',(-1.18378894259074,-26.8363486346683,51.6));
#3300=CARTESIAN_POINT('Ctrl Pts',(-0.79312734678556,-27.0773003019587,52.));
#3301=CARTESIAN_POINT('Ctrl Pts',(-0.79312734678556,-27.0773003019587,51.6));
#3302=CARTESIAN_POINT('Ctrl Pts',(-0.464009637950845,-27.3969766909694,
52.));
#3303=CARTESIAN_POINT('Ctrl Pts',(-0.464009637950845,-27.3969766909694,
51.6));
#3304=CARTESIAN_POINT('Ctrl Pts',(-0.307496187187848,-27.5490002783622,
52.));
#3305=CARTESIAN_POINT('Ctrl Pts',(-0.307496187187848,-27.5490002783622,
51.6));
#3306=CARTESIAN_POINT('',(-1.38866960714024,-26.7099826487387,52.));
#3307=CARTESIAN_POINT('Ctrl Pts',(-1.38866960714024,-26.7099826487387,52.));
#3308=CARTESIAN_POINT('Ctrl Pts',(-1.18378894259074,-26.8363486346683,52.));
#3309=CARTESIAN_POINT('Ctrl Pts',(-0.79312734678556,-27.0773003019587,52.));
#3310=CARTESIAN_POINT('Ctrl Pts',(-0.464009637950845,-27.3969766909694,
52.));
#3311=CARTESIAN_POINT('Ctrl Pts',(-0.307496187187848,-27.5490002783622,
52.));
#3312=CARTESIAN_POINT('',(-1.38866960714024,-26.7099826487387,51.6));
#3313=CARTESIAN_POINT('',(-1.38866960714024,-26.7099826487387,52.));
#3314=CARTESIAN_POINT('Ctrl Pts',(-1.38866960714024,-26.7099826487387,51.6));
#3315=CARTESIAN_POINT('Ctrl Pts',(-1.18378894259074,-26.8363486346683,51.6));
#3316=CARTESIAN_POINT('Ctrl Pts',(-0.79312734678556,-27.0773003019587,51.6));
#3317=CARTESIAN_POINT('Ctrl Pts',(-0.464009637950845,-27.3969766909694,
51.6));
#3318=CARTESIAN_POINT('Ctrl Pts',(-0.307496187187848,-27.5490002783622,
51.6));
#3319=CARTESIAN_POINT('Ctrl Pts',(0.589502456687274,-25.7856987866248,52.));
#3320=CARTESIAN_POINT('Ctrl Pts',(0.589502456687274,-25.7856987866248,51.6));
#3321=CARTESIAN_POINT('Ctrl Pts',(0.326259422201045,-26.0094465843334,52.));
#3322=CARTESIAN_POINT('Ctrl Pts',(0.326259422201045,-26.0094465843334,51.6));
#3323=CARTESIAN_POINT('Ctrl Pts',(-0.246488106668519,-26.4962628774131,
52.));
#3324=CARTESIAN_POINT('Ctrl Pts',(-0.246488106668519,-26.4962628774131,
51.6));
#3325=CARTESIAN_POINT('Ctrl Pts',(-0.987978763163377,-26.6350072131257,
52.));
#3326=CARTESIAN_POINT('Ctrl Pts',(-0.987978763163377,-26.6350072131257,
51.6));
#3327=CARTESIAN_POINT('Ctrl Pts',(-1.38866960714024,-26.7099826487387,52.));
#3328=CARTESIAN_POINT('Ctrl Pts',(-1.38866960714024,-26.7099826487387,51.6));
#3329=CARTESIAN_POINT('',(0.589502456687274,-25.7856987866248,52.));
#3330=CARTESIAN_POINT('Ctrl Pts',(0.589502456687274,-25.7856987866248,52.));
#3331=CARTESIAN_POINT('Ctrl Pts',(0.326259422201045,-26.0094465843334,52.));
#3332=CARTESIAN_POINT('Ctrl Pts',(-0.246488106668519,-26.4962628774131,
52.));
#3333=CARTESIAN_POINT('Ctrl Pts',(-0.987978763163377,-26.6350072131257,
52.));
#3334=CARTESIAN_POINT('Ctrl Pts',(-1.38866960714024,-26.7099826487387,52.));
#3335=CARTESIAN_POINT('',(0.589502456687274,-25.7856987866248,51.6));
#3336=CARTESIAN_POINT('',(0.589502456687274,-25.7856987866248,52.));
#3337=CARTESIAN_POINT('Ctrl Pts',(0.589502456687274,-25.7856987866248,51.6));
#3338=CARTESIAN_POINT('Ctrl Pts',(0.326259422201045,-26.0094465843334,51.6));
#3339=CARTESIAN_POINT('Ctrl Pts',(-0.246488106668519,-26.4962628774131,
51.6));
#3340=CARTESIAN_POINT('Ctrl Pts',(-0.987978763163377,-26.6350072131257,
51.6));
#3341=CARTESIAN_POINT('Ctrl Pts',(-1.38866960714024,-26.7099826487387,51.6));
#3342=CARTESIAN_POINT('Ctrl Pts',(1.25116646578151,-23.9268993290747,52.));
#3343=CARTESIAN_POINT('Ctrl Pts',(1.25116646578151,-23.9268993290747,51.6));
#3344=CARTESIAN_POINT('Ctrl Pts',(1.22780024276745,-24.2809425319463,52.));
#3345=CARTESIAN_POINT('Ctrl Pts',(1.22780024276745,-24.2809425319463,51.6));
#3346=CARTESIAN_POINT('Ctrl Pts',(1.18269551001704,-24.964365952069,52.));
#3347=CARTESIAN_POINT('Ctrl Pts',(1.18269551001704,-24.964365952069,51.6));
#3348=CARTESIAN_POINT('Ctrl Pts',(0.782418486574619,-25.5185879889356,52.));
#3349=CARTESIAN_POINT('Ctrl Pts',(0.782418486574619,-25.5185879889356,51.6));
#3350=CARTESIAN_POINT('Ctrl Pts',(0.589502456687274,-25.7856987866248,52.));
#3351=CARTESIAN_POINT('Ctrl Pts',(0.589502456687274,-25.7856987866248,51.6));
#3352=CARTESIAN_POINT('',(1.25116646578151,-23.9268993290747,52.));
#3353=CARTESIAN_POINT('Ctrl Pts',(1.25116646578151,-23.9268993290747,52.));
#3354=CARTESIAN_POINT('Ctrl Pts',(1.22780024276745,-24.2809425319463,52.));
#3355=CARTESIAN_POINT('Ctrl Pts',(1.18269551001704,-24.964365952069,52.));
#3356=CARTESIAN_POINT('Ctrl Pts',(0.782418486574619,-25.5185879889356,52.));
#3357=CARTESIAN_POINT('Ctrl Pts',(0.589502456687274,-25.7856987866248,52.));
#3358=CARTESIAN_POINT('',(1.25116646578151,-23.9268993290747,51.6));
#3359=CARTESIAN_POINT('',(1.25116646578151,-23.9268993290747,52.));
#3360=CARTESIAN_POINT('Ctrl Pts',(1.25116646578151,-23.9268993290747,51.6));
#3361=CARTESIAN_POINT('Ctrl Pts',(1.22780024276745,-24.2809425319463,51.6));
#3362=CARTESIAN_POINT('Ctrl Pts',(1.18269551001704,-24.964365952069,51.6));
#3363=CARTESIAN_POINT('Ctrl Pts',(0.782418486574619,-25.5185879889356,51.6));
#3364=CARTESIAN_POINT('Ctrl Pts',(0.589502456687274,-25.7856987866248,51.6));
#3365=CARTESIAN_POINT('Ctrl Pts',(0.814604762099567,-22.3511831911887,52.));
#3366=CARTESIAN_POINT('Ctrl Pts',(0.814604762099567,-22.3511831911887,51.6));
#3367=CARTESIAN_POINT('Ctrl Pts',(0.941917813698914,-22.5922200165322,52.));
#3368=CARTESIAN_POINT('Ctrl Pts',(0.941917813698914,-22.5922200165322,51.6));
#3369=CARTESIAN_POINT('Ctrl Pts',(1.20232129772051,-23.0852317565577,52.));
#3370=CARTESIAN_POINT('Ctrl Pts',(1.20232129772051,-23.0852317565577,51.6));
#3371=CARTESIAN_POINT('Ctrl Pts',(1.23464569057429,-23.6422242769305,52.));
#3372=CARTESIAN_POINT('Ctrl Pts',(1.23464569057429,-23.6422242769305,51.6));
#3373=CARTESIAN_POINT('Ctrl Pts',(1.25116646578151,-23.9268993290747,52.));
#3374=CARTESIAN_POINT('Ctrl Pts',(1.25116646578151,-23.9268993290747,51.6));
#3375=CARTESIAN_POINT('',(0.814604762099567,-22.3511831911887,52.));
#3376=CARTESIAN_POINT('Ctrl Pts',(0.814604762099567,-22.3511831911887,52.));
#3377=CARTESIAN_POINT('Ctrl Pts',(0.941917813698914,-22.5922200165322,52.));
#3378=CARTESIAN_POINT('Ctrl Pts',(1.20232129772051,-23.0852317565577,52.));
#3379=CARTESIAN_POINT('Ctrl Pts',(1.23464569057429,-23.6422242769305,52.));
#3380=CARTESIAN_POINT('Ctrl Pts',(1.25116646578151,-23.9268993290747,52.));
#3381=CARTESIAN_POINT('',(0.814604762099567,-22.3511831911887,51.6));
#3382=CARTESIAN_POINT('',(0.814604762099567,-22.3511831911887,52.));
#3383=CARTESIAN_POINT('Ctrl Pts',(0.814604762099567,-22.3511831911887,51.6));
#3384=CARTESIAN_POINT('Ctrl Pts',(0.941917813698914,-22.5922200165322,51.6));
#3385=CARTESIAN_POINT('Ctrl Pts',(1.20232129772051,-23.0852317565577,51.6));
#3386=CARTESIAN_POINT('Ctrl Pts',(1.23464569057429,-23.6422242769305,51.6));
#3387=CARTESIAN_POINT('Ctrl Pts',(1.25116646578151,-23.9268993290747,51.6));
#3388=CARTESIAN_POINT('Ctrl Pts',(-0.348424312569318,-21.3927929552878,
52.));
#3389=CARTESIAN_POINT('Ctrl Pts',(-0.348424312569318,-21.3927929552878,
51.6));
#3390=CARTESIAN_POINT('Ctrl Pts',(-0.117369539065766,-21.5016439394743,
52.));
#3391=CARTESIAN_POINT('Ctrl Pts',(-0.117369539065766,-21.5016439394743,
51.6));
#3392=CARTESIAN_POINT('Ctrl Pts',(0.351248841658205,-21.7224122498458,52.));
#3393=CARTESIAN_POINT('Ctrl Pts',(0.351248841658205,-21.7224122498458,51.6));
#3394=CARTESIAN_POINT('Ctrl Pts',(0.658729214767347,-22.139661097039,52.));
#3395=CARTESIAN_POINT('Ctrl Pts',(0.658729214767347,-22.139661097039,51.6));
#3396=CARTESIAN_POINT('Ctrl Pts',(0.814604762099567,-22.3511831911887,52.));
#3397=CARTESIAN_POINT('Ctrl Pts',(0.814604762099567,-22.3511831911887,51.6));
#3398=CARTESIAN_POINT('',(-0.348424312569318,-21.3927929552878,52.));
#3399=CARTESIAN_POINT('Ctrl Pts',(-0.348424312569318,-21.3927929552878,
52.));
#3400=CARTESIAN_POINT('Ctrl Pts',(-0.117369539065766,-21.5016439394743,
52.));
#3401=CARTESIAN_POINT('Ctrl Pts',(0.351248841658205,-21.7224122498458,52.));
#3402=CARTESIAN_POINT('Ctrl Pts',(0.658729214767347,-22.139661097039,52.));
#3403=CARTESIAN_POINT('Ctrl Pts',(0.814604762099567,-22.3511831911887,52.));
#3404=CARTESIAN_POINT('',(-0.348424312569318,-21.3927929552878,51.6));
#3405=CARTESIAN_POINT('',(-0.348424312569318,-21.3927929552878,52.));
#3406=CARTESIAN_POINT('Ctrl Pts',(-0.348424312569318,-21.3927929552878,
51.6));
#3407=CARTESIAN_POINT('Ctrl Pts',(-0.117369539065766,-21.5016439394743,
51.6));
#3408=CARTESIAN_POINT('Ctrl Pts',(0.351248841658205,-21.7224122498458,51.6));
#3409=CARTESIAN_POINT('Ctrl Pts',(0.658729214767347,-22.139661097039,51.6));
#3410=CARTESIAN_POINT('Ctrl Pts',(0.814604762099567,-22.3511831911887,51.6));
#3411=CARTESIAN_POINT('Ctrl Pts',(-2.67789244363469,-21.1233525427665,52.));
#3412=CARTESIAN_POINT('Ctrl Pts',(-2.67789244363469,-21.1233525427665,51.6));
#3413=CARTESIAN_POINT('Ctrl Pts',(-2.21376085838086,-21.1239954523058,52.));
#3414=CARTESIAN_POINT('Ctrl Pts',(-2.21376085838086,-21.1239954523058,51.6));
#3415=CARTESIAN_POINT('Ctrl Pts',(-1.42570941088861,-21.1250870517771,52.));
#3416=CARTESIAN_POINT('Ctrl Pts',(-1.42570941088861,-21.1250870517771,51.6));
#3417=CARTESIAN_POINT('Ctrl Pts',(-0.66223999970571,-21.3148095949018,52.));
#3418=CARTESIAN_POINT('Ctrl Pts',(-0.66223999970571,-21.3148095949018,51.6));
#3419=CARTESIAN_POINT('Ctrl Pts',(-0.348424312569318,-21.3927929552878,
52.));
#3420=CARTESIAN_POINT('Ctrl Pts',(-0.348424312569318,-21.3927929552878,
51.6));
#3421=CARTESIAN_POINT('',(-2.67789244363469,-21.1233525427665,52.));
#3422=CARTESIAN_POINT('Ctrl Pts',(-2.67789244363469,-21.1233525427665,52.));
#3423=CARTESIAN_POINT('Ctrl Pts',(-2.21376085838086,-21.1239954523058,52.));
#3424=CARTESIAN_POINT('Ctrl Pts',(-1.42570941088861,-21.1250870517771,52.));
#3425=CARTESIAN_POINT('Ctrl Pts',(-0.66223999970571,-21.3148095949018,52.));
#3426=CARTESIAN_POINT('Ctrl Pts',(-0.348424312569318,-21.3927929552878,
52.));
#3427=CARTESIAN_POINT('',(-2.67789244363469,-21.1233525427665,51.6));
#3428=CARTESIAN_POINT('',(-2.67789244363469,-21.1233525427665,52.));
#3429=CARTESIAN_POINT('Ctrl Pts',(-2.67789244363469,-21.1233525427665,51.6));
#3430=CARTESIAN_POINT('Ctrl Pts',(-2.21376085838086,-21.1239954523058,51.6));
#3431=CARTESIAN_POINT('Ctrl Pts',(-1.42570941088861,-21.1250870517771,51.6));
#3432=CARTESIAN_POINT('Ctrl Pts',(-0.66223999970571,-21.3148095949018,51.6));
#3433=CARTESIAN_POINT('Ctrl Pts',(-0.348424312569318,-21.3927929552878,
51.6));
#3434=CARTESIAN_POINT('Origin',(-6.92755110273522,-21.1233525427665,52.));
#3435=CARTESIAN_POINT('',(-6.92755110273522,-21.1233525427665,52.));
#3436=CARTESIAN_POINT('',(0.786224448632394,-21.1233525427665,52.));
#3437=CARTESIAN_POINT('',(-6.92755110273522,-21.1233525427665,51.6));
#3438=CARTESIAN_POINT('',(-6.92755110273522,-21.1233525427665,52.));
#3439=CARTESIAN_POINT('',(-6.92755110273522,-21.1233525427665,51.6));
#3440=CARTESIAN_POINT('Origin',(-6.92755110273522,-31.1233525427665,52.));
#3441=CARTESIAN_POINT('',(-6.92755110273522,-31.1233525427665,52.));
#3442=CARTESIAN_POINT('',(-6.92755110273522,-24.8116762713832,52.));
#3443=CARTESIAN_POINT('',(-6.92755110273522,-31.1233525427665,51.6));
#3444=CARTESIAN_POINT('',(-6.92755110273522,-31.1233525427665,52.));
#3445=CARTESIAN_POINT('',(-6.92755110273522,-31.1233525427665,51.6));
#3446=CARTESIAN_POINT('Origin',(-4.90845143506688,-31.1233525427665,52.));
#3447=CARTESIAN_POINT('',(1.79577428246657,-31.1233525427665,52.));
#3448=CARTESIAN_POINT('',(-4.90845143506688,-31.1233525427665,51.6));
#3449=CARTESIAN_POINT('Origin',(1.14543672939378,-26.1881553086127,51.6));
#3450=CARTESIAN_POINT('Origin',(8.50000000000001,-18.5,52.));
#3451=CARTESIAN_POINT('',(-16.5,-47.,52.));
#3452=CARTESIAN_POINT('',(-12.,-51.5,52.));
#3453=CARTESIAN_POINT('Origin',(-12.,-47.,52.));
#3454=CARTESIAN_POINT('',(27.,-51.5,52.));
#3455=CARTESIAN_POINT('',(20.,-51.5,52.));
#3456=CARTESIAN_POINT('',(31.5,-47.,52.));
#3457=CARTESIAN_POINT('Origin',(27.,-47.,52.));
#3458=CARTESIAN_POINT('',(31.5,12.,52.));
#3459=CARTESIAN_POINT('',(31.5,-1.00000000000001,52.));
#3460=CARTESIAN_POINT('',(27.,16.5,52.));
#3461=CARTESIAN_POINT('Origin',(27.,12.,52.));
#3462=CARTESIAN_POINT('',(-12.,16.5,52.));
#3463=CARTESIAN_POINT('',(-3.99999999999999,16.5,52.));
#3464=CARTESIAN_POINT('',(-16.5,12.,52.));
#3465=CARTESIAN_POINT('Origin',(-12.,12.,52.));
#3466=CARTESIAN_POINT('',(-16.5,-35.,52.));
#3467=CARTESIAN_POINT('',(17.25,-0.631009618836935,52.));
#3468=CARTESIAN_POINT('',(20.75,-0.631009618836935,52.));
#3469=CARTESIAN_POINT('Origin',(19.,-9.00000000000001,52.));
#3470=CARTESIAN_POINT('',(20.4429824561404,-2.09925354535677,52.));
#3471=CARTESIAN_POINT('',(18.703420949442,-10.4183241264998,52.));
#3472=CARTESIAN_POINT('',(17.5570175438597,-2.09925354535677,52.));
#3473=CARTESIAN_POINT('Origin',(19.,-9.00000000000001,52.));
#3474=CARTESIAN_POINT('',(19.010208885379,-9.04882175059384,52.));
#3475=CARTESIAN_POINT('',(15.25,-9.00000000000001,52.));
#3476=CARTESIAN_POINT('Origin',(19.,-9.00000000000001,52.));
#3477=CARTESIAN_POINT('Origin',(8.50000000000001,-18.5,52.));
#3478=CARTESIAN_POINT('Origin',(19.,-9.00000000000001,52.));
#3479=CARTESIAN_POINT('',(17.5570175438597,-2.09925354535677,50.));
#3480=CARTESIAN_POINT('',(20.4429824561404,-2.09925354535677,50.));
#3481=CARTESIAN_POINT('Origin',(19.,-9.00000000000001,50.));
#3482=CARTESIAN_POINT('',(17.5570175438597,-2.09925354535677,52.));
#3483=CARTESIAN_POINT('',(20.4429824561404,-2.09925354535677,52.));
#3484=CARTESIAN_POINT('Origin',(20.75,-0.631009618836936,52.));
#3485=CARTESIAN_POINT('',(20.75,-0.631009618836935,50.));
#3486=CARTESIAN_POINT('',(18.703420949442,-10.4183241264998,50.));
#3487=CARTESIAN_POINT('',(20.75,-0.631009618836935,52.));
#3488=CARTESIAN_POINT('Origin',(19.,-9.00000000000001,52.));
#3489=CARTESIAN_POINT('',(17.25,-0.631009618836935,50.));
#3490=CARTESIAN_POINT('Origin',(19.,-9.00000000000001,50.));
#3491=CARTESIAN_POINT('',(17.25,-0.631009618836935,52.));
#3492=CARTESIAN_POINT('Origin',(17.5570175438597,-2.09925354535677,52.));
#3493=CARTESIAN_POINT('',(19.010208885379,-9.04882175059384,50.));
#3494=CARTESIAN_POINT('Origin',(19.,-9.00000000000001,52.));
#3495=CARTESIAN_POINT('',(15.25,-9.00000000000001,50.));
#3496=CARTESIAN_POINT('',(15.25,-9.00000000000001,52.));
#3497=CARTESIAN_POINT('Origin',(19.,-9.00000000000001,50.));
#3498=CARTESIAN_POINT('Origin',(-17.5,0.249999999999994,55.5));
#3499=CARTESIAN_POINT('',(-18.,-49.,55.));
#3500=CARTESIAN_POINT('',(-17.,-49.,56.));
#3501=CARTESIAN_POINT('',(-18.,-49.,55.));
#3502=CARTESIAN_POINT('',(-17.,14.,56.));
#3503=CARTESIAN_POINT('',(-17.,0.249999999999994,56.));
#3504=CARTESIAN_POINT('',(-18.,14.,55.));
#3505=CARTESIAN_POINT('',(-17.,14.,56.));
#3506=CARTESIAN_POINT('',(-18.,0.249999999999994,55.));
#3507=CARTESIAN_POINT('Origin',(-14.,-49.,55.5));
#3508=CARTESIAN_POINT('',(-14.,-53.,55.));
#3509=CARTESIAN_POINT('Origin',(-14.,-49.,55.));
#3510=CARTESIAN_POINT('',(-14.,-52.,56.));
#3511=CARTESIAN_POINT('',(-14.,-53.,55.));
#3512=CARTESIAN_POINT('Origin',(-14.,-49.,56.));
#3513=CARTESIAN_POINT('Origin',(-5.25,-52.5,55.5));
#3514=CARTESIAN_POINT('',(29.,-53.,55.));
#3515=CARTESIAN_POINT('',(29.,-52.,56.));
#3516=CARTESIAN_POINT('',(29.,-53.,55.));
#3517=CARTESIAN_POINT('',(-5.25,-52.,56.));
#3518=CARTESIAN_POINT('',(-5.25,-53.,55.));
#3519=CARTESIAN_POINT('Origin',(29.,-49.,55.5));
#3520=CARTESIAN_POINT('',(33.,-49.,55.));
#3521=CARTESIAN_POINT('Origin',(29.,-49.,55.));
#3522=CARTESIAN_POINT('',(32.,-49.,56.));
#3523=CARTESIAN_POINT('',(33.,-49.,55.));
#3524=CARTESIAN_POINT('Origin',(29.,-49.,56.));
#3525=CARTESIAN_POINT('Origin',(32.5,-35.25,55.5));
#3526=CARTESIAN_POINT('',(33.,14.,55.));
#3527=CARTESIAN_POINT('',(32.,14.,56.));
#3528=CARTESIAN_POINT('',(33.,14.,55.));
#3529=CARTESIAN_POINT('',(32.,-35.25,56.));
#3530=CARTESIAN_POINT('',(33.,-35.25,55.));
#3531=CARTESIAN_POINT('Origin',(29.,14.,55.5));
#3532=CARTESIAN_POINT('',(29.,18.,55.));
#3533=CARTESIAN_POINT('Origin',(29.,14.,55.));
#3534=CARTESIAN_POINT('',(29.,17.,56.));
#3535=CARTESIAN_POINT('',(29.,18.,55.));
#3536=CARTESIAN_POINT('Origin',(29.,14.,56.));
#3537=CARTESIAN_POINT('Origin',(20.25,17.5,55.5));
#3538=CARTESIAN_POINT('',(-14.,18.,55.));
#3539=CARTESIAN_POINT('',(-14.,17.,56.));
#3540=CARTESIAN_POINT('',(-14.,18.,55.));
#3541=CARTESIAN_POINT('',(20.25,17.,56.));
#3542=CARTESIAN_POINT('',(20.25,18.,55.));
#3543=CARTESIAN_POINT('Origin',(-14.,14.,55.5));
#3544=CARTESIAN_POINT('Origin',(-14.,14.,55.));
#3545=CARTESIAN_POINT('Origin',(-14.,14.,56.));
#3546=CARTESIAN_POINT('Origin',(29.,-49.,52.));
#3547=CARTESIAN_POINT('',(29.,-53.,52.));
#3548=CARTESIAN_POINT('',(29.,-53.,52.));
#3549=CARTESIAN_POINT('',(33.,-49.,52.));
#3550=CARTESIAN_POINT('Origin',(29.,-49.,52.));
#3551=CARTESIAN_POINT('',(33.,-49.,52.));
#3552=CARTESIAN_POINT('Origin',(-18.,-53.,52.));
#3553=CARTESIAN_POINT('',(-14.,-53.,52.));
#3554=CARTESIAN_POINT('',(-14.,-53.,52.));
#3555=CARTESIAN_POINT('',(-4.75,-53.,52.));
#3556=CARTESIAN_POINT('Origin',(-14.,-49.,52.));
#3557=CARTESIAN_POINT('',(-18.,-49.,52.));
#3558=CARTESIAN_POINT('',(-18.,-49.,52.));
#3559=CARTESIAN_POINT('Origin',(-14.,-49.,52.));
#3560=CARTESIAN_POINT('Origin',(-18.,18.,52.));
#3561=CARTESIAN_POINT('',(-18.,14.,52.));
#3562=CARTESIAN_POINT('',(-18.,14.,52.));
#3563=CARTESIAN_POINT('',(-18.,-0.250000000000007,52.));
#3564=CARTESIAN_POINT('Origin',(7.5,-17.5,56.));
#3565=CARTESIAN_POINT('',(31.5,12.,56.));
#3566=CARTESIAN_POINT('',(31.5,-47.,56.));
#3567=CARTESIAN_POINT('',(31.5,-6.5,56.));
#3568=CARTESIAN_POINT('',(27.,-51.5,56.));
#3569=CARTESIAN_POINT('Origin',(27.,-47.,56.));
#3570=CARTESIAN_POINT('',(-12.,-51.5,56.));
#3571=CARTESIAN_POINT('',(-16.5,-51.5,56.));
#3572=CARTESIAN_POINT('',(-16.5,-47.,56.));
#3573=CARTESIAN_POINT('Origin',(-12.,-47.,56.));
#3574=CARTESIAN_POINT('',(-16.5,12.,56.));
#3575=CARTESIAN_POINT('',(-16.5,16.5,56.));
#3576=CARTESIAN_POINT('',(-12.,16.5,56.));
#3577=CARTESIAN_POINT('Origin',(-12.,12.,56.));
#3578=CARTESIAN_POINT('',(27.,16.5,56.));
#3579=CARTESIAN_POINT('',(31.5,16.5,56.));
#3580=CARTESIAN_POINT('Origin',(27.,12.,56.));
#3581=CARTESIAN_POINT('Origin',(-12.,-47.,52.));
#3582=CARTESIAN_POINT('',(-16.5,-47.,52.));
#3583=CARTESIAN_POINT('',(-12.,-51.5,52.));
#3584=CARTESIAN_POINT('Origin',(31.5,-51.5,52.));
#3585=CARTESIAN_POINT('',(27.,-51.5,52.));
#3586=CARTESIAN_POINT('Origin',(-12.,12.,52.));
#3587=CARTESIAN_POINT('',(-12.,16.5,52.));
#3588=CARTESIAN_POINT('',(-16.5,12.,52.));
#3589=CARTESIAN_POINT('Origin',(-16.5,-51.5,52.));
#3590=CARTESIAN_POINT('Origin',(27.,12.,52.));
#3591=CARTESIAN_POINT('',(31.5,12.,52.));
#3592=CARTESIAN_POINT('',(27.,16.5,52.));
#3593=CARTESIAN_POINT('Origin',(-16.5,16.5,52.));
#3594=CARTESIAN_POINT('Origin',(27.,-47.,52.));
#3595=CARTESIAN_POINT('',(31.5,-47.,52.));
#3596=CARTESIAN_POINT('Origin',(31.5,16.5,52.));
#3597=CARTESIAN_POINT('Origin',(-14.,14.,52.));
#3598=CARTESIAN_POINT('',(-14.,18.,52.));
#3599=CARTESIAN_POINT('',(-14.,18.,52.));
#3600=CARTESIAN_POINT('Origin',(-14.,14.,52.));
#3601=CARTESIAN_POINT('Origin',(33.,18.,52.));
#3602=CARTESIAN_POINT('',(29.,18.,52.));
#3603=CARTESIAN_POINT('',(29.,18.,52.));
#3604=CARTESIAN_POINT('',(20.75,18.,52.));
#3605=CARTESIAN_POINT('Origin',(29.,14.,52.));
#3606=CARTESIAN_POINT('',(33.,14.,52.));
#3607=CARTESIAN_POINT('',(33.,14.,52.));
#3608=CARTESIAN_POINT('Origin',(29.,14.,52.));
#3609=CARTESIAN_POINT('Origin',(33.,-53.,52.));
#3610=CARTESIAN_POINT('',(33.,-35.75,52.));
#3611=CARTESIAN_POINT('Origin',(8.50000000000001,-18.5,52.));
#3612=CARTESIAN_POINT('',(31.5,-55.,52.));
#3613=CARTESIAN_POINT('',(13.2,-55.,52.));
#3614=CARTESIAN_POINT('',(18.375,-55.,52.));
#3615=CARTESIAN_POINT('',(31.5,-62.,52.));
#3616=CARTESIAN_POINT('',(31.5,-40.25,52.));
#3617=CARTESIAN_POINT('',(40.,-62.,52.));
#3618=CARTESIAN_POINT('',(-3.75,-62.,52.));
#3619=CARTESIAN_POINT('',(44.,-58.,52.));
#3620=CARTESIAN_POINT('Origin',(40.,-58.,52.));
#3621=CARTESIAN_POINT('',(44.,16.,52.));
#3622=CARTESIAN_POINT('',(44.,-35.75,52.));
#3623=CARTESIAN_POINT('',(40.,20.,52.));
#3624=CARTESIAN_POINT('Origin',(40.,16.,52.));
#3625=CARTESIAN_POINT('',(-19.,20.,52.));
#3626=CARTESIAN_POINT('',(-19.,20.,52.));
#3627=CARTESIAN_POINT('',(-20.,19.,52.));
#3628=CARTESIAN_POINT('Origin',(-19.,19.,52.));
#3629=CARTESIAN_POINT('',(-20.,-58.,52.));
#3630=CARTESIAN_POINT('',(-20.,-53.,52.));
#3631=CARTESIAN_POINT('',(-16.,-62.,52.));
#3632=CARTESIAN_POINT('Origin',(-16.,-58.,52.));
#3633=CARTESIAN_POINT('',(13.2,-62.,52.));
#3634=CARTESIAN_POINT('',(-3.75,-62.,52.));
#3635=CARTESIAN_POINT('',(13.2,-40.25,52.));
#3636=CARTESIAN_POINT('',(37.35,15.,52.));
#3637=CARTESIAN_POINT('Origin',(39.,15.,52.));
#3638=CARTESIAN_POINT('',(-16.65,-57.,52.));
#3639=CARTESIAN_POINT('Origin',(-15.,-57.,52.));
#3640=CARTESIAN_POINT('',(37.35,-57.,52.));
#3641=CARTESIAN_POINT('Origin',(39.,-57.,52.));
#3642=CARTESIAN_POINT('',(6.44999999999999,-58.5,52.));
#3643=CARTESIAN_POINT('Origin',(8.09999999999999,-58.5,52.));
#3644=CARTESIAN_POINT('Origin',(8.09999999999999,-58.5,52.));
#3645=CARTESIAN_POINT('',(6.44999999999999,-58.5,50.));
#3646=CARTESIAN_POINT('Origin',(8.09999999999999,-58.5,50.));
#3647=CARTESIAN_POINT('',(6.44999999999999,-58.5,52.));
#3648=CARTESIAN_POINT('Origin',(-5.24999999999999,19.5,50.5));
#3649=CARTESIAN_POINT('',(40.,20.,51.));
#3650=CARTESIAN_POINT('',(40.,19.,50.));
#3651=CARTESIAN_POINT('',(40.,20.,51.));
#3652=CARTESIAN_POINT('',(-19.,19.,50.));
#3653=CARTESIAN_POINT('',(-5.24999999999999,19.,50.));
#3654=CARTESIAN_POINT('',(-19.,20.,51.));
#3655=CARTESIAN_POINT('',(-19.,19.,50.));
#3656=CARTESIAN_POINT('',(-5.24999999999999,20.,51.));
#3657=CARTESIAN_POINT('Origin',(43.5,-1.25000000000002,50.5));
#3658=CARTESIAN_POINT('',(44.,-58.,51.));
#3659=CARTESIAN_POINT('',(43.,-58.,50.));
#3660=CARTESIAN_POINT('',(44.,-58.,51.));
#3661=CARTESIAN_POINT('',(43.,16.,50.));
#3662=CARTESIAN_POINT('',(43.,-1.25000000000002,50.));
#3663=CARTESIAN_POINT('',(44.,16.,51.));
#3664=CARTESIAN_POINT('',(43.,16.,50.));
#3665=CARTESIAN_POINT('',(44.,-1.25000000000002,51.));
#3666=CARTESIAN_POINT('Origin',(40.,-58.,50.5));
#3667=CARTESIAN_POINT('',(40.,-62.,51.));
#3668=CARTESIAN_POINT('',(40.,-61.,50.));
#3669=CARTESIAN_POINT('',(40.,-62.,51.));
#3670=CARTESIAN_POINT('Origin',(40.,-58.,50.));
#3671=CARTESIAN_POINT('Origin',(40.,-58.,51.));
#3672=CARTESIAN_POINT('Origin',(24.25,-61.5,50.5));
#3673=CARTESIAN_POINT('',(-16.,-62.,51.));
#3674=CARTESIAN_POINT('',(-16.,-61.,50.));
#3675=CARTESIAN_POINT('',(-16.,-62.,51.));
#3676=CARTESIAN_POINT('',(24.25,-61.,50.));
#3677=CARTESIAN_POINT('',(24.25,-62.,51.));
#3678=CARTESIAN_POINT('Origin',(-16.,-58.,50.5));
#3679=CARTESIAN_POINT('',(-20.,-58.,51.));
#3680=CARTESIAN_POINT('',(-19.,-58.,50.));
#3681=CARTESIAN_POINT('',(-20.,-58.,51.));
#3682=CARTESIAN_POINT('Origin',(-16.,-58.,50.));
#3683=CARTESIAN_POINT('Origin',(-16.,-58.,51.));
#3684=CARTESIAN_POINT('Origin',(-19.5,-38.25,50.5));
#3685=CARTESIAN_POINT('',(-20.,19.,51.));
#3686=CARTESIAN_POINT('',(-20.,19.,51.));
#3687=CARTESIAN_POINT('',(-19.,-38.25,50.));
#3688=CARTESIAN_POINT('',(-20.,-38.25,51.));
#3689=CARTESIAN_POINT('Origin',(40.,16.,50.5));
#3690=CARTESIAN_POINT('Origin',(40.,16.,50.));
#3691=CARTESIAN_POINT('Origin',(40.,16.,51.));
#3692=CARTESIAN_POINT('Origin',(-19.,19.,51.));
#3693=CARTESIAN_POINT('Origin',(-19.,19.,51.));
#3694=CARTESIAN_POINT('Origin',(-16.,-58.,52.));
#3695=CARTESIAN_POINT('',(-16.,-62.,52.));
#3696=CARTESIAN_POINT('',(-20.,-58.,52.));
#3697=CARTESIAN_POINT('Origin',(40.,-62.,52.));
#3698=CARTESIAN_POINT('',(40.,-62.,52.));
#3699=CARTESIAN_POINT('',(31.5,-62.,66.35));
#3700=CARTESIAN_POINT('',(31.5,-62.,52.));
#3701=CARTESIAN_POINT('',(27.5,-62.,66.35));
#3702=CARTESIAN_POINT('',(31.5,-62.,66.35));
#3703=CARTESIAN_POINT('',(17.2,-62.,66.35));
#3704=CARTESIAN_POINT('Origin',(22.35,-62.,66.35));
#3705=CARTESIAN_POINT('',(13.2,-62.,66.35));
#3706=CARTESIAN_POINT('',(17.2,-62.,66.35));
#3707=CARTESIAN_POINT('',(13.2,-62.,66.35));
#3708=CARTESIAN_POINT('Origin',(40.,-58.,52.));
#3709=CARTESIAN_POINT('',(44.,-58.,52.));
#3710=CARTESIAN_POINT('Origin',(44.,16.,52.));
#3711=CARTESIAN_POINT('',(44.,16.,52.));
#3712=CARTESIAN_POINT('Origin',(8.50000000000001,-18.5,50.));
#3713=CARTESIAN_POINT('',(37.35,-57.,50.));
#3714=CARTESIAN_POINT('Origin',(39.,-57.,50.));
#3715=CARTESIAN_POINT('',(-16.65,-57.,50.));
#3716=CARTESIAN_POINT('Origin',(-15.,-57.,50.));
#3717=CARTESIAN_POINT('',(37.35,15.,50.));
#3718=CARTESIAN_POINT('Origin',(39.,15.,50.));
#3719=CARTESIAN_POINT('Origin',(27.5,-55.,52.));
#3720=CARTESIAN_POINT('',(13.2,-55.,66.35));
#3721=CARTESIAN_POINT('',(13.2,-55.,66.35));
#3722=CARTESIAN_POINT('',(17.2,-55.,66.35));
#3723=CARTESIAN_POINT('',(17.2,-55.,66.35));
#3724=CARTESIAN_POINT('',(27.5,-55.,66.35));
#3725=CARTESIAN_POINT('Origin',(22.35,-55.,66.35));
#3726=CARTESIAN_POINT('',(31.5,-55.,66.35));
#3727=CARTESIAN_POINT('',(31.5,-55.,66.35));
#3728=CARTESIAN_POINT('',(31.5,-55.,52.));
#3729=CARTESIAN_POINT('Origin',(22.35,-62.,66.35));
#3730=CARTESIAN_POINT('',(17.2,-62.,66.35));
#3731=CARTESIAN_POINT('',(27.5,-62.,66.35));
#3732=CARTESIAN_POINT('Origin',(31.5,-62.,66.35));
#3733=CARTESIAN_POINT('',(31.5,-62.,66.35));
#3734=CARTESIAN_POINT('Origin',(27.5,-62.,66.35));
#3735=CARTESIAN_POINT('Origin',(8.50000000000001,-18.5,52.));
#3736=CARTESIAN_POINT('Origin',(13.2,-62.,66.35));
#3737=CARTESIAN_POINT('',(13.2,-62.,66.35));
#3738=CARTESIAN_POINT('Origin',(13.2,-62.,52.));
#3739=CARTESIAN_POINT('Origin',(39.,-57.,52.));
#3740=CARTESIAN_POINT('',(37.35,-57.,52.));
#3741=CARTESIAN_POINT('Origin',(-15.,-57.,52.));
#3742=CARTESIAN_POINT('',(-16.65,-57.,52.));
#3743=CARTESIAN_POINT('Origin',(39.,15.,52.));
#3744=CARTESIAN_POINT('',(37.35,15.,52.));
#3745=CARTESIAN_POINT('Origin',(40.,16.,52.));
#3746=CARTESIAN_POINT('',(40.,20.,52.));
#3747=CARTESIAN_POINT('Origin',(-19.,20.,52.));
#3748=CARTESIAN_POINT('',(-19.,20.,52.));
#3749=CARTESIAN_POINT('Origin',(-19.,19.,52.));
#3750=CARTESIAN_POINT('',(-20.,19.,52.));
#3751=CARTESIAN_POINT('Origin',(-20.,-58.,52.));
#3752=UNCERTAINTY_MEASURE_WITH_UNIT(LENGTH_MEASURE(0.01),#3756,
'DISTANCE_ACCURACY_VALUE',
'Maximum model space distance between geometric entities at asserted c
onnectivities');
#3753=UNCERTAINTY_MEASURE_WITH_UNIT(LENGTH_MEASURE(0.01),#3756,
'DISTANCE_ACCURACY_VALUE',
'Maximum model space distance between geometric entities at asserted c
onnectivities');
#3754=(
GEOMETRIC_REPRESENTATION_CONTEXT(3)
GLOBAL_UNCERTAINTY_ASSIGNED_CONTEXT((#3752))
GLOBAL_UNIT_ASSIGNED_CONTEXT((#3756,#3758,#3759))
REPRESENTATION_CONTEXT('','3D')
);
#3755=(
GEOMETRIC_REPRESENTATION_CONTEXT(3)
GLOBAL_UNCERTAINTY_ASSIGNED_CONTEXT((#3753))
GLOBAL_UNIT_ASSIGNED_CONTEXT((#3756,#3758,#3759))
REPRESENTATION_CONTEXT('','3D')
);
#3756=(
LENGTH_UNIT()
NAMED_UNIT(*)
SI_UNIT(.MILLI.,.METRE.)
);
#3757=(
LENGTH_UNIT()
NAMED_UNIT(*)
SI_UNIT($,.METRE.)
);
#3758=(
NAMED_UNIT(*)
PLANE_ANGLE_UNIT()
SI_UNIT($,.RADIAN.)
);
#3759=(
NAMED_UNIT(*)
SI_UNIT($,.STERADIAN.)
SOLID_ANGLE_UNIT()
);
#3760=SHAPE_DEFINITION_REPRESENTATION(#3761,#3762);
#3761=PRODUCT_DEFINITION_SHAPE('',$,#3764);
#3762=SHAPE_REPRESENTATION('',(#2017),#3754);
#3763=PRODUCT_DEFINITION_CONTEXT('part definition',#3768,'design');
#3764=PRODUCT_DEFINITION('MB01158401','40x40 Alu profile v10',#3765,#3763);
#3765=PRODUCT_DEFINITION_FORMATION('',$,#3770);
#3766=PRODUCT_RELATED_PRODUCT_CATEGORY('40x40 Alu profile v10',
'40x40 Alu profile v10',(#3770));
#3767=APPLICATION_PROTOCOL_DEFINITION('international standard',
'automotive_design',2009,#3768);
#3768=APPLICATION_CONTEXT(
'Core Data for Automotive Mechanical Design Process');
#3769=PRODUCT_CONTEXT('part definition',#3768,'mechanical');
#3770=PRODUCT('MB01158401','40x40 Alu profile v10',$,(#3769));
#3771=PRESENTATION_STYLE_ASSIGNMENT((#3773));
#3772=PRESENTATION_STYLE_ASSIGNMENT((#3774));
#3773=SURFACE_STYLE_USAGE(.BOTH.,#3775);
#3774=SURFACE_STYLE_USAGE(.BOTH.,#3776);
#3775=SURFACE_SIDE_STYLE('',(#3777));
#3776=SURFACE_SIDE_STYLE('',(#3778));
#3777=SURFACE_STYLE_FILL_AREA(#3779);
#3778=SURFACE_STYLE_FILL_AREA(#3780);
#3779=FILL_AREA_STYLE('Steel - Satin',(#3781));
#3780=FILL_AREA_STYLE('Opaque(216,214,214)',(#3782));
#3781=FILL_AREA_STYLE_COLOUR('Steel - Satin',#3783);
#3782=FILL_AREA_STYLE_COLOUR('Opaque(216,214,214)',#3784);
#3783=COLOUR_RGB('Steel - Satin',0.627450980392157,0.627450980392157,0.627450980392157);
#3784=COLOUR_RGB('Opaque(216,214,214)',0.847058823529412,0.83921568627451,
0.83921568627451);
ENDSEC;
END-ISO-10303-21;
